station_id,station_name,obs_date,rainfall_mm,data_quality_flag
23090,Kent Town,2023-06-06,0.0,measured
23090,Kent Town,2023-06-07,8.3,measured
23090,Kent Town,2023-06-08,15.2,measured
23090,Kent Town,2023-06-09,0.0,measured
23090,Kent Town,2023-06-10,0.0,measured
23090,Kent Town,2023-06-11,9.6,measured
23090,Kent Town,2023-06-12,9.2,measured
23090,Kent Town,2023-06-13,6.9,measured
23090,Kent Town,2023-06-14,14.2,measured
23090,Kent Town,2023-06-15,0.0,measured
23090,Kent Town,2023-06-16,13.4,measured
23090,Kent Town,2023-06-17,0.0,measured
23090,Kent Town,2023-06-18,27.2,measured
23090,Kent Town,2023-06-19,0.0,measured
23090,Kent Town,2023-06-20,6.6,measured
23090,Kent Town,2023-06-21,0.0,measured
23090,Kent Town,2023-06-22,6.4,measured
23090,Kent Town,2023-06-23,26.2,measured
23090,Kent Town,2023-06-24,0.0,measured
23090,Kent Town,2023-06-25,0.0,measured
23090,Kent Town,2023-06-26,0.0,measured
23090,Kent Town,2023-06-27,53.8,measured
23090,Kent Town,2023-06-28,10.1,measured
23090,Kent Town,2023-06-29,0.0,measured
23090,Kent Town,2023-06-30,0.0,measured
23090,Kent Town,2023-07-01,0.0,measured
23090,Kent Town,2023-07-02,0.0,measured
23090,Kent Town,2023-07-03,0.0,measured
23090,Kent Town,2023-07-04,9.7,measured
23090,Kent Town,2023-07-05,5.7,measured
23090,Kent Town,2023-07-06,7.5,measured
23090,Kent Town,2023-07-07,16.3,measured
23090,Kent Town,2023-07-08,12.5,measured
23090,Kent Town,2023-07-09,8.2,measured
23090,Kent Town,2023-07-10,0.0,measured
23090,Kent Town,2023-07-11,0.0,measured
23090,Kent Town,2023-07-12,0.0,measured
23090,Kent Town,2023-07-13,28.2,measured
23090,Kent Town,2023-07-14,9.3,measured
23090,Kent Town,2023-07-15,0.0,measured
23090,Kent Town,2023-07-16,0.0,measured
23090,Kent Town,2023-07-17,0.0,measured
23090,Kent Town,2023-07-18,0.0,measured
23090,Kent Town,2023-07-19,0.0,measured
23090,Kent Town,2023-07-20,0.0,measured
23090,Kent Town,2023-07-21,6.8,measured
23090,Kent Town,2023-07-22,12.2,measured
23090,Kent Town,2023-07-23,27.8,measured
23090,Kent Town,2023-07-24,0.0,measured
23090,Kent Town,2023-07-25,21.0,measured
23090,Kent Town,2023-07-26,21.6,measured
23090,Kent Town,2023-07-27,6.0,measured
23090,Kent Town,2023-07-28,17.5,measured
23090,Kent Town,2023-07-29,13.6,measured
23090,Kent Town,2023-07-30,0.0,measured
23090,Kent Town,2023-07-31,8.5,measured
23090,Kent Town,2023-08-01,0.0,measured
23090,Kent Town,2023-08-02,7.1,measured
23090,Kent Town,2023-08-03,8.6,measured
23090,Kent Town,2023-08-04,0.0,measured
23090,Kent Town,2023-08-05,0.0,measured
23090,Kent Town,2023-08-06,6.1,measured
23090,Kent Town,2023-08-07,65.0,measured
23090,Kent Town,2023-08-08,0.0,measured
23090,Kent Town,2023-08-09,0.0,measured
23090,Kent Town,2023-08-10,0.0,measured
23090,Kent Town,2023-08-11,12.8,measured
23090,Kent Town,2023-08-12,0.0,measured
23090,Kent Town,2023-08-13,0.0,measured
23090,Kent Town,2023-08-14,13.8,measured
23090,Kent Town,2023-08-15,10.8,measured
23090,Kent Town,2023-08-16,29.0,measured
23090,Kent Town,2023-08-17,0.0,measured
23090,Kent Town,2023-08-18,10.9,measured
23090,Kent Town,2023-08-19,38.3,measured
23090,Kent Town,2023-08-20,0.0,measured
23090,Kent Town,2023-08-21,18.3,measured
23090,Kent Town,2023-08-22,0.0,measured
23090,Kent Town,2023-08-23,12.7,measured
23090,Kent Town,2023-08-24,0.0,measured
23090,Kent Town,2023-08-25,0.0,measured
23090,Kent Town,2023-08-26,0.0,measured
23090,Kent Town,2023-08-27,7.1,measured
23090,Kent Town,2023-08-28,19.0,measured
23090,Kent Town,2023-08-29,0.0,measured
23090,Kent Town,2023-08-30,0.0,measured
23090,Kent Town,2023-08-31,3.5,measured
23090,Kent Town,2023-09-01,0.0,measured
23090,Kent Town,2023-09-02,0.0,measured
23090,Kent Town,2023-09-03,9.1,measured
23090,Kent Town,2023-09-04,19.2,measured
23090,Kent Town,2023-09-05,0.0,measured
23090,Kent Town,2023-09-06,9.6,measured
23090,Kent Town,2023-09-07,0.0,measured
23090,Kent Town,2023-09-08,20.7,measured
23090,Kent Town,2023-09-09,0.0,measured
23090,Kent Town,2023-09-10,8.6,measured
23090,Kent Town,2023-09-11,0.0,measured
23090,Kent Town,2023-09-12,4.1,measured
23090,Kent Town,2023-09-13,0.0,measured
23090,Kent Town,2023-09-14,0.0,measured
23090,Kent Town,2023-09-15,0.0,measured
23090,Kent Town,2023-09-16,0.0,measured
23090,Kent Town,2023-09-17,3.5,measured
23090,Kent Town,2023-09-18,9.6,measured
23090,Kent Town,2023-09-19,3.7,measured
23090,Kent Town,2023-09-20,8.8,measured
23090,Kent Town,2023-09-21,11.4,measured
23090,Kent Town,2023-09-22,0.0,measured
23090,Kent Town,2023-09-23,4.4,measured
23090,Kent Town,2023-09-24,0.0,measured
23090,Kent Town,2023-09-25,2.2,measured
23090,Kent Town,2023-09-26,0.0,measured
23090,Kent Town,2023-09-27,0.0,measured
23090,Kent Town,2023-09-28,0.0,measured
23090,Kent Town,2023-09-29,0.0,measured
23090,Kent Town,2023-09-30,0.0,measured
23090,Kent Town,2023-10-01,1.3,measured
23090,Kent Town,2023-10-02,0.0,measured
23090,Kent Town,2023-10-03,0.0,measured
23090,Kent Town,2023-10-04,0.0,measured
23090,Kent Town,2023-10-05,0.0,measured
23090,Kent Town,2023-10-06,0.0,measured
23090,Kent Town,2023-10-07,0.0,measured
23090,Kent Town,2023-10-08,2.9,measured
23090,Kent Town,2023-10-09,0.0,measured
23090,Kent Town,2023-10-10,0.0,measured
23090,Kent Town,2023-10-11,0.5,measured
23090,Kent Town,2023-10-12,0.0,measured
23090,Kent Town,2023-10-13,0.0,measured
23090,Kent Town,2023-10-14,0.0,measured
23090,Kent Town,2023-10-15,8.5,measured
23090,Kent Town,2023-10-16,0.0,measured
23090,Kent Town,2023-10-17,0.0,measured
23090,Kent Town,2023-10-18,0.0,measured
23090,Kent Town,2023-10-19,35.6,measured
23090,Kent Town,2023-10-20,0.0,measured
23090,Kent Town,2023-10-21,0.0,measured
23090,Kent Town,2023-10-22,0.0,measured
23090,Kent Town,2023-10-23,0.0,measured
23090,Kent Town,2023-10-24,1.9,measured
23090,Kent Town,2023-10-25,1.7,measured
23090,Kent Town,2023-10-26,1.8,measured
23090,Kent Town,2023-10-27,0.0,measured
23090,Kent Town,2023-10-28,0.0,measured
23090,Kent Town,2023-10-29,0.0,measured
23090,Kent Town,2023-10-30,0.0,measured
23090,Kent Town,2023-10-31,0.0,measured
23090,Kent Town,2023-11-01,0.0,measured
23090,Kent Town,2023-11-02,0.0,measured
23090,Kent Town,2023-11-03,0.0,measured
23090,Kent Town,2023-11-04,0.0,measured
23090,Kent Town,2023-11-05,1.6,measured
23090,Kent Town,2023-11-06,0.0,measured
23090,Kent Town,2023-11-07,0.0,measured
23090,Kent Town,2023-11-08,0.0,measured
23090,Kent Town,2023-11-09,0.0,measured
23090,Kent Town,2023-11-10,3.7,measured
23090,Kent Town,2023-11-11,0.0,measured
23090,Kent Town,2023-11-12,0.0,measured
23090,Kent Town,2023-11-13,13.6,measured
23090,Kent Town,2023-11-14,0.8,measured
23090,Kent Town,2023-11-15,0.0,measured
23090,Kent Town,2023-11-16,0.0,measured
23090,Kent Town,2023-11-17,0.6,measured
23090,Kent Town,2023-11-18,0.0,measured
23090,Kent Town,2023-11-19,4.2,measured
23090,Kent Town,2023-11-20,0.0,measured
23090,Kent Town,2023-11-21,0.0,measured
23090,Kent Town,2023-11-22,0.0,measured
23090,Kent Town,2023-11-23,0.0,measured
23090,Kent Town,2023-11-24,0.0,measured
23090,Kent Town,2023-11-25,4.7,measured
23090,Kent Town,2023-11-26,1.5,measured
23090,Kent Town,2023-11-27,0.0,measured
23090,Kent Town,2023-11-28,0.0,measured
23090,Kent Town,2023-11-29,0.0,measured
23090,Kent Town,2023-11-30,0.0,measured
23090,Kent Town,2023-12-01,3.0,measured
23090,Kent Town,2023-12-02,0.0,measured
23090,Kent Town,2023-12-03,0.0,measured
23090,Kent Town,2023-12-04,0.9,measured
23090,Kent Town,2023-12-05,0.0,measured
23090,Kent Town,2023-12-06,0.0,measured
23090,Kent Town,2023-12-07,0.0,measured
23090,Kent Town,2023-12-08,0.0,measured
23090,Kent Town,2023-12-09,0.0,measured
23090,Kent Town,2023-12-10,4.8,measured
23090,Kent Town,2023-12-11,0.0,measured
23090,Kent Town,2023-12-12,0.0,measured
23090,Kent Town,2023-12-13,0.0,measured
23090,Kent Town,2023-12-14,0.0,measured
23090,Kent Town,2023-12-15,8.2,measured
23090,Kent Town,2023-12-16,0.0,measured
23090,Kent Town,2023-12-17,0.0,measured
23090,Kent Town,2023-12-18,0.0,measured
23090,Kent Town,2023-12-19,0.4,measured
23090,Kent Town,2023-12-20,3.6,measured
23090,Kent Town,2023-12-21,0.0,measured
23090,Kent Town,2023-12-22,0.0,measured
23090,Kent Town,2023-12-23,0.0,measured
23090,Kent Town,2023-12-24,3.3,measured
23090,Kent Town,2023-12-25,0.0,measured
23090,Kent Town,2023-12-26,0.0,measured
23090,Kent Town,2023-12-27,0.0,measured
23090,Kent Town,2023-12-28,0.0,measured
23090,Kent Town,2023-12-29,1.7,measured
23090,Kent Town,2023-12-30,0.0,measured
23090,Kent Town,2023-12-31,3.7,measured
23090,Kent Town,2024-01-01,0.0,measured
23090,Kent Town,2024-01-02,0.0,measured
23090,Kent Town,2024-01-03,0.0,measured
23090,Kent Town,2024-01-04,0.0,measured
23090,Kent Town,2024-01-05,0.0,measured
23090,Kent Town,2024-01-06,0.4,measured
23090,Kent Town,2024-01-07,0.0,measured
23090,Kent Town,2024-01-08,0.0,measured
23090,Kent Town,2024-01-09,0.0,measured
23090,Kent Town,2024-01-10,0.0,measured
23090,Kent Town,2024-01-11,0.0,measured
23090,Kent Town,2024-01-12,0.4,measured
23090,Kent Town,2024-01-13,0.0,measured
23090,Kent Town,2024-01-14,0.0,measured
23090,Kent Town,2024-01-15,0.0,measured
23090,Kent Town,2024-01-16,0.0,measured
23090,Kent Town,2024-01-17,0.0,measured
23090,Kent Town,2024-01-18,1.2,measured
23090,Kent Town,2024-01-19,4.9,measured
23090,Kent Town,2024-01-20,0.0,measured
23090,Kent Town,2024-01-21,0.0,measured
23090,Kent Town,2024-01-22,0.0,measured
23090,Kent Town,2024-01-23,13.6,measured
23090,Kent Town,2024-01-24,0.0,measured
23090,Kent Town,2024-01-25,0.0,measured
23090,Kent Town,2024-01-26,0.0,measured
23090,Kent Town,2024-01-27,0.0,measured
23090,Kent Town,2024-01-28,6.0,measured
23090,Kent Town,2024-01-29,0.0,measured
23090,Kent Town,2024-01-30,0.0,measured
23090,Kent Town,2024-01-31,0.0,measured
23090,Kent Town,2024-02-01,0.0,measured
23090,Kent Town,2024-02-02,0.0,measured
23090,Kent Town,2024-02-03,0.0,measured
23090,Kent Town,2024-02-04,0.0,measured
23090,Kent Town,2024-02-05,7.5,measured
23090,Kent Town,2024-02-06,0.0,measured
23090,Kent Town,2024-02-07,6.5,measured
23090,Kent Town,2024-02-08,0.0,measured
23090,Kent Town,2024-02-09,0.0,measured
23090,Kent Town,2024-02-10,0.0,measured
23090,Kent Town,2024-02-11,0.1,measured
23090,Kent Town,2024-02-12,1.8,measured
23090,Kent Town,2024-02-13,0.0,measured
23090,Kent Town,2024-02-14,0.0,measured
23090,Kent Town,2024-02-15,0.0,measured
23090,Kent Town,2024-02-16,0.0,measured
23090,Kent Town,2024-02-17,0.0,measured
23090,Kent Town,2024-02-18,0.0,measured
23090,Kent Town,2024-02-19,0.0,measured
23090,Kent Town,2024-02-20,0.0,measured
23090,Kent Town,2024-02-21,15.1,measured
23090,Kent Town,2024-02-22,16.8,measured
23090,Kent Town,2024-02-23,0.0,measured
23090,Kent Town,2024-02-24,2.7,measured
23090,Kent Town,2024-02-25,0.0,measured
23090,Kent Town,2024-02-26,0.0,measured
23090,Kent Town,2024-02-27,0.0,measured
23090,Kent Town,2024-02-28,0.0,measured
23090,Kent Town,2024-02-29,0.0,measured
23090,Kent Town,2024-03-01,0.0,measured
23090,Kent Town,2024-03-02,0.0,measured
23090,Kent Town,2024-03-03,0.0,measured
23090,Kent Town,2024-03-04,11.5,measured
23090,Kent Town,2024-03-05,0.0,measured
23090,Kent Town,2024-03-06,0.0,measured
23090,Kent Town,2024-03-07,0.0,measured
23090,Kent Town,2024-03-08,0.0,measured
23090,Kent Town,2024-03-09,0.0,measured
23090,Kent Town,2024-03-10,3.1,measured
23090,Kent Town,2024-03-11,0.0,measured
23090,Kent Town,2024-03-12,0.0,measured
23090,Kent Town,2024-03-13,0.0,measured
23090,Kent Town,2024-03-14,0.0,measured
23090,Kent Town,2024-03-15,0.0,measured
23090,Kent Town,2024-03-16,0.0,measured
23090,Kent Town,2024-03-17,0.0,measured
23090,Kent Town,2024-03-18,0.0,measured
23090,Kent Town,2024-03-19,0.0,measured
23090,Kent Town,2024-03-20,2.5,measured
23090,Kent Town,2024-03-21,0.0,measured
23090,Kent Town,2024-03-22,0.0,measured
23090,Kent Town,2024-03-23,0.0,measured
23090,Kent Town,2024-03-24,0.0,measured
23090,Kent Town,2024-03-25,0.0,measured
23090,Kent Town,2024-03-26,0.0,measured
23090,Kent Town,2024-03-27,1.2,measured
23090,Kent Town,2024-03-28,0.0,measured
23090,Kent Town,2024-03-29,0.0,measured
23090,Kent Town,2024-03-30,0.0,measured
23090,Kent Town,2024-03-31,0.0,measured
23090,Kent Town,2024-04-01,0.0,measured
23090,Kent Town,2024-04-02,2.2,measured
23090,Kent Town,2024-04-03,0.0,measured
23090,Kent Town,2024-04-04,0.0,measured
23090,Kent Town,2024-04-05,0.4,measured
23090,Kent Town,2024-04-06,0.0,measured
23090,Kent Town,2024-04-07,0.0,measured
23090,Kent Town,2024-04-08,0.0,measured
23090,Kent Town,2024-04-09,0.0,measured
23090,Kent Town,2024-04-10,0.0,measured
23090,Kent Town,2024-04-11,0.0,measured
23090,Kent Town,2024-04-12,1.0,measured
23090,Kent Town,2024-04-13,2.2,measured
23090,Kent Town,2024-04-14,0.0,measured
23090,Kent Town,2024-04-15,0.0,measured
23090,Kent Town,2024-04-16,2.5,measured
23090,Kent Town,2024-04-17,0.0,measured
23090,Kent Town,2024-04-18,5.9,measured
23090,Kent Town,2024-04-19,0.0,measured
23090,Kent Town,2024-04-20,8.8,measured
23090,Kent Town,2024-04-21,10.5,measured
23090,Kent Town,2024-04-22,0.0,measured
23090,Kent Town,2024-04-23,3.2,measured
23090,Kent Town,2024-04-24,22.2,measured
23090,Kent Town,2024-04-25,0.0,measured
23090,Kent Town,2024-04-26,4.5,measured
23090,Kent Town,2024-04-27,0.0,measured
23090,Kent Town,2024-04-28,0.0,measured
23090,Kent Town,2024-04-29,0.0,measured
23090,Kent Town,2024-04-30,0.0,measured
23090,Kent Town,2024-05-01,0.0,measured
23090,Kent Town,2024-05-02,0.0,measured
23090,Kent Town,2024-05-03,0.0,measured
23090,Kent Town,2024-05-04,0.0,measured
23090,Kent Town,2024-05-05,0.0,measured
23090,Kent Town,2024-05-06,0.0,measured
23090,Kent Town,2024-05-07,0.0,measured
23090,Kent Town,2024-05-08,0.0,measured
23090,Kent Town,2024-05-09,0.0,measured
23090,Kent Town,2024-05-10,0.0,measured
23090,Kent Town,2024-05-11,0.0,measured
23090,Kent Town,2024-05-12,0.0,measured
23090,Kent Town,2024-05-13,5.8,measured
23090,Kent Town,2024-05-14,0.0,measured
23090,Kent Town,2024-05-15,0.0,measured
23090,Kent Town,2024-05-16,0.0,measured
23090,Kent Town,2024-05-17,0.0,measured
23090,Kent Town,2024-05-18,2.9,measured
23090,Kent Town,2024-05-19,6.0,measured
23090,Kent Town,2024-05-20,12.1,measured
23090,Kent Town,2024-05-21,4.3,measured
23090,Kent Town,2024-05-22,0.0,measured
23090,Kent Town,2024-05-23,0.0,measured
23090,Kent Town,2024-05-24,9.1,measured
23090,Kent Town,2024-05-25,0.0,measured
23090,Kent Town,2024-05-26,5.8,measured
23090,Kent Town,2024-05-27,34.8,measured
23090,Kent Town,2024-05-28,0.0,measured
23090,Kent Town,2024-05-29,0.0,measured
23090,Kent Town,2024-05-30,0.0,measured
23090,Kent Town,2024-05-31,0.0,measured
23090,Kent Town,2024-06-01,4.0,measured
23090,Kent Town,2024-06-02,20.4,measured
23090,Kent Town,2024-06-03,0.0,measured
23090,Kent Town,2024-06-04,0.0,measured
23090,Kent Town,2024-06-05,19.6,measured
23090,Kent Town,2024-06-06,0.0,measured
23090,Kent Town,2024-06-07,0.0,measured
23090,Kent Town,2024-06-08,9.8,measured
23090,Kent Town,2024-06-09,6.8,measured
23090,Kent Town,2024-06-10,12.9,measured
23090,Kent Town,2024-06-11,8.9,measured
23090,Kent Town,2024-06-12,5.0,measured
23090,Kent Town,2024-06-13,0.0,measured
23090,Kent Town,2024-06-14,14.4,measured
23090,Kent Town,2024-06-15,0.0,measured
23090,Kent Town,2024-06-16,16.3,measured
23090,Kent Town,2024-06-17,15.8,measured
23090,Kent Town,2024-06-18,14.1,measured
23090,Kent Town,2024-06-19,12.7,measured
23090,Kent Town,2024-06-20,0.0,measured
23090,Kent Town,2024-06-21,13.3,measured
23090,Kent Town,2024-06-22,0.0,measured
23090,Kent Town,2024-06-23,4.6,measured
23090,Kent Town,2024-06-24,19.2,measured
23090,Kent Town,2024-06-25,0.0,measured
23090,Kent Town,2024-06-26,23.5,measured
23090,Kent Town,2024-06-27,0.0,measured
23090,Kent Town,2024-06-28,0.0,measured
23090,Kent Town,2024-06-29,0.0,measured
23090,Kent Town,2024-06-30,0.0,measured
23090,Kent Town,2024-07-01,5.8,measured
23090,Kent Town,2024-07-02,5.6,measured
23090,Kent Town,2024-07-03,0.0,measured
23090,Kent Town,2024-07-04,0.0,measured
23090,Kent Town,2024-07-05,18.8,measured
23090,Kent Town,2024-07-06,0.0,measured
23090,Kent Town,2024-07-07,12.6,measured
23090,Kent Town,2024-07-08,0.0,measured
23090,Kent Town,2024-07-09,30.6,measured
23090,Kent Town,2024-07-10,0.0,measured
23090,Kent Town,2024-07-11,7.1,measured
23090,Kent Town,2024-07-12,14.2,measured
23090,Kent Town,2024-07-13,0.0,measured
23090,Kent Town,2024-07-14,25.8,measured
23090,Kent Town,2024-07-15,23.6,measured
23090,Kent Town,2024-07-16,0.0,measured
23090,Kent Town,2024-07-17,15.6,measured
23090,Kent Town,2024-07-18,0.0,measured
23090,Kent Town,2024-07-19,0.0,measured
23090,Kent Town,2024-07-20,38.3,measured
23090,Kent Town,2024-07-21,0.0,measured
23090,Kent Town,2024-07-22,9.7,measured
23090,Kent Town,2024-07-23,11.0,measured
23090,Kent Town,2024-07-24,21.5,measured
23090,Kent Town,2024-07-25,0.0,measured
23090,Kent Town,2024-07-26,55.2,measured
23090,Kent Town,2024-07-27,0.0,measured
23090,Kent Town,2024-07-28,0.0,measured
23090,Kent Town,2024-07-29,0.0,measured
23090,Kent Town,2024-07-30,22.0,measured
23090,Kent Town,2024-07-31,0.0,measured
23090,Kent Town,2024-08-01,15.7,measured
23090,Kent Town,2024-08-02,0.0,measured
23090,Kent Town,2024-08-03,9.7,measured
23090,Kent Town,2024-08-04,0.0,measured
23090,Kent Town,2024-08-05,25.4,measured
23090,Kent Town,2024-08-06,0.0,measured
23090,Kent Town,2024-08-07,31.5,measured
23090,Kent Town,2024-08-08,9.9,measured
23090,Kent Town,2024-08-09,0.0,measured
23090,Kent Town,2024-08-10,6.7,measured
23090,Kent Town,2024-08-11,0.0,measured
23090,Kent Town,2024-08-12,7.8,measured
23090,Kent Town,2024-08-13,0.0,measured
23090,Kent Town,2024-08-14,18.9,measured
23090,Kent Town,2024-08-15,0.0,measured
23090,Kent Town,2024-08-16,5.5,measured
23090,Kent Town,2024-08-17,0.0,measured
23090,Kent Town,2024-08-18,15.7,measured
23090,Kent Town,2024-08-19,0.0,measured
23090,Kent Town,2024-08-20,0.0,measured
23090,Kent Town,2024-08-21,0.0,measured
23090,Kent Town,2024-08-22,0.0,measured
23090,Kent Town,2024-08-23,0.0,measured
23090,Kent Town,2024-08-24,0.0,measured
23090,Kent Town,2024-08-25,7.4,measured
23090,Kent Town,2024-08-26,0.0,measured
23090,Kent Town,2024-08-27,8.0,measured
23090,Kent Town,2024-08-28,0.0,measured
23090,Kent Town,2024-08-29,0.0,measured
23090,Kent Town,2024-08-30,10.5,measured
23090,Kent Town,2024-08-31,14.4,measured
23090,Kent Town,2024-09-01,4.0,measured
23090,Kent Town,2024-09-02,5.3,measured
23090,Kent Town,2024-09-03,9.5,measured
23090,Kent Town,2024-09-04,0.0,measured
23090,Kent Town,2024-09-05,3.7,measured
23090,Kent Town,2024-09-06,0.0,measured
23090,Kent Town,2024-09-07,0.0,measured
23090,Kent Town,2024-09-08,0.0,measured
23090,Kent Town,2024-09-09,0.0,measured
23090,Kent Town,2024-09-10,3.7,measured
23090,Kent Town,2024-09-11,3.1,measured
23090,Kent Town,2024-09-12,2.7,measured
23090,Kent Town,2024-09-13,0.0,measured
23090,Kent Town,2024-09-14,26.7,measured
23090,Kent Town,2024-09-15,0.0,measured
23090,Kent Town,2024-09-16,0.0,measured
23090,Kent Town,2024-09-17,10.4,measured
23090,Kent Town,2024-09-18,0.0,measured
23090,Kent Town,2024-09-19,0.0,measured
23090,Kent Town,2024-09-20,0.0,measured
23090,Kent Town,2024-09-21,0.0,measured
23090,Kent Town,2024-09-22,0.0,measured
23090,Kent Town,2024-09-23,2.1,measured
23090,Kent Town,2024-09-24,0.0,measured
23090,Kent Town,2024-09-25,0.0,measured
23090,Kent Town,2024-09-26,0.0,measured
23090,Kent Town,2024-09-27,0.0,measured
23090,Kent Town,2024-09-28,8.4,measured
23090,Kent Town,2024-09-29,2.3,measured
23090,Kent Town,2024-09-30,0.0,measured
23090,Kent Town,2024-10-01,0.0,measured
23090,Kent Town,2024-10-02,0.0,measured
23090,Kent Town,2024-10-03,6.6,measured
23090,Kent Town,2024-10-04,0.0,measured
23090,Kent Town,2024-10-05,0.0,measured
23090,Kent Town,2024-10-06,4.5,measured
23090,Kent Town,2024-10-07,0.0,measured
23090,Kent Town,2024-10-08,0.0,measured
23090,Kent Town,2024-10-09,0.0,measured
23090,Kent Town,2024-10-10,0.0,measured
23090,Kent Town,2024-10-11,0.0,measured
23090,Kent Town,2024-10-12,0.0,measured
23090,Kent Town,2024-10-13,0.0,measured
23090,Kent Town,2024-10-14,0.0,measured
23090,Kent Town,2024-10-15,0.0,measured
23090,Kent Town,2024-10-16,0.9,measured
23090,Kent Town,2024-10-17,0.0,measured
23090,Kent Town,2024-10-18,0.7,measured
23090,Kent Town,2024-10-19,0.0,measured
23090,Kent Town,2024-10-20,0.0,measured
23090,Kent Town,2024-10-21,0.0,measured
23090,Kent Town,2024-10-22,0.0,measured
23090,Kent Town,2024-10-23,3.7,measured
23090,Kent Town,2024-10-24,0.0,measured
23090,Kent Town,2024-10-25,0.0,measured
23090,Kent Town,2024-10-26,0.0,measured
23090,Kent Town,2024-10-27,0.0,measured
23090,Kent Town,2024-10-28,0.0,measured
23090,Kent Town,2024-10-29,0.0,measured
23090,Kent Town,2024-10-30,0.0,measured
23090,Kent Town,2024-10-31,0.0,measured
23090,Kent Town,2024-11-01,0.0,measured
23090,Kent Town,2024-11-02,0.0,measured
23090,Kent Town,2024-11-03,0.0,measured
23090,Kent Town,2024-11-04,0.0,measured
23090,Kent Town,2024-11-05,0.0,measured
23090,Kent Town,2024-11-06,0.8,measured
23090,Kent Town,2024-11-07,0.0,measured
23090,Kent Town,2024-11-08,0.0,measured
23090,Kent Town,2024-11-09,0.0,measured
23090,Kent Town,2024-11-10,0.0,measured
23090,Kent Town,2024-11-11,3.5,measured
23090,Kent Town,2024-11-12,0.0,measured
23090,Kent Town,2024-11-13,0.0,measured
23090,Kent Town,2024-11-14,0.0,measured
23090,Kent Town,2024-11-15,0.0,measured
23090,Kent Town,2024-11-16,0.1,measured
23090,Kent Town,2024-11-17,0.0,measured
23090,Kent Town,2024-11-18,0.0,measured
23090,Kent Town,2024-11-19,0.0,measured
23090,Kent Town,2024-11-20,9.9,measured
23090,Kent Town,2024-11-21,0.0,measured
23090,Kent Town,2024-11-22,0.0,measured
23090,Kent Town,2024-11-23,0.0,measured
23090,Kent Town,2024-11-24,0.0,measured
23090,Kent Town,2024-11-25,0.0,measured
23090,Kent Town,2024-11-26,0.0,measured
23090,Kent Town,2024-11-27,4.6,measured
23090,Kent Town,2024-11-28,0.0,measured
23090,Kent Town,2024-11-29,0.0,measured
23090,Kent Town,2024-11-30,0.0,measured
23090,Kent Town,2024-12-01,2.8,measured
23090,Kent Town,2024-12-02,0.0,measured
23090,Kent Town,2024-12-03,0.0,measured
23090,Kent Town,2024-12-04,1.3,measured
23090,Kent Town,2024-12-05,0.0,measured
23090,Kent Town,2024-12-06,0.0,measured
23090,Kent Town,2024-12-07,0.0,measured
23090,Kent Town,2024-12-08,0.0,measured
23090,Kent Town,2024-12-09,0.0,measured
23090,Kent Town,2024-12-10,0.0,measured
23090,Kent Town,2024-12-11,0.0,measured
23090,Kent Town,2024-12-12,0.0,measured
23090,Kent Town,2024-12-13,0.0,measured
23090,Kent Town,2024-12-14,0.0,measured
23090,Kent Town,2024-12-15,0.0,measured
23090,Kent Town,2024-12-16,0.0,measured
23090,Kent Town,2024-12-17,0.0,measured
23090,Kent Town,2024-12-18,0.0,measured
23090,Kent Town,2024-12-19,0.0,measured
23090,Kent Town,2024-12-20,0.0,measured
23090,Kent Town,2024-12-21,0.0,measured
23090,Kent Town,2024-12-22,0.0,measured
23090,Kent Town,2024-12-23,0.0,measured
23090,Kent Town,2024-12-24,1.5,measured
23090,Kent Town,2024-12-25,0.0,measured
23090,Kent Town,2024-12-26,0.0,measured
23090,Kent Town,2024-12-27,0.0,measured
23090,Kent Town,2024-12-28,3.2,measured
23090,Kent Town,2024-12-29,0.0,measured
23090,Kent Town,2024-12-30,0.0,measured
23090,Kent Town,2024-12-31,0.0,measured
23090,Kent Town,2025-01-01,11.2,measured
23090,Kent Town,2025-01-02,0.0,measured
23090,Kent Town,2025-01-03,0.7,measured
23090,Kent Town,2025-01-04,0.0,measured
23090,Kent Town,2025-01-05,0.0,measured
23090,Kent Town,2025-01-06,12.9,measured
23090,Kent Town,2025-01-07,0.0,measured
23090,Kent Town,2025-01-08,0.0,measured
23090,Kent Town,2025-01-09,5.6,measured
23090,Kent Town,2025-01-10,0.0,measured
23090,Kent Town,2025-01-11,0.0,measured
23090,Kent Town,2025-01-12,0.0,measured
23090,Kent Town,2025-01-13,0.0,measured
23090,Kent Town,2025-01-14,0.0,measured
23090,Kent Town,2025-01-15,0.0,measured
23090,Kent Town,2025-01-16,3.2,measured
23090,Kent Town,2025-01-17,0.0,measured
23090,Kent Town,2025-01-18,0.0,measured
23090,Kent Town,2025-01-19,0.0,measured
23090,Kent Town,2025-01-20,0.0,measured
23090,Kent Town,2025-01-21,0.0,measured
23090,Kent Town,2025-01-22,0.0,measured
23090,Kent Town,2025-01-23,0.0,measured
23090,Kent Town,2025-01-24,0.0,measured
23090,Kent Town,2025-01-25,0.0,measured
23090,Kent Town,2025-01-26,0.0,measured
23090,Kent Town,2025-01-27,0.0,measured
23090,Kent Town,2025-01-28,0.0,measured
23090,Kent Town,2025-01-29,0.0,measured
23090,Kent Town,2025-01-30,0.0,measured
23090,Kent Town,2025-01-31,0.0,measured
23090,Kent Town,2025-02-01,0.0,measured
23090,Kent Town,2025-02-02,2.7,measured
23090,Kent Town,2025-02-03,0.0,measured
23090,Kent Town,2025-02-04,0.0,measured
23090,Kent Town,2025-02-05,0.0,measured
23090,Kent Town,2025-02-06,0.0,measured
23090,Kent Town,2025-02-07,0.0,measured
23090,Kent Town,2025-02-08,3.2,measured
23090,Kent Town,2025-02-09,0.0,measured
23090,Kent Town,2025-02-10,5.6,measured
23090,Kent Town,2025-02-11,6.5,measured
23090,Kent Town,2025-02-12,0.0,measured
23090,Kent Town,2025-02-13,0.0,measured
23090,Kent Town,2025-02-14,0.0,measured
23090,Kent Town,2025-02-15,0.0,measured
23090,Kent Town,2025-02-16,0.0,measured
23090,Kent Town,2025-02-17,0.0,measured
23090,Kent Town,2025-02-18,0.0,measured
23090,Kent Town,2025-02-19,3.5,measured
23090,Kent Town,2025-02-20,0.0,measured
23090,Kent Town,2025-02-21,0.0,measured
23090,Kent Town,2025-02-22,0.0,measured
23090,Kent Town,2025-02-23,0.0,measured
23090,Kent Town,2025-02-24,0.0,measured
23090,Kent Town,2025-02-25,0.0,measured
23090,Kent Town,2025-02-26,0.0,measured
23090,Kent Town,2025-02-27,0.0,measured
23090,Kent Town,2025-02-28,0.0,measured
23090,Kent Town,2025-03-01,2.0,measured
23090,Kent Town,2025-03-02,0.0,measured
23090,Kent Town,2025-03-03,0.0,measured
23090,Kent Town,2025-03-04,0.0,measured
23090,Kent Town,2025-03-05,0.0,measured
23090,Kent Town,2025-03-06,0.0,measured
23090,Kent Town,2025-03-07,0.0,measured
23090,Kent Town,2025-03-08,0.0,measured
23090,Kent Town,2025-03-09,0.0,measured
23090,Kent Town,2025-03-10,0.0,measured
23090,Kent Town,2025-03-11,0.0,measured
23090,Kent Town,2025-03-12,0.0,measured
23090,Kent Town,2025-03-13,0.0,measured
23090,Kent Town,2025-03-14,0.2,measured
23090,Kent Town,2025-03-15,0.0,measured
23090,Kent Town,2025-03-16,0.0,measured
23090,Kent Town,2025-03-17,0.0,measured
23090,Kent Town,2025-03-18,0.0,measured
23090,Kent Town,2025-03-19,0.0,measured
23090,Kent Town,2025-03-20,3.6,measured
23090,Kent Town,2025-03-21,0.0,measured
23090,Kent Town,2025-03-22,0.0,measured
23090,Kent Town,2025-03-23,0.0,measured
23090,Kent Town,2025-03-24,0.0,measured
23090,Kent Town,2025-03-25,6.1,measured
23090,Kent Town,2025-03-26,0.0,measured
23090,Kent Town,2025-03-27,0.0,measured
23090,Kent Town,2025-03-28,3.2,measured
23090,Kent Town,2025-03-29,0.0,measured
23090,Kent Town,2025-03-30,0.0,measured
23090,Kent Town,2025-03-31,0.3,measured
23090,Kent Town,2025-04-01,0.0,measured
23090,Kent Town,2025-04-02,0.0,measured
23090,Kent Town,2025-04-03,6.0,measured
23090,Kent Town,2025-04-04,2.4,measured
23090,Kent Town,2025-04-05,0.0,measured
23090,Kent Town,2025-04-06,0.0,measured
23090,Kent Town,2025-04-07,4.0,measured
23090,Kent Town,2025-04-08,0.0,measured
23090,Kent Town,2025-04-09,0.0,measured
23090,Kent Town,2025-04-10,2.7,measured
23090,Kent Town,2025-04-11,0.0,measured
23090,Kent Town,2025-04-12,0.0,measured
23090,Kent Town,2025-04-13,0.0,measured
23090,Kent Town,2025-04-14,0.0,measured
23090,Kent Town,2025-04-15,6.8,measured
23090,Kent Town,2025-04-16,2.9,measured
23090,Kent Town,2025-04-17,0.0,measured
23090,Kent Town,2025-04-18,4.0,measured
23090,Kent Town,2025-04-19,0.0,measured
23090,Kent Town,2025-04-20,0.0,measured
23090,Kent Town,2025-04-21,19.5,measured
23090,Kent Town,2025-04-22,0.0,measured
23090,Kent Town,2025-04-23,8.0,measured
23090,Kent Town,2025-04-24,0.0,measured
23090,Kent Town,2025-04-25,0.0,measured
23090,Kent Town,2025-04-26,8.8,measured
23090,Kent Town,2025-04-27,0.0,measured
23090,Kent Town,2025-04-28,0.0,measured
23090,Kent Town,2025-04-29,14.1,measured
23090,Kent Town,2025-04-30,0.0,measured
23090,Kent Town,2025-05-01,7.8,measured
23090,Kent Town,2025-05-02,0.0,measured
23090,Kent Town,2025-05-03,0.0,measured
23090,Kent Town,2025-05-04,0.0,measured
23090,Kent Town,2025-05-05,0.0,measured
23090,Kent Town,2025-05-06,0.0,measured
23090,Kent Town,2025-05-07,0.0,measured
23090,Kent Town,2025-05-08,0.0,measured
23090,Kent Town,2025-05-09,0.0,measured
23090,Kent Town,2025-05-10,9.1,measured
23090,Kent Town,2025-05-11,0.0,measured
23090,Kent Town,2025-05-12,0.0,measured
23090,Kent Town,2025-05-13,3.8,measured
23090,Kent Town,2025-05-14,0.0,measured
23090,Kent Town,2025-05-15,5.6,measured
23090,Kent Town,2025-05-16,0.0,measured
23090,Kent Town,2025-05-17,0.0,measured
23090,Kent Town,2025-05-18,0.0,measured
23090,Kent Town,2025-05-19,0.0,measured
23090,Kent Town,2025-05-20,0.0,measured
23090,Kent Town,2025-05-21,24.5,measured
23090,Kent Town,2025-05-22,0.0,measured
23090,Kent Town,2025-05-23,0.0,measured
23090,Kent Town,2025-05-24,0.0,measured
23090,Kent Town,2025-05-25,4.4,measured
23090,Kent Town,2025-05-26,0.0,measured
23090,Kent Town,2025-05-27,38.0,measured
23090,Kent Town,2025-05-28,0.0,measured
23090,Kent Town,2025-05-29,0.0,measured
23090,Kent Town,2025-05-30,0.0,measured
23090,Kent Town,2025-05-31,0.0,measured
23090,Kent Town,2025-06-01,0.0,measured
23090,Kent Town,2025-06-02,16.1,measured
23090,Kent Town,2025-06-03,15.2,measured
23090,Kent Town,2025-06-04,14.5,measured
23090,Kent Town,2025-06-05,0.0,measured
23090,Kent Town,2025-06-06,0.0,measured
23090,Kent Town,2025-06-07,0.0,measured
23090,Kent Town,2025-06-08,0.0,measured
23090,Kent Town,2025-06-09,10.3,measured
23090,Kent Town,2025-06-10,31.9,measured
23090,Kent Town,2025-06-11,0.0,measured
23090,Kent Town,2025-06-12,0.0,measured
23090,Kent Town,2025-06-13,3.9,measured
23090,Kent Town,2025-06-14,0.0,measured
23090,Kent Town,2025-06-15,0.0,measured
23090,Kent Town,2025-06-16,9.6,measured
23090,Kent Town,2025-06-17,44.2,measured
23090,Kent Town,2025-06-18,16.9,measured
23090,Kent Town,2025-06-19,26.9,measured
23090,Kent Town,2025-06-20,14.4,measured
23090,Kent Town,2025-06-21,0.0,measured
23090,Kent Town,2025-06-22,0.0,measured
23090,Kent Town,2025-06-23,0.0,measured
23090,Kent Town,2025-06-24,20.4,measured
23090,Kent Town,2025-06-25,10.3,measured
23090,Kent Town,2025-06-26,17.2,measured
23090,Kent Town,2025-06-27,37.4,measured
23090,Kent Town,2025-06-28,12.2,measured
23090,Kent Town,2025-06-29,44.1,measured
23090,Kent Town,2025-06-30,0.0,measured
23090,Kent Town,2025-07-01,20.4,measured
23090,Kent Town,2025-07-02,59.4,measured
23090,Kent Town,2025-07-03,13.2,measured
23090,Kent Town,2025-07-04,4.9,measured
23090,Kent Town,2025-07-05,0.0,measured
23090,Kent Town,2025-07-06,20.9,measured
23090,Kent Town,2025-07-07,0.0,measured
23090,Kent Town,2025-07-08,0.0,measured
23090,Kent Town,2025-07-09,20.1,measured
23090,Kent Town,2025-07-10,5.1,measured
23090,Kent Town,2025-07-11,0.0,measured
23090,Kent Town,2025-07-12,19.1,measured
23090,Kent Town,2025-07-13,7.6,measured
23090,Kent Town,2025-07-14,0.0,measured
23090,Kent Town,2025-07-15,5.5,measured
23090,Kent Town,2025-07-16,0.0,measured
23090,Kent Town,2025-07-17,26.8,measured
23090,Kent Town,2025-07-18,7.5,measured
23090,Kent Town,2025-07-19,7.3,measured
23090,Kent Town,2025-07-20,0.0,measured
23090,Kent Town,2025-07-21,5.2,measured
23090,Kent Town,2025-07-22,0.0,measured
23090,Kent Town,2025-07-23,10.7,measured
23090,Kent Town,2025-07-24,5.4,measured
23090,Kent Town,2025-07-25,0.0,measured
23090,Kent Town,2025-07-26,17.5,measured
23090,Kent Town,2025-07-27,20.3,measured
23090,Kent Town,2025-07-28,4.7,measured
23090,Kent Town,2025-07-29,48.5,measured
23090,Kent Town,2025-07-30,28.7,measured
23090,Kent Town,2025-07-31,0.0,measured
23090,Kent Town,2025-08-01,12.6,measured
23090,Kent Town,2025-08-02,0.0,measured
23090,Kent Town,2025-08-03,11.2,measured
23090,Kent Town,2025-08-04,12.9,measured
23090,Kent Town,2025-08-05,26.3,measured
23090,Kent Town,2025-08-06,6.0,measured
23090,Kent Town,2025-08-07,0.0,measured
23090,Kent Town,2025-08-08,8.0,measured
23090,Kent Town,2025-08-09,0.0,measured
23090,Kent Town,2025-08-10,0.0,measured
23090,Kent Town,2025-08-11,40.4,measured
23090,Kent Town,2025-08-12,0.0,measured
23090,Kent Town,2025-08-13,11.6,measured
23090,Kent Town,2025-08-14,18.5,measured
23090,Kent Town,2025-08-15,0.0,measured
23090,Kent Town,2025-08-16,0.0,measured
23090,Kent Town,2025-08-17,0.0,measured
23090,Kent Town,2025-08-18,0.0,measured
23090,Kent Town,2025-08-19,13.7,measured
23090,Kent Town,2025-08-20,7.3,measured
23090,Kent Town,2025-08-21,10.2,measured
23090,Kent Town,2025-08-22,11.6,measured
23090,Kent Town,2025-08-23,0.0,measured
23090,Kent Town,2025-08-24,4.9,measured
23090,Kent Town,2025-08-25,0.0,measured
23090,Kent Town,2025-08-26,25.5,measured
23090,Kent Town,2025-08-27,6.4,measured
23090,Kent Town,2025-08-28,0.0,measured
23090,Kent Town,2025-08-29,0.0,measured
23090,Kent Town,2025-08-30,0.0,measured
23090,Kent Town,2025-08-31,0.0,measured
23090,Kent Town,2025-09-01,0.0,measured
23090,Kent Town,2025-09-02,6.1,measured
23090,Kent Town,2025-09-03,16.7,measured
23090,Kent Town,2025-09-04,0.0,measured
23090,Kent Town,2025-09-05,0.0,measured
23090,Kent Town,2025-09-06,0.0,measured
23090,Kent Town,2025-09-07,0.0,measured
23090,Kent Town,2025-09-08,0.0,measured
23090,Kent Town,2025-09-09,8.5,measured
23090,Kent Town,2025-09-10,13.4,measured
23090,Kent Town,2025-09-11,3.2,measured
23090,Kent Town,2025-09-12,0.0,measured
23090,Kent Town,2025-09-13,13.4,measured
23090,Kent Town,2025-09-14,0.0,measured
23090,Kent Town,2025-09-15,0.0,measured
23090,Kent Town,2025-09-16,0.0,measured
23090,Kent Town,2025-09-17,0.0,measured
23090,Kent Town,2025-09-18,0.0,measured
23090,Kent Town,2025-09-19,0.0,measured
23090,Kent Town,2025-09-20,0.0,measured
23090,Kent Town,2025-09-21,17.3,measured
23090,Kent Town,2025-09-22,0.0,measured
23090,Kent Town,2025-09-23,3.1,measured
23090,Kent Town,2025-09-24,0.0,measured
23090,Kent Town,2025-09-25,4.6,measured
23090,Kent Town,2025-09-26,11.8,measured
23090,Kent Town,2025-09-27,0.0,measured
23090,Kent Town,2025-09-28,0.0,measured
23090,Kent Town,2025-09-29,5.0,measured
23090,Kent Town,2025-09-30,8.7,measured
23090,Kent Town,2025-10-01,4.1,measured
23090,Kent Town,2025-10-02,0.0,measured
23090,Kent Town,2025-10-03,0.0,measured
23090,Kent Town,2025-10-04,0.0,measured
23090,Kent Town,2025-10-05,0.0,measured
23090,Kent Town,2025-10-06,0.0,measured
23090,Kent Town,2025-10-07,0.5,measured
23090,Kent Town,2025-10-08,5.2,measured
23090,Kent Town,2025-10-09,0.0,measured
23090,Kent Town,2025-10-10,0.0,measured
23090,Kent Town,2025-10-11,0.0,measured
23090,Kent Town,2025-10-12,0.0,measured
23090,Kent Town,2025-10-13,0.0,measured
23090,Kent Town,2025-10-14,0.0,measured
23090,Kent Town,2025-10-15,0.0,measured
23090,Kent Town,2025-10-16,1.5,measured
23090,Kent Town,2025-10-17,0.0,measured
23090,Kent Town,2025-10-18,0.0,measured
23090,Kent Town,2025-10-19,0.0,measured
23090,Kent Town,2025-10-20,0.0,measured
23090,Kent Town,2025-10-21,1.3,measured
23090,Kent Town,2025-10-22,0.0,measured
23090,Kent Town,2025-10-23,1.5,measured
23090,Kent Town,2025-10-24,0.5,measured
23090,Kent Town,2025-10-25,0.0,measured
23090,Kent Town,2025-10-26,0.0,measured
23090,Kent Town,2025-10-27,5.0,measured
23090,Kent Town,2025-10-28,1.2,measured
23090,Kent Town,2025-10-29,0.0,measured
23090,Kent Town,2025-10-30,0.0,measured
23090,Kent Town,2025-10-31,0.0,measured
23090,Kent Town,2025-11-01,0.0,measured
23090,Kent Town,2025-11-02,7.9,measured
23090,Kent Town,2025-11-03,0.1,measured
23090,Kent Town,2025-11-04,0.0,measured
23090,Kent Town,2025-11-05,0.0,measured
23090,Kent Town,2025-11-06,0.0,measured
23090,Kent Town,2025-11-07,0.0,measured
23090,Kent Town,2025-11-08,0.0,measured
23090,Kent Town,2025-11-09,0.0,measured
23090,Kent Town,2025-11-10,0.1,measured
23090,Kent Town,2025-11-11,0.0,measured
23090,Kent Town,2025-11-12,0.0,measured
23090,Kent Town,2025-11-13,0.0,measured
23090,Kent Town,2025-11-14,0.0,measured
23090,Kent Town,2025-11-15,0.0,measured
23090,Kent Town,2025-11-16,6.1,measured
23090,Kent Town,2025-11-17,3.3,measured
23090,Kent Town,2025-11-18,0.0,measured
23090,Kent Town,2025-11-19,0.0,measured
23090,Kent Town,2025-11-20,0.0,measured
23090,Kent Town,2025-11-21,0.0,measured
23090,Kent Town,2025-11-22,0.0,measured
23090,Kent Town,2025-11-23,2.4,measured
23090,Kent Town,2025-11-24,2.3,measured
23090,Kent Town,2025-11-25,0.0,measured
23090,Kent Town,2025-11-26,0.0,measured
23090,Kent Town,2025-11-27,0.0,measured
23090,Kent Town,2025-11-28,0.0,measured
23090,Kent Town,2025-11-29,0.0,measured
23090,Kent Town,2025-11-30,0.4,measured
23090,Kent Town,2025-12-01,4.8,measured
23090,Kent Town,2025-12-02,0.0,measured
23090,Kent Town,2025-12-03,0.0,measured
23090,Kent Town,2025-12-04,4.2,measured
23090,Kent Town,2025-12-05,0.0,measured
23090,Kent Town,2025-12-06,0.0,measured
23090,Kent Town,2025-12-07,0.0,measured
23090,Kent Town,2025-12-08,0.0,measured
23090,Kent Town,2025-12-09,0.0,measured
23090,Kent Town,2025-12-10,0.0,measured
23090,Kent Town,2025-12-11,0.0,measured
23090,Kent Town,2025-12-12,0.0,measured
23090,Kent Town,2025-12-13,0.0,measured
23090,Kent Town,2025-12-14,0.0,measured
23090,Kent Town,2025-12-15,0.3,measured
23090,Kent Town,2025-12-16,0.0,measured
23090,Kent Town,2025-12-17,0.0,measured
23090,Kent Town,2025-12-18,0.0,measured
23090,Kent Town,2025-12-19,3.2,measured
23090,Kent Town,2025-12-20,0.0,measured
23090,Kent Town,2025-12-21,0.0,measured
23090,Kent Town,2025-12-22,4.8,measured
23090,Kent Town,2025-12-23,9.7,measured
23090,Kent Town,2025-12-24,0.0,measured
23090,Kent Town,2025-12-25,0.0,measured
23090,Kent Town,2025-12-26,0.0,measured
23090,Kent Town,2025-12-27,0.0,measured
23090,Kent Town,2025-12-28,0.0,measured
23090,Kent Town,2025-12-29,0.0,measured
23090,Kent Town,2025-12-30,0.0,measured
23090,Kent Town,2025-12-31,0.0,measured
23090,Kent Town,2026-01-01,0.0,measured
23090,Kent Town,2026-01-02,0.0,measured
23090,Kent Town,2026-01-03,0.0,measured
23090,Kent Town,2026-01-04,0.0,measured
23090,Kent Town,2026-01-05,0.3,measured
23090,Kent Town,2026-01-06,10.8,measured
23090,Kent Town,2026-01-07,0.0,measured
23090,Kent Town,2026-01-08,0.0,measured
23090,Kent Town,2026-01-09,0.0,measured
23090,Kent Town,2026-01-10,0.7,measured
23090,Kent Town,2026-01-11,0.0,measured
23090,Kent Town,2026-01-12,0.0,measured
23090,Kent Town,2026-01-13,0.0,measured
23090,Kent Town,2026-01-14,1.4,measured
23090,Kent Town,2026-01-15,0.0,measured
23090,Kent Town,2026-01-16,0.0,measured
23090,Kent Town,2026-01-17,0.0,measured
23090,Kent Town,2026-01-18,0.0,measured
23090,Kent Town,2026-01-19,0.0,measured
23090,Kent Town,2026-01-20,0.0,measured
23090,Kent Town,2026-01-21,0.4,measured
23090,Kent Town,2026-01-22,0.0,measured
23090,Kent Town,2026-01-23,0.0,measured
23090,Kent Town,2026-01-24,0.0,measured
23090,Kent Town,2026-01-25,0.0,measured
23090,Kent Town,2026-01-26,0.0,measured
23090,Kent Town,2026-01-27,0.0,measured
23090,Kent Town,2026-01-28,0.0,measured
23090,Kent Town,2026-01-29,0.0,measured
23090,Kent Town,2026-01-30,1.1,measured
23090,Kent Town,2026-01-31,0.0,measured
23090,Kent Town,2026-02-01,0.0,measured
23090,Kent Town,2026-02-02,0.0,measured
23090,Kent Town,2026-02-03,0.0,measured
23090,Kent Town,2026-02-04,0.0,measured
23090,Kent Town,2026-02-05,0.0,measured
23090,Kent Town,2026-02-06,0.0,measured
23090,Kent Town,2026-02-07,0.0,measured
23090,Kent Town,2026-02-08,0.0,measured
23090,Kent Town,2026-02-09,0.0,measured
23090,Kent Town,2026-02-10,0.0,measured
23090,Kent Town,2026-02-11,0.0,measured
23090,Kent Town,2026-02-12,0.0,measured
23090,Kent Town,2026-02-13,0.0,measured
23090,Kent Town,2026-02-14,0.0,measured
23090,Kent Town,2026-02-15,0.0,measured
23090,Kent Town,2026-02-16,0.0,measured
23090,Kent Town,2026-02-17,0.0,measured
23090,Kent Town,2026-02-18,0.9,measured
23090,Kent Town,2026-02-19,0.0,measured
23090,Kent Town,2026-02-20,0.0,measured
23090,Kent Town,2026-02-21,0.6,measured
23090,Kent Town,2026-02-22,5.0,measured
23090,Kent Town,2026-02-23,4.0,measured
23090,Kent Town,2026-02-24,0.0,measured
23090,Kent Town,2026-02-25,0.0,measured
23090,Kent Town,2026-02-26,1.4,measured
23090,Kent Town,2026-02-27,0.0,measured
23090,Kent Town,2026-02-28,1.2,measured
23090,Kent Town,2026-03-01,7.8,measured
23090,Kent Town,2026-03-02,0.0,measured
23090,Kent Town,2026-03-03,0.0,measured
23090,Kent Town,2026-03-04,1.5,measured
23090,Kent Town,2026-03-05,0.0,measured
23090,Kent Town,2026-03-06,0.0,measured
23090,Kent Town,2026-03-07,1.9,measured
23090,Kent Town,2026-03-08,0.0,measured
23090,Kent Town,2026-03-09,0.0,measured
23090,Kent Town,2026-03-10,0.0,measured
23090,Kent Town,2026-03-11,0.0,measured
23090,Kent Town,2026-03-12,0.0,measured
23090,Kent Town,2026-03-13,0.0,measured
23090,Kent Town,2026-03-14,0.0,measured
23090,Kent Town,2026-03-15,0.0,measured
23090,Kent Town,2026-03-16,0.0,measured
23090,Kent Town,2026-03-17,0.0,measured
23090,Kent Town,2026-03-18,0.0,measured
23090,Kent Town,2026-03-19,0.0,measured
23090,Kent Town,2026-03-20,0.0,measured
23090,Kent Town,2026-03-21,0.0,measured
23090,Kent Town,2026-03-22,0.0,measured
23090,Kent Town,2026-03-23,0.0,measured
23090,Kent Town,2026-03-24,0.0,measured
23090,Kent Town,2026-03-25,0.0,measured
23090,Kent Town,2026-03-26,1.0,measured
23090,Kent Town,2026-03-27,0.0,measured
23090,Kent Town,2026-03-28,0.0,measured
23090,Kent Town,2026-03-29,0.0,measured
23090,Kent Town,2026-03-30,8.2,measured
23090,Kent Town,2026-03-31,0.0,measured
23090,Kent Town,2026-04-01,0.0,measured
23090,Kent Town,2026-04-02,0.0,measured
23090,Kent Town,2026-04-03,0.0,measured
23090,Kent Town,2026-04-04,0.0,measured
23090,Kent Town,2026-04-05,1.5,measured
23090,Kent Town,2026-04-06,0.0,measured
23090,Kent Town,2026-04-07,2.8,measured
23090,Kent Town,2026-04-08,0.0,measured
23090,Kent Town,2026-04-09,0.3,measured
23090,Kent Town,2026-04-10,0.0,measured
23090,Kent Town,2026-04-11,14.9,measured
23090,Kent Town,2026-04-12,0.0,measured
23090,Kent Town,2026-04-13,9.4,measured
23090,Kent Town,2026-04-14,0.0,measured
23090,Kent Town,2026-04-15,0.0,measured
23090,Kent Town,2026-04-16,0.0,measured
23090,Kent Town,2026-04-17,2.6,measured
23090,Kent Town,2026-04-18,0.0,measured
23090,Kent Town,2026-04-19,0.0,measured
23090,Kent Town,2026-04-20,6.0,measured
23090,Kent Town,2026-04-21,0.0,measured
23090,Kent Town,2026-04-22,1.6,measured
23090,Kent Town,2026-04-23,12.2,measured
23090,Kent Town,2026-04-24,0.0,measured
23090,Kent Town,2026-04-25,0.0,measured
23090,Kent Town,2026-04-26,0.0,measured
23090,Kent Town,2026-04-27,3.1,measured
23090,Kent Town,2026-04-28,2.6,measured
23090,Kent Town,2026-04-29,0.0,measured
23090,Kent Town,2026-04-30,0.0,measured
23090,Kent Town,2026-05-01,0.0,measured
23090,Kent Town,2026-05-02,11.2,measured
23090,Kent Town,2026-05-03,0.0,measured
23090,Kent Town,2026-05-04,8.5,measured
23090,Kent Town,2026-05-05,4.0,measured
23090,Kent Town,2026-05-06,0.0,measured
23090,Kent Town,2026-05-07,0.0,measured
23090,Kent Town,2026-05-08,5.9,measured
23090,Kent Town,2026-05-09,0.0,measured
23090,Kent Town,2026-05-10,31.4,measured
23090,Kent Town,2026-05-11,6.8,measured
23090,Kent Town,2026-05-12,0.0,measured
23090,Kent Town,2026-05-13,0.0,measured
23090,Kent Town,2026-05-14,0.0,measured
23090,Kent Town,2026-05-15,10.4,measured
23090,Kent Town,2026-05-16,0.0,measured
23090,Kent Town,2026-05-17,0.0,measured
23090,Kent Town,2026-05-18,3.8,measured
23090,Kent Town,2026-05-19,0.0,measured
23090,Kent Town,2026-05-20,13.3,measured
23090,Kent Town,2026-05-21,0.0,measured
23090,Kent Town,2026-05-22,0.0,measured
23090,Kent Town,2026-05-23,0.0,measured
23090,Kent Town,2026-05-24,5.3,measured
23090,Kent Town,2026-05-25,0.0,measured
23090,Kent Town,2026-05-26,0.0,measured
23090,Kent Town,2026-05-27,22.9,measured
23090,Kent Town,2026-05-28,14.7,measured
23090,Kent Town,2026-05-29,0.0,measured
23090,Kent Town,2026-05-30,0.0,measured
23090,Kent Town,2026-05-31,14.7,measured
23090,Kent Town,2026-06-01,8.9,measured
23090,Kent Town,2026-06-02,4.8,measured
23090,Kent Town,2026-06-03,34.8,measured
23090,Kent Town,2026-06-04,0.0,measured
18201,Port Augusta,2023-06-06,0.0,measured
18201,Port Augusta,2023-06-07,6.7,measured
18201,Port Augusta,2023-06-08,20.6,measured
18201,Port Augusta,2023-06-09,0.0,measured
18201,Port Augusta,2023-06-10,0.0,measured
18201,Port Augusta,2023-06-11,13.9,measured
18201,Port Augusta,2023-06-12,5.7,measured
18201,Port Augusta,2023-06-13,5.0,measured
18201,Port Augusta,2023-06-14,13.9,measured
18201,Port Augusta,2023-06-15,0.0,measured
18201,Port Augusta,2023-06-16,11.9,measured
18201,Port Augusta,2023-06-17,0.0,measured
18201,Port Augusta,2023-06-18,26.5,measured
18201,Port Augusta,2023-06-19,0.0,measured
18201,Port Augusta,2023-06-20,7.1,measured
18201,Port Augusta,2023-06-21,0.0,measured
18201,Port Augusta,2023-06-22,5.2,measured
18201,Port Augusta,2023-06-23,29.7,measured
18201,Port Augusta,2023-06-24,0.0,measured
18201,Port Augusta,2023-06-25,0.0,measured
18201,Port Augusta,2023-06-26,0.0,measured
18201,Port Augusta,2023-06-27,62.6,measured
18201,Port Augusta,2023-06-28,13.8,measured
18201,Port Augusta,2023-06-29,0.0,measured
18201,Port Augusta,2023-06-30,0.0,measured
18201,Port Augusta,2023-07-01,0.0,measured
18201,Port Augusta,2023-07-02,0.0,measured
18201,Port Augusta,2023-07-03,0.0,measured
18201,Port Augusta,2023-07-04,7.5,measured
18201,Port Augusta,2023-07-05,8.5,measured
18201,Port Augusta,2023-07-06,5.1,measured
18201,Port Augusta,2023-07-07,20.7,measured
18201,Port Augusta,2023-07-08,13.0,measured
18201,Port Augusta,2023-07-09,6.7,measured
18201,Port Augusta,2023-07-10,0.0,measured
18201,Port Augusta,2023-07-11,0.0,measured
18201,Port Augusta,2023-07-12,0.0,measured
18201,Port Augusta,2023-07-13,13.1,measured
18201,Port Augusta,2023-07-14,12.3,measured
18201,Port Augusta,2023-07-15,0.0,measured
18201,Port Augusta,2023-07-16,0.0,measured
18201,Port Augusta,2023-07-17,0.0,measured
18201,Port Augusta,2023-07-18,0.0,measured
18201,Port Augusta,2023-07-19,0.0,measured
18201,Port Augusta,2023-07-20,0.0,measured
18201,Port Augusta,2023-07-21,7.6,measured
18201,Port Augusta,2023-07-22,6.3,measured
18201,Port Augusta,2023-07-23,26.6,measured
18201,Port Augusta,2023-07-24,0.0,measured
18201,Port Augusta,2023-07-25,18.5,measured
18201,Port Augusta,2023-07-26,30.1,measured
18201,Port Augusta,2023-07-27,11.9,measured
18201,Port Augusta,2023-07-28,12.5,measured
18201,Port Augusta,2023-07-29,11.1,measured
18201,Port Augusta,2023-07-30,0.0,measured
18201,Port Augusta,2023-07-31,5.6,measured
18201,Port Augusta,2023-08-01,0.0,measured
18201,Port Augusta,2023-08-02,6.7,measured
18201,Port Augusta,2023-08-03,7.0,measured
18201,Port Augusta,2023-08-04,0.0,measured
18201,Port Augusta,2023-08-05,0.0,measured
18201,Port Augusta,2023-08-06,7.3,measured
18201,Port Augusta,2023-08-07,71.1,measured
18201,Port Augusta,2023-08-08,0.0,measured
18201,Port Augusta,2023-08-09,0.0,measured
18201,Port Augusta,2023-08-10,0.0,measured
18201,Port Augusta,2023-08-11,21.2,measured
18201,Port Augusta,2023-08-12,0.0,measured
18201,Port Augusta,2023-08-13,0.0,measured
18201,Port Augusta,2023-08-14,19.4,measured
18201,Port Augusta,2023-08-15,13.8,measured
18201,Port Augusta,2023-08-16,35.0,measured
18201,Port Augusta,2023-08-17,0.0,measured
18201,Port Augusta,2023-08-18,11.3,measured
18201,Port Augusta,2023-08-19,30.0,measured
18201,Port Augusta,2023-08-20,0.0,measured
18201,Port Augusta,2023-08-21,18.9,measured
18201,Port Augusta,2023-08-22,0.0,measured
18201,Port Augusta,2023-08-23,23.2,measured
18201,Port Augusta,2023-08-24,0.0,measured
18201,Port Augusta,2023-08-25,0.0,measured
18201,Port Augusta,2023-08-26,0.0,measured
18201,Port Augusta,2023-08-27,6.7,measured
18201,Port Augusta,2023-08-28,30.9,measured
18201,Port Augusta,2023-08-29,0.0,measured
18201,Port Augusta,2023-08-30,0.0,measured
18201,Port Augusta,2023-08-31,4.9,measured
18201,Port Augusta,2023-09-01,0.0,measured
18201,Port Augusta,2023-09-02,0.0,measured
18201,Port Augusta,2023-09-03,7.3,measured
18201,Port Augusta,2023-09-04,9.9,measured
18201,Port Augusta,2023-09-05,0.0,measured
18201,Port Augusta,2023-09-06,10.0,measured
18201,Port Augusta,2023-09-07,0.0,measured
18201,Port Augusta,2023-09-08,20.6,measured
18201,Port Augusta,2023-09-09,0.0,measured
18201,Port Augusta,2023-09-10,8.0,measured
18201,Port Augusta,2023-09-11,0.0,measured
18201,Port Augusta,2023-09-12,3.7,measured
18201,Port Augusta,2023-09-13,0.0,measured
18201,Port Augusta,2023-09-14,0.0,measured
18201,Port Augusta,2023-09-15,0.0,measured
18201,Port Augusta,2023-09-16,0.0,measured
18201,Port Augusta,2023-09-17,3.9,measured
18201,Port Augusta,2023-09-18,6.2,measured
18201,Port Augusta,2023-09-19,4.4,measured
18201,Port Augusta,2023-09-20,8.4,measured
18201,Port Augusta,2023-09-21,15.0,measured
18201,Port Augusta,2023-09-22,0.0,measured
18201,Port Augusta,2023-09-23,4.0,measured
18201,Port Augusta,2023-09-24,0.0,measured
18201,Port Augusta,2023-09-25,1.5,measured
18201,Port Augusta,2023-09-26,0.0,measured
18201,Port Augusta,2023-09-27,0.0,measured
18201,Port Augusta,2023-09-28,0.0,measured
18201,Port Augusta,2023-09-29,0.0,measured
18201,Port Augusta,2023-09-30,0.0,measured
18201,Port Augusta,2023-10-01,1.3,measured
18201,Port Augusta,2023-10-02,0.0,measured
18201,Port Augusta,2023-10-03,0.0,measured
18201,Port Augusta,2023-10-04,0.0,measured
18201,Port Augusta,2023-10-05,0.0,measured
18201,Port Augusta,2023-10-06,0.0,measured
18201,Port Augusta,2023-10-07,0.0,measured
18201,Port Augusta,2023-10-08,2.5,measured
18201,Port Augusta,2023-10-09,0.0,measured
18201,Port Augusta,2023-10-10,0.0,measured
18201,Port Augusta,2023-10-11,1.0,measured
18201,Port Augusta,2023-10-12,0.0,measured
18201,Port Augusta,2023-10-13,0.0,measured
18201,Port Augusta,2023-10-14,0.0,measured
18201,Port Augusta,2023-10-15,7.4,measured
18201,Port Augusta,2023-10-16,0.0,measured
18201,Port Augusta,2023-10-17,0.0,measured
18201,Port Augusta,2023-10-18,0.0,measured
18201,Port Augusta,2023-10-19,35.4,measured
18201,Port Augusta,2023-10-20,0.0,measured
18201,Port Augusta,2023-10-21,0.0,measured
18201,Port Augusta,2023-10-22,0.0,measured
18201,Port Augusta,2023-10-23,0.0,measured
18201,Port Augusta,2023-10-24,1.7,measured
18201,Port Augusta,2023-10-25,2.3,measured
18201,Port Augusta,2023-10-26,1.9,measured
18201,Port Augusta,2023-10-27,0.0,measured
18201,Port Augusta,2023-10-28,0.0,measured
18201,Port Augusta,2023-10-29,0.0,measured
18201,Port Augusta,2023-10-30,0.0,measured
18201,Port Augusta,2023-10-31,0.0,measured
18201,Port Augusta,2023-11-01,0.0,measured
18201,Port Augusta,2023-11-02,0.0,measured
18201,Port Augusta,2023-11-03,0.0,measured
18201,Port Augusta,2023-11-04,0.0,measured
18201,Port Augusta,2023-11-05,1.5,measured
18201,Port Augusta,2023-11-06,0.0,measured
18201,Port Augusta,2023-11-07,0.0,measured
18201,Port Augusta,2023-11-08,0.0,measured
18201,Port Augusta,2023-11-09,0.0,measured
18201,Port Augusta,2023-11-10,2.7,measured
18201,Port Augusta,2023-11-11,0.0,measured
18201,Port Augusta,2023-11-12,0.0,measured
18201,Port Augusta,2023-11-13,9.2,measured
18201,Port Augusta,2023-11-14,1.0,measured
18201,Port Augusta,2023-11-15,0.0,measured
18201,Port Augusta,2023-11-16,0.0,measured
18201,Port Augusta,2023-11-17,0.6,measured
18201,Port Augusta,2023-11-18,0.0,measured
18201,Port Augusta,2023-11-19,3.2,measured
18201,Port Augusta,2023-11-20,0.0,measured
18201,Port Augusta,2023-11-21,0.0,measured
18201,Port Augusta,2023-11-22,0.0,measured
18201,Port Augusta,2023-11-23,0.0,measured
18201,Port Augusta,2023-11-24,0.0,measured
18201,Port Augusta,2023-11-25,4.3,measured
18201,Port Augusta,2023-11-26,1.9,measured
18201,Port Augusta,2023-11-27,0.0,measured
18201,Port Augusta,2023-11-28,0.0,measured
18201,Port Augusta,2023-11-29,0.0,measured
18201,Port Augusta,2023-11-30,0.0,measured
18201,Port Augusta,2023-12-01,3.2,measured
18201,Port Augusta,2023-12-02,0.0,measured
18201,Port Augusta,2023-12-03,0.0,measured
18201,Port Augusta,2023-12-04,0.8,measured
18201,Port Augusta,2023-12-05,0.0,measured
18201,Port Augusta,2023-12-06,0.0,measured
18201,Port Augusta,2023-12-07,0.0,measured
18201,Port Augusta,2023-12-08,0.0,measured
18201,Port Augusta,2023-12-09,0.0,measured
18201,Port Augusta,2023-12-10,7.2,measured
18201,Port Augusta,2023-12-11,0.0,measured
18201,Port Augusta,2023-12-12,0.0,measured
18201,Port Augusta,2023-12-13,0.0,measured
18201,Port Augusta,2023-12-14,0.0,measured
18201,Port Augusta,2023-12-15,6.4,measured
18201,Port Augusta,2023-12-16,0.0,measured
18201,Port Augusta,2023-12-17,0.0,measured
18201,Port Augusta,2023-12-18,0.0,measured
18201,Port Augusta,2023-12-19,0.6,measured
18201,Port Augusta,2023-12-20,2.5,measured
18201,Port Augusta,2023-12-21,0.0,measured
18201,Port Augusta,2023-12-22,0.0,measured
18201,Port Augusta,2023-12-23,0.0,measured
18201,Port Augusta,2023-12-24,3.4,measured
18201,Port Augusta,2023-12-25,0.0,measured
18201,Port Augusta,2023-12-26,0.0,measured
18201,Port Augusta,2023-12-27,0.0,measured
18201,Port Augusta,2023-12-28,0.0,measured
18201,Port Augusta,2023-12-29,2.3,measured
18201,Port Augusta,2023-12-30,0.0,measured
18201,Port Augusta,2023-12-31,6.5,measured
18201,Port Augusta,2024-01-01,0.0,measured
18201,Port Augusta,2024-01-02,0.0,measured
18201,Port Augusta,2024-01-03,0.0,measured
18201,Port Augusta,2024-01-04,0.0,measured
18201,Port Augusta,2024-01-05,0.0,measured
18201,Port Augusta,2024-01-06,0.4,measured
18201,Port Augusta,2024-01-07,0.0,measured
18201,Port Augusta,2024-01-08,0.0,measured
18201,Port Augusta,2024-01-09,0.0,measured
18201,Port Augusta,2024-01-10,0.0,measured
18201,Port Augusta,2024-01-11,0.0,measured
18201,Port Augusta,2024-01-12,0.5,measured
18201,Port Augusta,2024-01-13,0.0,measured
18201,Port Augusta,2024-01-14,0.0,measured
18201,Port Augusta,2024-01-15,0.0,measured
18201,Port Augusta,2024-01-16,0.0,measured
18201,Port Augusta,2024-01-17,0.0,measured
18201,Port Augusta,2024-01-18,1.3,measured
18201,Port Augusta,2024-01-19,4.0,measured
18201,Port Augusta,2024-01-20,0.0,measured
18201,Port Augusta,2024-01-21,0.0,measured
18201,Port Augusta,2024-01-22,0.0,measured
18201,Port Augusta,2024-01-23,8.1,measured
18201,Port Augusta,2024-01-24,0.0,measured
18201,Port Augusta,2024-01-25,0.0,measured
18201,Port Augusta,2024-01-26,0.0,measured
18201,Port Augusta,2024-01-27,0.0,measured
18201,Port Augusta,2024-01-28,5.9,measured
18201,Port Augusta,2024-01-29,0.0,measured
18201,Port Augusta,2024-01-30,0.0,measured
18201,Port Augusta,2024-01-31,0.0,measured
18201,Port Augusta,2024-02-01,0.0,measured
18201,Port Augusta,2024-02-02,0.0,measured
18201,Port Augusta,2024-02-03,0.0,measured
18201,Port Augusta,2024-02-04,0.0,measured
18201,Port Augusta,2024-02-05,5.9,measured
18201,Port Augusta,2024-02-06,0.0,measured
18201,Port Augusta,2024-02-07,6.0,measured
18201,Port Augusta,2024-02-08,0.0,measured
18201,Port Augusta,2024-02-09,0.0,measured
18201,Port Augusta,2024-02-10,0.0,measured
18201,Port Augusta,2024-02-11,0.1,measured
18201,Port Augusta,2024-02-12,1.3,measured
18201,Port Augusta,2024-02-13,0.0,measured
18201,Port Augusta,2024-02-14,0.0,measured
18201,Port Augusta,2024-02-15,0.0,measured
18201,Port Augusta,2024-02-16,0.0,measured
18201,Port Augusta,2024-02-17,0.0,measured
18201,Port Augusta,2024-02-18,0.0,measured
18201,Port Augusta,2024-02-19,0.0,measured
18201,Port Augusta,2024-02-20,0.0,measured
18201,Port Augusta,2024-02-21,9.4,measured
18201,Port Augusta,2024-02-22,10.1,measured
18201,Port Augusta,2024-02-23,0.0,measured
18201,Port Augusta,2024-02-24,2.2,measured
18201,Port Augusta,2024-02-25,0.0,measured
18201,Port Augusta,2024-02-26,0.0,measured
18201,Port Augusta,2024-02-27,0.0,measured
18201,Port Augusta,2024-02-28,0.0,measured
18201,Port Augusta,2024-02-29,0.0,measured
18201,Port Augusta,2024-03-01,0.0,measured
18201,Port Augusta,2024-03-02,0.0,measured
18201,Port Augusta,2024-03-03,0.0,measured
18201,Port Augusta,2024-03-04,9.6,measured
18201,Port Augusta,2024-03-05,0.0,measured
18201,Port Augusta,2024-03-06,0.0,measured
18201,Port Augusta,2024-03-07,0.0,measured
18201,Port Augusta,2024-03-08,0.0,measured
18201,Port Augusta,2024-03-09,0.0,measured
18201,Port Augusta,2024-03-10,3.0,measured
18201,Port Augusta,2024-03-11,0.0,measured
18201,Port Augusta,2024-03-12,0.0,measured
18201,Port Augusta,2024-03-13,0.0,measured
18201,Port Augusta,2024-03-14,0.0,measured
18201,Port Augusta,2024-03-15,0.0,measured
18201,Port Augusta,2024-03-16,0.0,measured
18201,Port Augusta,2024-03-17,0.0,measured
18201,Port Augusta,2024-03-18,0.0,measured
18201,Port Augusta,2024-03-19,0.0,measured
18201,Port Augusta,2024-03-20,2.7,measured
18201,Port Augusta,2024-03-21,0.0,measured
18201,Port Augusta,2024-03-22,0.0,measured
18201,Port Augusta,2024-03-23,0.0,measured
18201,Port Augusta,2024-03-24,0.0,measured
18201,Port Augusta,2024-03-25,0.0,measured
18201,Port Augusta,2024-03-26,0.0,measured
18201,Port Augusta,2024-03-27,1.3,measured
18201,Port Augusta,2024-03-28,0.0,measured
18201,Port Augusta,2024-03-29,0.0,measured
18201,Port Augusta,2024-03-30,0.0,measured
18201,Port Augusta,2024-03-31,0.0,measured
18201,Port Augusta,2024-04-01,0.0,measured
18201,Port Augusta,2024-04-02,2.8,measured
18201,Port Augusta,2024-04-03,0.0,measured
18201,Port Augusta,2024-04-04,0.0,measured
18201,Port Augusta,2024-04-05,0.3,measured
18201,Port Augusta,2024-04-06,0.0,measured
18201,Port Augusta,2024-04-07,0.0,measured
18201,Port Augusta,2024-04-08,0.0,measured
18201,Port Augusta,2024-04-09,0.0,measured
18201,Port Augusta,2024-04-10,0.0,measured
18201,Port Augusta,2024-04-11,0.0,measured
18201,Port Augusta,2024-04-12,1.2,measured
18201,Port Augusta,2024-04-13,1.7,measured
18201,Port Augusta,2024-04-14,0.0,measured
18201,Port Augusta,2024-04-15,0.0,measured
18201,Port Augusta,2024-04-16,2.4,measured
18201,Port Augusta,2024-04-17,0.0,measured
18201,Port Augusta,2024-04-18,8.8,measured
18201,Port Augusta,2024-04-19,0.0,measured
18201,Port Augusta,2024-04-20,7.3,measured
18201,Port Augusta,2024-04-21,10.6,measured
18201,Port Augusta,2024-04-22,0.0,measured
18201,Port Augusta,2024-04-23,6.1,measured
18201,Port Augusta,2024-04-24,23.7,measured
18201,Port Augusta,2024-04-25,0.0,measured
18201,Port Augusta,2024-04-26,3.4,measured
18201,Port Augusta,2024-04-27,0.0,measured
18201,Port Augusta,2024-04-28,0.0,measured
18201,Port Augusta,2024-04-29,0.0,measured
18201,Port Augusta,2024-04-30,0.0,measured
18201,Port Augusta,2024-05-01,0.0,measured
18201,Port Augusta,2024-05-02,0.0,measured
18201,Port Augusta,2024-05-03,0.0,measured
18201,Port Augusta,2024-05-04,0.0,measured
18201,Port Augusta,2024-05-05,0.0,measured
18201,Port Augusta,2024-05-06,0.0,measured
18201,Port Augusta,2024-05-07,0.0,measured
18201,Port Augusta,2024-05-08,0.0,measured
18201,Port Augusta,2024-05-09,0.0,measured
18201,Port Augusta,2024-05-10,0.0,measured
18201,Port Augusta,2024-05-11,0.0,measured
18201,Port Augusta,2024-05-12,0.0,measured
18201,Port Augusta,2024-05-13,6.0,measured
18201,Port Augusta,2024-05-14,0.0,measured
18201,Port Augusta,2024-05-15,0.0,measured
18201,Port Augusta,2024-05-16,0.0,measured
18201,Port Augusta,2024-05-17,0.0,measured
18201,Port Augusta,2024-05-18,5.8,measured
18201,Port Augusta,2024-05-19,5.0,measured
18201,Port Augusta,2024-05-20,13.1,measured
18201,Port Augusta,2024-05-21,7.4,measured
18201,Port Augusta,2024-05-22,0.0,measured
18201,Port Augusta,2024-05-23,0.0,measured
18201,Port Augusta,2024-05-24,11.0,measured
18201,Port Augusta,2024-05-25,0.0,measured
18201,Port Augusta,2024-05-26,6.7,measured
18201,Port Augusta,2024-05-27,32.3,measured
18201,Port Augusta,2024-05-28,0.0,measured
18201,Port Augusta,2024-05-29,0.0,measured
18201,Port Augusta,2024-05-30,0.0,measured
18201,Port Augusta,2024-05-31,0.0,measured
18201,Port Augusta,2024-06-01,6.1,measured
18201,Port Augusta,2024-06-02,19.3,measured
18201,Port Augusta,2024-06-03,0.0,measured
18201,Port Augusta,2024-06-04,0.0,measured
18201,Port Augusta,2024-06-05,25.3,measured
18201,Port Augusta,2024-06-06,0.0,measured
18201,Port Augusta,2024-06-07,0.0,measured
18201,Port Augusta,2024-06-08,6.4,measured
18201,Port Augusta,2024-06-09,5.2,measured
18201,Port Augusta,2024-06-10,11.8,measured
18201,Port Augusta,2024-06-11,5.6,measured
18201,Port Augusta,2024-06-12,5.2,measured
18201,Port Augusta,2024-06-13,0.0,measured
18201,Port Augusta,2024-06-14,6.7,measured
18201,Port Augusta,2024-06-15,0.0,measured
18201,Port Augusta,2024-06-16,12.7,measured
18201,Port Augusta,2024-06-17,8.7,measured
18201,Port Augusta,2024-06-18,12.2,measured
18201,Port Augusta,2024-06-19,12.7,measured
18201,Port Augusta,2024-06-20,0.0,measured
18201,Port Augusta,2024-06-21,18.1,measured
18201,Port Augusta,2024-06-22,0.0,measured
18201,Port Augusta,2024-06-23,6.9,measured
18201,Port Augusta,2024-06-24,18.5,measured
18201,Port Augusta,2024-06-25,0.0,measured
18201,Port Augusta,2024-06-26,21.7,measured
18201,Port Augusta,2024-06-27,0.0,measured
18201,Port Augusta,2024-06-28,0.0,measured
18201,Port Augusta,2024-06-29,0.0,measured
18201,Port Augusta,2024-06-30,0.0,measured
18201,Port Augusta,2024-07-01,5.4,measured
18201,Port Augusta,2024-07-02,5.1,measured
18201,Port Augusta,2024-07-03,0.0,measured
18201,Port Augusta,2024-07-04,0.0,measured
18201,Port Augusta,2024-07-05,14.5,measured
18201,Port Augusta,2024-07-06,0.0,measured
18201,Port Augusta,2024-07-07,19.9,measured
18201,Port Augusta,2024-07-08,0.0,measured
18201,Port Augusta,2024-07-09,27.9,measured
18201,Port Augusta,2024-07-10,0.0,measured
18201,Port Augusta,2024-07-11,8.1,measured
18201,Port Augusta,2024-07-12,21.3,measured
18201,Port Augusta,2024-07-13,0.0,measured
18201,Port Augusta,2024-07-14,24.2,measured
18201,Port Augusta,2024-07-15,15.1,measured
18201,Port Augusta,2024-07-16,0.0,measured
18201,Port Augusta,2024-07-17,17.1,measured
18201,Port Augusta,2024-07-18,0.0,measured
18201,Port Augusta,2024-07-19,0.0,measured
18201,Port Augusta,2024-07-20,37.8,measured
18201,Port Augusta,2024-07-21,0.0,measured
18201,Port Augusta,2024-07-22,15.8,measured
18201,Port Augusta,2024-07-23,17.8,measured
18201,Port Augusta,2024-07-24,24.6,measured
18201,Port Augusta,2024-07-25,0.0,measured
18201,Port Augusta,2024-07-26,55.5,measured
18201,Port Augusta,2024-07-27,0.0,measured
18201,Port Augusta,2024-07-28,0.0,measured
18201,Port Augusta,2024-07-29,0.0,measured
18201,Port Augusta,2024-07-30,26.6,measured
18201,Port Augusta,2024-07-31,0.0,measured
18201,Port Augusta,2024-08-01,24.3,measured
18201,Port Augusta,2024-08-02,0.0,measured
18201,Port Augusta,2024-08-03,8.3,measured
18201,Port Augusta,2024-08-04,0.0,measured
18201,Port Augusta,2024-08-05,20.5,measured
18201,Port Augusta,2024-08-06,0.0,measured
18201,Port Augusta,2024-08-07,20.7,measured
18201,Port Augusta,2024-08-08,14.8,measured
18201,Port Augusta,2024-08-09,0.0,measured
18201,Port Augusta,2024-08-10,5.9,measured
18201,Port Augusta,2024-08-11,0.0,measured
18201,Port Augusta,2024-08-12,9.3,measured
18201,Port Augusta,2024-08-13,0.0,measured
18201,Port Augusta,2024-08-14,21.4,measured
18201,Port Augusta,2024-08-15,0.0,measured
18201,Port Augusta,2024-08-16,3.2,measured
18201,Port Augusta,2024-08-17,0.0,measured
18201,Port Augusta,2024-08-18,11.9,measured
18201,Port Augusta,2024-08-19,0.0,measured
18201,Port Augusta,2024-08-20,0.0,measured
18201,Port Augusta,2024-08-21,0.0,measured
18201,Port Augusta,2024-08-22,0.0,measured
18201,Port Augusta,2024-08-23,0.0,measured
18201,Port Augusta,2024-08-24,0.0,measured
18201,Port Augusta,2024-08-25,5.7,measured
18201,Port Augusta,2024-08-26,0.0,measured
18201,Port Augusta,2024-08-27,8.1,measured
18201,Port Augusta,2024-08-28,0.0,measured
18201,Port Augusta,2024-08-29,0.0,measured
18201,Port Augusta,2024-08-30,17.0,measured
18201,Port Augusta,2024-08-31,15.7,measured
18201,Port Augusta,2024-09-01,4.4,measured
18201,Port Augusta,2024-09-02,3.5,measured
18201,Port Augusta,2024-09-03,11.9,measured
18201,Port Augusta,2024-09-04,0.0,measured
18201,Port Augusta,2024-09-05,4.4,measured
18201,Port Augusta,2024-09-06,0.0,measured
18201,Port Augusta,2024-09-07,0.0,measured
18201,Port Augusta,2024-09-08,0.0,measured
18201,Port Augusta,2024-09-09,0.0,measured
18201,Port Augusta,2024-09-10,4.1,measured
18201,Port Augusta,2024-09-11,4.6,measured
18201,Port Augusta,2024-09-12,3.4,measured
18201,Port Augusta,2024-09-13,0.0,measured
18201,Port Augusta,2024-09-14,29.6,measured
18201,Port Augusta,2024-09-15,0.0,measured
18201,Port Augusta,2024-09-16,0.0,measured
18201,Port Augusta,2024-09-17,10.1,measured
18201,Port Augusta,2024-09-18,0.0,measured
18201,Port Augusta,2024-09-19,0.0,measured
18201,Port Augusta,2024-09-20,0.0,measured
18201,Port Augusta,2024-09-21,0.0,measured
18201,Port Augusta,2024-09-22,0.0,measured
18201,Port Augusta,2024-09-23,1.4,measured
18201,Port Augusta,2024-09-24,0.0,measured
18201,Port Augusta,2024-09-25,0.0,measured
18201,Port Augusta,2024-09-26,0.0,measured
18201,Port Augusta,2024-09-27,0.0,measured
18201,Port Augusta,2024-09-28,5.1,measured
18201,Port Augusta,2024-09-29,1.4,measured
18201,Port Augusta,2024-09-30,0.0,measured
18201,Port Augusta,2024-10-01,0.0,measured
18201,Port Augusta,2024-10-02,0.0,measured
18201,Port Augusta,2024-10-03,8.8,measured
18201,Port Augusta,2024-10-04,0.0,measured
18201,Port Augusta,2024-10-05,0.0,measured
18201,Port Augusta,2024-10-06,3.1,measured
18201,Port Augusta,2024-10-07,0.0,measured
18201,Port Augusta,2024-10-08,0.0,measured
18201,Port Augusta,2024-10-09,0.0,measured
18201,Port Augusta,2024-10-10,0.0,measured
18201,Port Augusta,2024-10-11,0.0,measured
18201,Port Augusta,2024-10-12,0.0,measured
18201,Port Augusta,2024-10-13,0.0,measured
18201,Port Augusta,2024-10-14,0.0,measured
18201,Port Augusta,2024-10-15,0.0,measured
18201,Port Augusta,2024-10-16,0.7,measured
18201,Port Augusta,2024-10-17,0.0,measured
18201,Port Augusta,2024-10-18,0.8,measured
18201,Port Augusta,2024-10-19,0.0,measured
18201,Port Augusta,2024-10-20,0.0,measured
18201,Port Augusta,2024-10-21,0.0,measured
18201,Port Augusta,2024-10-22,0.0,measured
18201,Port Augusta,2024-10-23,6.0,measured
18201,Port Augusta,2024-10-24,0.0,measured
18201,Port Augusta,2024-10-25,0.0,measured
18201,Port Augusta,2024-10-26,0.0,measured
18201,Port Augusta,2024-10-27,0.0,measured
18201,Port Augusta,2024-10-28,0.0,measured
18201,Port Augusta,2024-10-29,0.0,measured
18201,Port Augusta,2024-10-30,0.0,measured
18201,Port Augusta,2024-10-31,0.0,measured
18201,Port Augusta,2024-11-01,0.0,measured
18201,Port Augusta,2024-11-02,0.0,measured
18201,Port Augusta,2024-11-03,0.0,measured
18201,Port Augusta,2024-11-04,0.0,measured
18201,Port Augusta,2024-11-05,0.0,measured
18201,Port Augusta,2024-11-06,0.7,measured
18201,Port Augusta,2024-11-07,0.0,measured
18201,Port Augusta,2024-11-08,0.0,measured
18201,Port Augusta,2024-11-09,0.0,measured
18201,Port Augusta,2024-11-10,0.0,measured
18201,Port Augusta,2024-11-11,4.6,measured
18201,Port Augusta,2024-11-12,0.0,measured
18201,Port Augusta,2024-11-13,0.0,measured
18201,Port Augusta,2024-11-14,0.0,measured
18201,Port Augusta,2024-11-15,0.0,measured
18201,Port Augusta,2024-11-16,0.1,measured
18201,Port Augusta,2024-11-17,0.0,measured
18201,Port Augusta,2024-11-18,0.0,measured
18201,Port Augusta,2024-11-19,0.0,measured
18201,Port Augusta,2024-11-20,16.1,measured
18201,Port Augusta,2024-11-21,0.0,measured
18201,Port Augusta,2024-11-22,0.0,measured
18201,Port Augusta,2024-11-23,0.0,measured
18201,Port Augusta,2024-11-24,0.0,measured
18201,Port Augusta,2024-11-25,0.0,measured
18201,Port Augusta,2024-11-26,0.0,measured
18201,Port Augusta,2024-11-27,7.2,measured
18201,Port Augusta,2024-11-28,0.0,measured
18201,Port Augusta,2024-11-29,0.0,measured
18201,Port Augusta,2024-11-30,0.0,measured
18201,Port Augusta,2024-12-01,3.1,measured
18201,Port Augusta,2024-12-02,0.0,measured
18201,Port Augusta,2024-12-03,0.0,measured
18201,Port Augusta,2024-12-04,2.2,measured
18201,Port Augusta,2024-12-05,0.0,measured
18201,Port Augusta,2024-12-06,0.0,measured
18201,Port Augusta,2024-12-07,0.0,measured
18201,Port Augusta,2024-12-08,0.0,measured
18201,Port Augusta,2024-12-09,0.0,measured
18201,Port Augusta,2024-12-10,0.0,measured
18201,Port Augusta,2024-12-11,0.0,measured
18201,Port Augusta,2024-12-12,0.0,measured
18201,Port Augusta,2024-12-13,0.0,measured
18201,Port Augusta,2024-12-14,0.0,measured
18201,Port Augusta,2024-12-15,0.0,measured
18201,Port Augusta,2024-12-16,0.0,measured
18201,Port Augusta,2024-12-17,0.0,measured
18201,Port Augusta,2024-12-18,0.0,measured
18201,Port Augusta,2024-12-19,0.0,measured
18201,Port Augusta,2024-12-20,0.0,measured
18201,Port Augusta,2024-12-21,0.0,measured
18201,Port Augusta,2024-12-22,0.0,measured
18201,Port Augusta,2024-12-23,0.0,measured
18201,Port Augusta,2024-12-24,2.0,measured
18201,Port Augusta,2024-12-25,0.0,measured
18201,Port Augusta,2024-12-26,0.0,measured
18201,Port Augusta,2024-12-27,0.0,measured
18201,Port Augusta,2024-12-28,2.1,measured
18201,Port Augusta,2024-12-29,0.0,measured
18201,Port Augusta,2024-12-30,0.0,measured
18201,Port Augusta,2024-12-31,0.0,measured
18201,Port Augusta,2025-01-01,12.9,measured
18201,Port Augusta,2025-01-02,0.0,measured
18201,Port Augusta,2025-01-03,0.7,measured
18201,Port Augusta,2025-01-04,0.0,measured
18201,Port Augusta,2025-01-05,0.0,measured
18201,Port Augusta,2025-01-06,15.4,measured
18201,Port Augusta,2025-01-07,0.0,measured
18201,Port Augusta,2025-01-08,0.0,measured
18201,Port Augusta,2025-01-09,7.7,measured
18201,Port Augusta,2025-01-10,0.0,measured
18201,Port Augusta,2025-01-11,0.0,measured
18201,Port Augusta,2025-01-12,0.0,measured
18201,Port Augusta,2025-01-13,0.0,measured
18201,Port Augusta,2025-01-14,0.0,measured
18201,Port Augusta,2025-01-15,0.0,measured
18201,Port Augusta,2025-01-16,3.9,measured
18201,Port Augusta,2025-01-17,0.0,measured
18201,Port Augusta,2025-01-18,0.0,measured
18201,Port Augusta,2025-01-19,0.0,measured
18201,Port Augusta,2025-01-20,0.0,measured
18201,Port Augusta,2025-01-21,0.0,measured
18201,Port Augusta,2025-01-22,0.0,measured
18201,Port Augusta,2025-01-23,0.0,measured
18201,Port Augusta,2025-01-24,0.0,measured
18201,Port Augusta,2025-01-25,0.0,measured
18201,Port Augusta,2025-01-26,0.0,measured
18201,Port Augusta,2025-01-27,0.0,measured
18201,Port Augusta,2025-01-28,0.0,measured
18201,Port Augusta,2025-01-29,0.0,measured
18201,Port Augusta,2025-01-30,0.0,measured
18201,Port Augusta,2025-01-31,0.0,measured
18201,Port Augusta,2025-02-01,0.0,measured
18201,Port Augusta,2025-02-02,2.3,measured
18201,Port Augusta,2025-02-03,0.0,measured
18201,Port Augusta,2025-02-04,0.0,measured
18201,Port Augusta,2025-02-05,0.0,measured
18201,Port Augusta,2025-02-06,0.0,measured
18201,Port Augusta,2025-02-07,0.0,measured
18201,Port Augusta,2025-02-08,4.6,measured
18201,Port Augusta,2025-02-09,0.0,measured
18201,Port Augusta,2025-02-10,4.9,measured
18201,Port Augusta,2025-02-11,5.3,measured
18201,Port Augusta,2025-02-12,0.0,measured
18201,Port Augusta,2025-02-13,0.0,measured
18201,Port Augusta,2025-02-14,0.0,measured
18201,Port Augusta,2025-02-15,0.0,measured
18201,Port Augusta,2025-02-16,0.0,measured
18201,Port Augusta,2025-02-17,0.0,measured
18201,Port Augusta,2025-02-18,0.0,measured
18201,Port Augusta,2025-02-19,2.2,measured
18201,Port Augusta,2025-02-20,0.0,measured
18201,Port Augusta,2025-02-21,0.0,measured
18201,Port Augusta,2025-02-22,0.0,measured
18201,Port Augusta,2025-02-23,0.0,measured
18201,Port Augusta,2025-02-24,0.0,measured
18201,Port Augusta,2025-02-25,0.0,measured
18201,Port Augusta,2025-02-26,0.0,measured
18201,Port Augusta,2025-02-27,0.0,measured
18201,Port Augusta,2025-02-28,0.0,measured
18201,Port Augusta,2025-03-01,2.2,measured
18201,Port Augusta,2025-03-02,0.0,measured
18201,Port Augusta,2025-03-03,0.0,measured
18201,Port Augusta,2025-03-04,0.0,measured
18201,Port Augusta,2025-03-05,0.0,measured
18201,Port Augusta,2025-03-06,0.0,measured
18201,Port Augusta,2025-03-07,0.0,measured
18201,Port Augusta,2025-03-08,0.0,measured
18201,Port Augusta,2025-03-09,0.0,measured
18201,Port Augusta,2025-03-10,0.0,measured
18201,Port Augusta,2025-03-11,0.0,measured
18201,Port Augusta,2025-03-12,0.0,measured
18201,Port Augusta,2025-03-13,0.0,measured
18201,Port Augusta,2025-03-14,0.3,measured
18201,Port Augusta,2025-03-15,0.0,measured
18201,Port Augusta,2025-03-16,0.0,measured
18201,Port Augusta,2025-03-17,0.0,measured
18201,Port Augusta,2025-03-18,0.0,measured
18201,Port Augusta,2025-03-19,0.0,measured
18201,Port Augusta,2025-03-20,3.5,measured
18201,Port Augusta,2025-03-21,0.0,measured
18201,Port Augusta,2025-03-22,0.0,measured
18201,Port Augusta,2025-03-23,0.0,measured
18201,Port Augusta,2025-03-24,0.0,measured
18201,Port Augusta,2025-03-25,7.9,measured
18201,Port Augusta,2025-03-26,0.0,measured
18201,Port Augusta,2025-03-27,0.0,measured
18201,Port Augusta,2025-03-28,1.8,measured
18201,Port Augusta,2025-03-29,0.0,measured
18201,Port Augusta,2025-03-30,0.0,measured
18201,Port Augusta,2025-03-31,0.2,measured
18201,Port Augusta,2025-04-01,0.0,measured
18201,Port Augusta,2025-04-02,0.0,measured
18201,Port Augusta,2025-04-03,8.8,measured
18201,Port Augusta,2025-04-04,2.2,measured
18201,Port Augusta,2025-04-05,0.0,measured
18201,Port Augusta,2025-04-06,0.0,measured
18201,Port Augusta,2025-04-07,6.0,measured
18201,Port Augusta,2025-04-08,0.0,measured
18201,Port Augusta,2025-04-09,0.0,measured
18201,Port Augusta,2025-04-10,2.0,measured
18201,Port Augusta,2025-04-11,0.0,measured
18201,Port Augusta,2025-04-12,0.0,measured
18201,Port Augusta,2025-04-13,0.0,measured
18201,Port Augusta,2025-04-14,0.0,measured
18201,Port Augusta,2025-04-15,8.0,measured
18201,Port Augusta,2025-04-16,3.2,measured
18201,Port Augusta,2025-04-17,0.0,measured
18201,Port Augusta,2025-04-18,4.1,measured
18201,Port Augusta,2025-04-19,0.0,measured
18201,Port Augusta,2025-04-20,0.0,measured
18201,Port Augusta,2025-04-21,28.5,measured
18201,Port Augusta,2025-04-22,0.0,measured
18201,Port Augusta,2025-04-23,7.5,measured
18201,Port Augusta,2025-04-24,0.0,measured
18201,Port Augusta,2025-04-25,0.0,measured
18201,Port Augusta,2025-04-26,9.1,measured
18201,Port Augusta,2025-04-27,0.0,measured
18201,Port Augusta,2025-04-28,0.0,measured
18201,Port Augusta,2025-04-29,14.2,measured
18201,Port Augusta,2025-04-30,0.0,measured
18201,Port Augusta,2025-05-01,10.5,measured
18201,Port Augusta,2025-05-02,0.0,measured
18201,Port Augusta,2025-05-03,0.0,measured
18201,Port Augusta,2025-05-04,0.0,measured
18201,Port Augusta,2025-05-05,0.0,measured
18201,Port Augusta,2025-05-06,0.0,measured
18201,Port Augusta,2025-05-07,0.0,measured
18201,Port Augusta,2025-05-08,0.0,measured
18201,Port Augusta,2025-05-09,0.0,measured
18201,Port Augusta,2025-05-10,6.8,measured
18201,Port Augusta,2025-05-11,0.0,measured
18201,Port Augusta,2025-05-12,0.0,measured
18201,Port Augusta,2025-05-13,6.7,measured
18201,Port Augusta,2025-05-14,0.0,measured
18201,Port Augusta,2025-05-15,3.4,measured
18201,Port Augusta,2025-05-16,0.0,measured
18201,Port Augusta,2025-05-17,0.0,measured
18201,Port Augusta,2025-05-18,0.0,measured
18201,Port Augusta,2025-05-19,0.0,measured
18201,Port Augusta,2025-05-20,0.0,measured
18201,Port Augusta,2025-05-21,21.3,measured
18201,Port Augusta,2025-05-22,0.0,measured
18201,Port Augusta,2025-05-23,0.0,measured
18201,Port Augusta,2025-05-24,0.0,measured
18201,Port Augusta,2025-05-25,6.6,measured
18201,Port Augusta,2025-05-26,0.0,measured
18201,Port Augusta,2025-05-27,25.1,measured
18201,Port Augusta,2025-05-28,0.0,measured
18201,Port Augusta,2025-05-29,0.0,measured
18201,Port Augusta,2025-05-30,0.0,measured
18201,Port Augusta,2025-05-31,0.0,measured
18201,Port Augusta,2025-06-01,0.0,measured
18201,Port Augusta,2025-06-02,22.5,measured
18201,Port Augusta,2025-06-03,10.7,measured
18201,Port Augusta,2025-06-04,11.0,measured
18201,Port Augusta,2025-06-05,0.0,measured
18201,Port Augusta,2025-06-06,0.0,measured
18201,Port Augusta,2025-06-07,0.0,measured
18201,Port Augusta,2025-06-08,0.0,measured
18201,Port Augusta,2025-06-09,6.7,measured
18201,Port Augusta,2025-06-10,22.5,measured
18201,Port Augusta,2025-06-11,0.0,measured
18201,Port Augusta,2025-06-12,0.0,measured
18201,Port Augusta,2025-06-13,5.7,measured
18201,Port Augusta,2025-06-14,0.0,measured
18201,Port Augusta,2025-06-15,0.0,measured
18201,Port Augusta,2025-06-16,14.4,measured
18201,Port Augusta,2025-06-17,25.2,measured
18201,Port Augusta,2025-06-18,16.3,measured
18201,Port Augusta,2025-06-19,29.1,measured
18201,Port Augusta,2025-06-20,15.2,measured
18201,Port Augusta,2025-06-21,0.0,measured
18201,Port Augusta,2025-06-22,0.0,measured
18201,Port Augusta,2025-06-23,0.0,measured
18201,Port Augusta,2025-06-24,25.9,measured
18201,Port Augusta,2025-06-25,8.4,measured
18201,Port Augusta,2025-06-26,10.1,measured
18201,Port Augusta,2025-06-27,36.8,measured
18201,Port Augusta,2025-06-28,11.3,measured
18201,Port Augusta,2025-06-29,51.2,measured
18201,Port Augusta,2025-06-30,0.0,measured
18201,Port Augusta,2025-07-01,16.2,measured
18201,Port Augusta,2025-07-02,56.5,measured
18201,Port Augusta,2025-07-03,13.7,measured
18201,Port Augusta,2025-07-04,7.1,measured
18201,Port Augusta,2025-07-05,0.0,measured
18201,Port Augusta,2025-07-06,13.8,measured
18201,Port Augusta,2025-07-07,0.0,measured
18201,Port Augusta,2025-07-08,0.0,measured
18201,Port Augusta,2025-07-09,19.4,measured
18201,Port Augusta,2025-07-10,8.6,measured
18201,Port Augusta,2025-07-11,0.0,measured
18201,Port Augusta,2025-07-12,26.6,measured
18201,Port Augusta,2025-07-13,8.4,measured
18201,Port Augusta,2025-07-14,0.0,measured
18201,Port Augusta,2025-07-15,5.2,measured
18201,Port Augusta,2025-07-16,0.0,measured
18201,Port Augusta,2025-07-17,30.6,measured
18201,Port Augusta,2025-07-18,6.7,measured
18201,Port Augusta,2025-07-19,10.5,measured
18201,Port Augusta,2025-07-20,0.0,measured
18201,Port Augusta,2025-07-21,3.8,measured
18201,Port Augusta,2025-07-22,0.0,measured
18201,Port Augusta,2025-07-23,9.0,measured
18201,Port Augusta,2025-07-24,4.0,measured
18201,Port Augusta,2025-07-25,0.0,measured
18201,Port Augusta,2025-07-26,25.8,measured
18201,Port Augusta,2025-07-27,17.1,measured
18201,Port Augusta,2025-07-28,7.6,measured
18201,Port Augusta,2025-07-29,40.9,measured
18201,Port Augusta,2025-07-30,18.0,measured
18201,Port Augusta,2025-07-31,0.0,measured
18201,Port Augusta,2025-08-01,10.6,measured
18201,Port Augusta,2025-08-02,0.0,measured
18201,Port Augusta,2025-08-03,11.2,measured
18201,Port Augusta,2025-08-04,18.7,measured
18201,Port Augusta,2025-08-05,23.2,measured
18201,Port Augusta,2025-08-06,7.4,measured
18201,Port Augusta,2025-08-07,0.0,measured
18201,Port Augusta,2025-08-08,7.1,measured
18201,Port Augusta,2025-08-09,0.0,measured
18201,Port Augusta,2025-08-10,0.0,measured
18201,Port Augusta,2025-08-11,51.7,measured
18201,Port Augusta,2025-08-12,0.0,measured
18201,Port Augusta,2025-08-13,19.5,measured
18201,Port Augusta,2025-08-14,15.0,measured
18201,Port Augusta,2025-08-15,0.0,measured
18201,Port Augusta,2025-08-16,0.0,measured
18201,Port Augusta,2025-08-17,0.0,measured
18201,Port Augusta,2025-08-18,0.0,measured
18201,Port Augusta,2025-08-19,13.4,measured
18201,Port Augusta,2025-08-20,7.8,measured
18201,Port Augusta,2025-08-21,7.5,measured
18201,Port Augusta,2025-08-22,11.1,measured
18201,Port Augusta,2025-08-23,0.0,measured
18201,Port Augusta,2025-08-24,6.6,measured
18201,Port Augusta,2025-08-25,0.0,measured
18201,Port Augusta,2025-08-26,15.2,measured
18201,Port Augusta,2025-08-27,4.3,measured
18201,Port Augusta,2025-08-28,0.0,measured
18201,Port Augusta,2025-08-29,0.0,measured
18201,Port Augusta,2025-08-30,0.0,measured
18201,Port Augusta,2025-08-31,0.0,measured
18201,Port Augusta,2025-09-01,0.0,measured
18201,Port Augusta,2025-09-02,3.0,measured
18201,Port Augusta,2025-09-03,17.0,measured
18201,Port Augusta,2025-09-04,0.0,measured
18201,Port Augusta,2025-09-05,0.0,measured
18201,Port Augusta,2025-09-06,0.0,measured
18201,Port Augusta,2025-09-07,0.0,measured
18201,Port Augusta,2025-09-08,0.0,measured
18201,Port Augusta,2025-09-09,8.6,measured
18201,Port Augusta,2025-09-10,11.2,measured
18201,Port Augusta,2025-09-11,3.4,measured
18201,Port Augusta,2025-09-12,0.0,measured
18201,Port Augusta,2025-09-13,14.7,measured
18201,Port Augusta,2025-09-14,0.0,measured
18201,Port Augusta,2025-09-15,0.0,measured
18201,Port Augusta,2025-09-16,0.0,measured
18201,Port Augusta,2025-09-17,0.0,measured
18201,Port Augusta,2025-09-18,0.0,measured
18201,Port Augusta,2025-09-19,0.0,measured
18201,Port Augusta,2025-09-20,0.0,measured
18201,Port Augusta,2025-09-21,22.6,measured
18201,Port Augusta,2025-09-22,0.0,measured
18201,Port Augusta,2025-09-23,3.2,measured
18201,Port Augusta,2025-09-24,0.0,measured
18201,Port Augusta,2025-09-25,2.7,measured
18201,Port Augusta,2025-09-26,9.0,measured
18201,Port Augusta,2025-09-27,0.0,measured
18201,Port Augusta,2025-09-28,0.0,measured
18201,Port Augusta,2025-09-29,5.1,measured
18201,Port Augusta,2025-09-30,7.9,measured
18201,Port Augusta,2025-10-01,2.7,measured
18201,Port Augusta,2025-10-02,0.0,measured
18201,Port Augusta,2025-10-03,0.0,measured
18201,Port Augusta,2025-10-04,0.0,measured
18201,Port Augusta,2025-10-05,0.0,measured
18201,Port Augusta,2025-10-06,0.0,measured
18201,Port Augusta,2025-10-07,0.6,measured
18201,Port Augusta,2025-10-08,3.5,measured
18201,Port Augusta,2025-10-09,0.0,measured
18201,Port Augusta,2025-10-10,0.0,measured
18201,Port Augusta,2025-10-11,0.0,measured
18201,Port Augusta,2025-10-12,0.0,measured
18201,Port Augusta,2025-10-13,0.0,measured
18201,Port Augusta,2025-10-14,0.0,measured
18201,Port Augusta,2025-10-15,0.0,measured
18201,Port Augusta,2025-10-16,2.1,measured
18201,Port Augusta,2025-10-17,0.0,measured
18201,Port Augusta,2025-10-18,0.0,measured
18201,Port Augusta,2025-10-19,0.0,measured
18201,Port Augusta,2025-10-20,0.0,measured
18201,Port Augusta,2025-10-21,2.6,measured
18201,Port Augusta,2025-10-22,0.0,measured
18201,Port Augusta,2025-10-23,1.3,measured
18201,Port Augusta,2025-10-24,0.4,measured
18201,Port Augusta,2025-10-25,0.0,measured
18201,Port Augusta,2025-10-26,0.0,measured
18201,Port Augusta,2025-10-27,4.4,measured
18201,Port Augusta,2025-10-28,2.2,measured
18201,Port Augusta,2025-10-29,0.0,measured
18201,Port Augusta,2025-10-30,0.0,measured
18201,Port Augusta,2025-10-31,0.0,measured
18201,Port Augusta,2025-11-01,0.0,measured
18201,Port Augusta,2025-11-02,5.0,measured
18201,Port Augusta,2025-11-03,0.1,measured
18201,Port Augusta,2025-11-04,0.0,measured
18201,Port Augusta,2025-11-05,0.0,measured
18201,Port Augusta,2025-11-06,0.0,measured
18201,Port Augusta,2025-11-07,0.0,measured
18201,Port Augusta,2025-11-08,0.0,measured
18201,Port Augusta,2025-11-09,0.0,measured
18201,Port Augusta,2025-11-10,0.1,measured
18201,Port Augusta,2025-11-11,0.0,measured
18201,Port Augusta,2025-11-12,0.0,measured
18201,Port Augusta,2025-11-13,0.0,measured
18201,Port Augusta,2025-11-14,0.0,measured
18201,Port Augusta,2025-11-15,0.0,measured
18201,Port Augusta,2025-11-16,6.4,measured
18201,Port Augusta,2025-11-17,4.3,measured
18201,Port Augusta,2025-11-18,0.0,measured
18201,Port Augusta,2025-11-19,0.0,measured
18201,Port Augusta,2025-11-20,0.0,measured
18201,Port Augusta,2025-11-21,0.0,measured
18201,Port Augusta,2025-11-22,0.0,measured
18201,Port Augusta,2025-11-23,1.9,measured
18201,Port Augusta,2025-11-24,3.7,measured
18201,Port Augusta,2025-11-25,0.0,measured
18201,Port Augusta,2025-11-26,0.0,measured
18201,Port Augusta,2025-11-27,0.0,measured
18201,Port Augusta,2025-11-28,0.0,measured
18201,Port Augusta,2025-11-29,0.0,measured
18201,Port Augusta,2025-11-30,0.4,measured
18201,Port Augusta,2025-12-01,3.2,measured
18201,Port Augusta,2025-12-02,0.0,measured
18201,Port Augusta,2025-12-03,0.0,measured
18201,Port Augusta,2025-12-04,6.4,measured
18201,Port Augusta,2025-12-05,0.0,measured
18201,Port Augusta,2025-12-06,0.0,measured
18201,Port Augusta,2025-12-07,0.0,measured
18201,Port Augusta,2025-12-08,0.0,measured
18201,Port Augusta,2025-12-09,0.0,measured
18201,Port Augusta,2025-12-10,0.0,measured
18201,Port Augusta,2025-12-11,0.0,measured
18201,Port Augusta,2025-12-12,0.0,measured
18201,Port Augusta,2025-12-13,0.0,measured
18201,Port Augusta,2025-12-14,0.0,measured
18201,Port Augusta,2025-12-15,0.3,measured
18201,Port Augusta,2025-12-16,0.0,measured
18201,Port Augusta,2025-12-17,0.0,measured
18201,Port Augusta,2025-12-18,0.0,measured
18201,Port Augusta,2025-12-19,3.6,measured
18201,Port Augusta,2025-12-20,0.0,measured
18201,Port Augusta,2025-12-21,0.0,measured
18201,Port Augusta,2025-12-22,6.9,measured
18201,Port Augusta,2025-12-23,8.7,measured
18201,Port Augusta,2025-12-24,0.0,measured
18201,Port Augusta,2025-12-25,0.0,measured
18201,Port Augusta,2025-12-26,0.0,measured
18201,Port Augusta,2025-12-27,0.0,measured
18201,Port Augusta,2025-12-28,0.0,measured
18201,Port Augusta,2025-12-29,0.0,measured
18201,Port Augusta,2025-12-30,0.0,measured
18201,Port Augusta,2025-12-31,0.0,measured
18201,Port Augusta,2026-01-01,0.0,measured
18201,Port Augusta,2026-01-02,0.0,measured
18201,Port Augusta,2026-01-03,0.0,measured
18201,Port Augusta,2026-01-04,0.0,measured
18201,Port Augusta,2026-01-05,0.4,measured
18201,Port Augusta,2026-01-06,11.0,measured
18201,Port Augusta,2026-01-07,0.0,measured
18201,Port Augusta,2026-01-08,0.0,measured
18201,Port Augusta,2026-01-09,0.0,measured
18201,Port Augusta,2026-01-10,0.8,measured
18201,Port Augusta,2026-01-11,0.0,measured
18201,Port Augusta,2026-01-12,0.0,measured
18201,Port Augusta,2026-01-13,0.0,measured
18201,Port Augusta,2026-01-14,2.0,measured
18201,Port Augusta,2026-01-15,0.0,measured
18201,Port Augusta,2026-01-16,0.0,measured
18201,Port Augusta,2026-01-17,0.0,measured
18201,Port Augusta,2026-01-18,0.0,measured
18201,Port Augusta,2026-01-19,0.0,measured
18201,Port Augusta,2026-01-20,0.0,measured
18201,Port Augusta,2026-01-21,0.4,measured
18201,Port Augusta,2026-01-22,0.0,measured
18201,Port Augusta,2026-01-23,0.0,measured
18201,Port Augusta,2026-01-24,0.0,measured
18201,Port Augusta,2026-01-25,0.0,measured
18201,Port Augusta,2026-01-26,0.0,measured
18201,Port Augusta,2026-01-27,0.0,measured
18201,Port Augusta,2026-01-28,0.0,measured
18201,Port Augusta,2026-01-29,0.0,measured
18201,Port Augusta,2026-01-30,1.7,measured
18201,Port Augusta,2026-01-31,0.0,measured
18201,Port Augusta,2026-02-01,0.0,measured
18201,Port Augusta,2026-02-02,0.0,measured
18201,Port Augusta,2026-02-03,0.0,measured
18201,Port Augusta,2026-02-04,0.0,measured
18201,Port Augusta,2026-02-05,0.0,measured
18201,Port Augusta,2026-02-06,0.0,measured
18201,Port Augusta,2026-02-07,0.0,measured
18201,Port Augusta,2026-02-08,0.0,measured
18201,Port Augusta,2026-02-09,0.0,measured
18201,Port Augusta,2026-02-10,0.0,measured
18201,Port Augusta,2026-02-11,0.0,measured
18201,Port Augusta,2026-02-12,0.0,measured
18201,Port Augusta,2026-02-13,0.0,measured
18201,Port Augusta,2026-02-14,0.0,measured
18201,Port Augusta,2026-02-15,0.0,measured
18201,Port Augusta,2026-02-16,0.0,measured
18201,Port Augusta,2026-02-17,0.0,measured
18201,Port Augusta,2026-02-18,0.8,measured
18201,Port Augusta,2026-02-19,0.0,measured
18201,Port Augusta,2026-02-20,0.0,measured
18201,Port Augusta,2026-02-21,0.5,measured
18201,Port Augusta,2026-02-22,7.1,measured
18201,Port Augusta,2026-02-23,6.4,measured
18201,Port Augusta,2026-02-24,0.0,measured
18201,Port Augusta,2026-02-25,0.0,measured
18201,Port Augusta,2026-02-26,1.1,measured
18201,Port Augusta,2026-02-27,0.0,measured
18201,Port Augusta,2026-02-28,2.1,measured
18201,Port Augusta,2026-03-01,4.8,measured
18201,Port Augusta,2026-03-02,0.0,measured
18201,Port Augusta,2026-03-03,0.0,measured
18201,Port Augusta,2026-03-04,2.9,measured
18201,Port Augusta,2026-03-05,0.0,measured
18201,Port Augusta,2026-03-06,0.0,measured
18201,Port Augusta,2026-03-07,2.6,measured
18201,Port Augusta,2026-03-08,0.0,measured
18201,Port Augusta,2026-03-09,0.0,measured
18201,Port Augusta,2026-03-10,0.0,measured
18201,Port Augusta,2026-03-11,0.0,measured
18201,Port Augusta,2026-03-12,0.0,measured
18201,Port Augusta,2026-03-13,0.0,measured
18201,Port Augusta,2026-03-14,0.0,measured
18201,Port Augusta,2026-03-15,0.0,measured
18201,Port Augusta,2026-03-16,0.0,measured
18201,Port Augusta,2026-03-17,0.0,measured
18201,Port Augusta,2026-03-18,0.0,measured
18201,Port Augusta,2026-03-19,0.0,measured
18201,Port Augusta,2026-03-20,0.0,measured
18201,Port Augusta,2026-03-21,0.0,measured
18201,Port Augusta,2026-03-22,0.0,measured
18201,Port Augusta,2026-03-23,0.0,measured
18201,Port Augusta,2026-03-24,0.0,measured
18201,Port Augusta,2026-03-25,0.0,measured
18201,Port Augusta,2026-03-26,1.5,measured
18201,Port Augusta,2026-03-27,0.0,measured
18201,Port Augusta,2026-03-28,0.0,measured
18201,Port Augusta,2026-03-29,0.0,measured
18201,Port Augusta,2026-03-30,5.2,measured
18201,Port Augusta,2026-03-31,0.0,measured
18201,Port Augusta,2026-04-01,0.0,measured
18201,Port Augusta,2026-04-02,0.0,measured
18201,Port Augusta,2026-04-03,0.0,measured
18201,Port Augusta,2026-04-04,0.0,measured
18201,Port Augusta,2026-04-05,3.0,measured
18201,Port Augusta,2026-04-06,0.0,measured
18201,Port Augusta,2026-04-07,2.7,measured
18201,Port Augusta,2026-04-08,0.0,measured
18201,Port Augusta,2026-04-09,0.3,measured
18201,Port Augusta,2026-04-10,0.0,measured
18201,Port Augusta,2026-04-11,19.9,measured
18201,Port Augusta,2026-04-12,0.0,measured
18201,Port Augusta,2026-04-13,10.8,measured
18201,Port Augusta,2026-04-14,0.0,measured
18201,Port Augusta,2026-04-15,0.0,measured
18201,Port Augusta,2026-04-16,0.0,measured
18201,Port Augusta,2026-04-17,2.6,measured
18201,Port Augusta,2026-04-18,0.0,measured
18201,Port Augusta,2026-04-19,0.0,measured
18201,Port Augusta,2026-04-20,9.5,measured
18201,Port Augusta,2026-04-21,0.0,measured
18201,Port Augusta,2026-04-22,1.3,measured
18201,Port Augusta,2026-04-23,12.1,measured
18201,Port Augusta,2026-04-24,0.0,measured
18201,Port Augusta,2026-04-25,0.0,measured
18201,Port Augusta,2026-04-26,0.0,measured
18201,Port Augusta,2026-04-27,5.0,measured
18201,Port Augusta,2026-04-28,2.2,measured
18201,Port Augusta,2026-04-29,0.0,measured
18201,Port Augusta,2026-04-30,0.0,measured
18201,Port Augusta,2026-05-01,0.0,measured
18201,Port Augusta,2026-05-02,15.4,measured
18201,Port Augusta,2026-05-03,0.0,measured
18201,Port Augusta,2026-05-04,6.4,measured
18201,Port Augusta,2026-05-05,3.4,measured
18201,Port Augusta,2026-05-06,0.0,measured
18201,Port Augusta,2026-05-07,0.0,measured
18201,Port Augusta,2026-05-08,6.2,measured
18201,Port Augusta,2026-05-09,0.0,measured
18201,Port Augusta,2026-05-10,38.3,measured
18201,Port Augusta,2026-05-11,7.3,measured
18201,Port Augusta,2026-05-12,0.0,measured
18201,Port Augusta,2026-05-13,0.0,measured
18201,Port Augusta,2026-05-14,0.0,measured
18201,Port Augusta,2026-05-15,5.4,measured
18201,Port Augusta,2026-05-16,0.0,measured
18201,Port Augusta,2026-05-17,0.0,measured
18201,Port Augusta,2026-05-18,2.8,measured
18201,Port Augusta,2026-05-19,0.0,measured
18201,Port Augusta,2026-05-20,11.3,measured
18201,Port Augusta,2026-05-21,0.0,measured
18201,Port Augusta,2026-05-22,0.0,measured
18201,Port Augusta,2026-05-23,0.0,measured
18201,Port Augusta,2026-05-24,5.0,measured
18201,Port Augusta,2026-05-25,0.0,measured
18201,Port Augusta,2026-05-26,0.0,measured
18201,Port Augusta,2026-05-27,11.9,measured
18201,Port Augusta,2026-05-28,19.0,measured
18201,Port Augusta,2026-05-29,0.0,measured
18201,Port Augusta,2026-05-30,0.0,measured
18201,Port Augusta,2026-05-31,22.1,measured
18201,Port Augusta,2026-06-01,9.9,measured
18201,Port Augusta,2026-06-02,7.8,measured
18201,Port Augusta,2026-06-03,32.8,measured
18201,Port Augusta,2026-06-04,0.0,measured
18012,Ceduna,2023-06-06,0.0,measured
18012,Ceduna,2023-06-07,9.9,measured
18012,Ceduna,2023-06-08,15.6,measured
18012,Ceduna,2023-06-09,0.0,measured
18012,Ceduna,2023-06-10,0.0,measured
18012,Ceduna,2023-06-11,9.8,measured
18012,Ceduna,2023-06-12,10.2,measured
18012,Ceduna,2023-06-13,7.3,measured
18012,Ceduna,2023-06-14,14.0,measured
18012,Ceduna,2023-06-15,0.0,measured
18012,Ceduna,2023-06-16,9.5,measured
18012,Ceduna,2023-06-17,0.0,measured
18012,Ceduna,2023-06-18,25.1,measured
18012,Ceduna,2023-06-19,0.0,measured
18012,Ceduna,2023-06-20,9.2,measured
18012,Ceduna,2023-06-21,0.0,measured
18012,Ceduna,2023-06-22,8.4,measured
18012,Ceduna,2023-06-23,30.2,measured
18012,Ceduna,2023-06-24,0.0,measured
18012,Ceduna,2023-06-25,0.0,measured
18012,Ceduna,2023-06-26,0.0,measured
18012,Ceduna,2023-06-27,49.6,measured
18012,Ceduna,2023-06-28,17.6,measured
18012,Ceduna,2023-06-29,0.0,measured
18012,Ceduna,2023-06-30,0.0,measured
18012,Ceduna,2023-07-01,0.0,measured
18012,Ceduna,2023-07-02,0.0,measured
18012,Ceduna,2023-07-03,0.0,measured
18012,Ceduna,2023-07-04,6.6,measured
18012,Ceduna,2023-07-05,6.7,measured
18012,Ceduna,2023-07-06,6.3,measured
18012,Ceduna,2023-07-07,16.3,measured
18012,Ceduna,2023-07-08,11.4,measured
18012,Ceduna,2023-07-09,6.7,measured
18012,Ceduna,2023-07-10,0.0,measured
18012,Ceduna,2023-07-11,0.0,measured
18012,Ceduna,2023-07-12,0.0,measured
18012,Ceduna,2023-07-13,23.8,measured
18012,Ceduna,2023-07-14,8.3,measured
18012,Ceduna,2023-07-15,0.0,measured
18012,Ceduna,2023-07-16,0.0,measured
18012,Ceduna,2023-07-17,0.0,measured
18012,Ceduna,2023-07-18,0.0,measured
18012,Ceduna,2023-07-19,0.0,measured
18012,Ceduna,2023-07-20,0.0,measured
18012,Ceduna,2023-07-21,5.9,measured
18012,Ceduna,2023-07-22,9.6,measured
18012,Ceduna,2023-07-23,33.8,measured
18012,Ceduna,2023-07-24,0.0,measured
18012,Ceduna,2023-07-25,15.1,measured
18012,Ceduna,2023-07-26,26.1,measured
18012,Ceduna,2023-07-27,6.8,measured
18012,Ceduna,2023-07-28,9.9,measured
18012,Ceduna,2023-07-29,15.2,measured
18012,Ceduna,2023-07-30,0.0,measured
18012,Ceduna,2023-07-31,8.3,measured
18012,Ceduna,2023-08-01,0.0,measured
18012,Ceduna,2023-08-02,5.0,measured
18012,Ceduna,2023-08-03,5.1,measured
18012,Ceduna,2023-08-04,0.0,measured
18012,Ceduna,2023-08-05,0.0,measured
18012,Ceduna,2023-08-06,4.6,measured
18012,Ceduna,2023-08-07,75.5,measured
18012,Ceduna,2023-08-08,0.0,measured
18012,Ceduna,2023-08-09,0.0,measured
18012,Ceduna,2023-08-10,0.0,measured
18012,Ceduna,2023-08-11,24.3,measured
18012,Ceduna,2023-08-12,0.0,measured
18012,Ceduna,2023-08-13,0.0,measured
18012,Ceduna,2023-08-14,14.4,measured
18012,Ceduna,2023-08-15,13.4,measured
18012,Ceduna,2023-08-16,38.1,measured
18012,Ceduna,2023-08-17,0.0,measured
18012,Ceduna,2023-08-18,15.1,measured
18012,Ceduna,2023-08-19,31.8,measured
18012,Ceduna,2023-08-20,0.0,measured
18012,Ceduna,2023-08-21,18.2,measured
18012,Ceduna,2023-08-22,0.0,measured
18012,Ceduna,2023-08-23,16.1,measured
18012,Ceduna,2023-08-24,0.0,measured
18012,Ceduna,2023-08-25,0.0,measured
18012,Ceduna,2023-08-26,0.0,measured
18012,Ceduna,2023-08-27,9.2,measured
18012,Ceduna,2023-08-28,24.8,measured
18012,Ceduna,2023-08-29,0.0,measured
18012,Ceduna,2023-08-30,0.0,measured
18012,Ceduna,2023-08-31,2.7,measured
18012,Ceduna,2023-09-01,0.0,measured
18012,Ceduna,2023-09-02,0.0,measured
18012,Ceduna,2023-09-03,8.9,measured
18012,Ceduna,2023-09-04,19.8,measured
18012,Ceduna,2023-09-05,0.0,measured
18012,Ceduna,2023-09-06,11.0,measured
18012,Ceduna,2023-09-07,0.0,measured
18012,Ceduna,2023-09-08,12.0,measured
18012,Ceduna,2023-09-09,0.0,measured
18012,Ceduna,2023-09-10,9.6,measured
18012,Ceduna,2023-09-11,0.0,measured
18012,Ceduna,2023-09-12,6.8,measured
18012,Ceduna,2023-09-13,0.0,measured
18012,Ceduna,2023-09-14,0.0,measured
18012,Ceduna,2023-09-15,0.0,measured
18012,Ceduna,2023-09-16,0.0,measured
18012,Ceduna,2023-09-17,5.3,measured
18012,Ceduna,2023-09-18,9.5,measured
18012,Ceduna,2023-09-19,4.0,measured
18012,Ceduna,2023-09-20,10.8,measured
18012,Ceduna,2023-09-21,19.3,measured
18012,Ceduna,2023-09-22,0.0,measured
18012,Ceduna,2023-09-23,3.1,measured
18012,Ceduna,2023-09-24,0.0,measured
18012,Ceduna,2023-09-25,1.5,measured
18012,Ceduna,2023-09-26,0.0,measured
18012,Ceduna,2023-09-27,0.0,measured
18012,Ceduna,2023-09-28,0.0,measured
18012,Ceduna,2023-09-29,0.0,measured
18012,Ceduna,2023-09-30,0.0,measured
18012,Ceduna,2023-10-01,1.1,measured
18012,Ceduna,2023-10-02,0.0,measured
18012,Ceduna,2023-10-03,0.0,measured
18012,Ceduna,2023-10-04,0.0,measured
18012,Ceduna,2023-10-05,0.0,measured
18012,Ceduna,2023-10-06,0.0,measured
18012,Ceduna,2023-10-07,0.0,measured
18012,Ceduna,2023-10-08,2.4,measured
18012,Ceduna,2023-10-09,0.0,measured
18012,Ceduna,2023-10-10,0.0,measured
18012,Ceduna,2023-10-11,0.8,measured
18012,Ceduna,2023-10-12,0.0,measured
18012,Ceduna,2023-10-13,0.0,measured
18012,Ceduna,2023-10-14,0.0,measured
18012,Ceduna,2023-10-15,6.9,measured
18012,Ceduna,2023-10-16,0.0,measured
18012,Ceduna,2023-10-17,0.0,measured
18012,Ceduna,2023-10-18,0.0,measured
18012,Ceduna,2023-10-19,32.9,measured
18012,Ceduna,2023-10-20,0.0,measured
18012,Ceduna,2023-10-21,0.0,measured
18012,Ceduna,2023-10-22,0.0,measured
18012,Ceduna,2023-10-23,0.0,measured
18012,Ceduna,2023-10-24,2.6,measured
18012,Ceduna,2023-10-25,1.5,measured
18012,Ceduna,2023-10-26,1.7,measured
18012,Ceduna,2023-10-27,0.0,measured
18012,Ceduna,2023-10-28,0.0,measured
18012,Ceduna,2023-10-29,0.0,measured
18012,Ceduna,2023-10-30,0.0,measured
18012,Ceduna,2023-10-31,0.0,measured
18012,Ceduna,2023-11-01,0.0,measured
18012,Ceduna,2023-11-02,0.0,measured
18012,Ceduna,2023-11-03,0.0,measured
18012,Ceduna,2023-11-04,0.0,measured
18012,Ceduna,2023-11-05,1.8,measured
18012,Ceduna,2023-11-06,0.0,measured
18012,Ceduna,2023-11-07,0.0,measured
18012,Ceduna,2023-11-08,0.0,measured
18012,Ceduna,2023-11-09,0.0,measured
18012,Ceduna,2023-11-10,3.6,measured
18012,Ceduna,2023-11-11,0.0,measured
18012,Ceduna,2023-11-12,0.0,measured
18012,Ceduna,2023-11-13,10.6,measured
18012,Ceduna,2023-11-14,0.9,measured
18012,Ceduna,2023-11-15,0.0,measured
18012,Ceduna,2023-11-16,0.0,measured
18012,Ceduna,2023-11-17,0.4,measured
18012,Ceduna,2023-11-18,0.0,measured
18012,Ceduna,2023-11-19,3.5,measured
18012,Ceduna,2023-11-20,0.0,measured
18012,Ceduna,2023-11-21,0.0,measured
18012,Ceduna,2023-11-22,0.0,measured
18012,Ceduna,2023-11-23,0.0,measured
18012,Ceduna,2023-11-24,0.0,measured
18012,Ceduna,2023-11-25,5.8,measured
18012,Ceduna,2023-11-26,2.4,measured
18012,Ceduna,2023-11-27,0.0,measured
18012,Ceduna,2023-11-28,0.0,measured
18012,Ceduna,2023-11-29,0.0,measured
18012,Ceduna,2023-11-30,0.0,measured
18012,Ceduna,2023-12-01,2.5,measured
18012,Ceduna,2023-12-02,0.0,measured
18012,Ceduna,2023-12-03,0.0,measured
18012,Ceduna,2023-12-04,0.7,measured
18012,Ceduna,2023-12-05,0.0,measured
18012,Ceduna,2023-12-06,0.0,measured
18012,Ceduna,2023-12-07,0.0,measured
18012,Ceduna,2023-12-08,0.0,measured
18012,Ceduna,2023-12-09,0.0,measured
18012,Ceduna,2023-12-10,4.8,measured
18012,Ceduna,2023-12-11,0.0,measured
18012,Ceduna,2023-12-12,0.0,measured
18012,Ceduna,2023-12-13,0.0,measured
18012,Ceduna,2023-12-14,0.0,measured
18012,Ceduna,2023-12-15,7.0,measured
18012,Ceduna,2023-12-16,0.0,measured
18012,Ceduna,2023-12-17,0.0,measured
18012,Ceduna,2023-12-18,0.0,measured
18012,Ceduna,2023-12-19,0.4,measured
18012,Ceduna,2023-12-20,2.6,measured
18012,Ceduna,2023-12-21,0.0,measured
18012,Ceduna,2023-12-22,0.0,measured
18012,Ceduna,2023-12-23,0.0,measured
18012,Ceduna,2023-12-24,3.0,measured
18012,Ceduna,2023-12-25,0.0,measured
18012,Ceduna,2023-12-26,0.0,measured
18012,Ceduna,2023-12-27,0.0,measured
18012,Ceduna,2023-12-28,0.0,measured
18012,Ceduna,2023-12-29,2.4,measured
18012,Ceduna,2023-12-30,0.0,measured
18012,Ceduna,2023-12-31,5.5,measured
18012,Ceduna,2024-01-01,0.0,measured
18012,Ceduna,2024-01-02,0.0,measured
18012,Ceduna,2024-01-03,0.0,measured
18012,Ceduna,2024-01-04,0.0,measured
18012,Ceduna,2024-01-05,0.0,measured
18012,Ceduna,2024-01-06,0.4,measured
18012,Ceduna,2024-01-07,0.0,measured
18012,Ceduna,2024-01-08,0.0,measured
18012,Ceduna,2024-01-09,0.0,measured
18012,Ceduna,2024-01-10,0.0,measured
18012,Ceduna,2024-01-11,0.0,measured
18012,Ceduna,2024-01-12,0.3,measured
18012,Ceduna,2024-01-13,0.0,measured
18012,Ceduna,2024-01-14,0.0,measured
18012,Ceduna,2024-01-15,0.0,measured
18012,Ceduna,2024-01-16,0.0,measured
18012,Ceduna,2024-01-17,0.0,measured
18012,Ceduna,2024-01-18,1.0,measured
18012,Ceduna,2024-01-19,6.2,measured
18012,Ceduna,2024-01-20,0.0,measured
18012,Ceduna,2024-01-21,0.0,measured
18012,Ceduna,2024-01-22,0.0,measured
18012,Ceduna,2024-01-23,13.8,measured
18012,Ceduna,2024-01-24,0.0,measured
18012,Ceduna,2024-01-25,0.0,measured
18012,Ceduna,2024-01-26,0.0,measured
18012,Ceduna,2024-01-27,0.0,measured
18012,Ceduna,2024-01-28,6.0,measured
18012,Ceduna,2024-01-29,0.0,measured
18012,Ceduna,2024-01-30,0.0,measured
18012,Ceduna,2024-01-31,0.0,measured
18012,Ceduna,2024-02-01,0.0,measured
18012,Ceduna,2024-02-02,0.0,measured
18012,Ceduna,2024-02-03,0.0,measured
18012,Ceduna,2024-02-04,0.0,measured
18012,Ceduna,2024-02-05,9.8,measured
18012,Ceduna,2024-02-06,0.0,measured
18012,Ceduna,2024-02-07,7.0,measured
18012,Ceduna,2024-02-08,0.0,measured
18012,Ceduna,2024-02-09,0.0,measured
18012,Ceduna,2024-02-10,0.0,measured
18012,Ceduna,2024-02-11,0.1,measured
18012,Ceduna,2024-02-12,2.0,measured
18012,Ceduna,2024-02-13,0.0,measured
18012,Ceduna,2024-02-14,0.0,measured
18012,Ceduna,2024-02-15,0.0,measured
18012,Ceduna,2024-02-16,0.0,measured
18012,Ceduna,2024-02-17,0.0,measured
18012,Ceduna,2024-02-18,0.0,measured
18012,Ceduna,2024-02-19,0.0,measured
18012,Ceduna,2024-02-20,0.0,measured
18012,Ceduna,2024-02-21,12.1,measured
18012,Ceduna,2024-02-22,8.3,measured
18012,Ceduna,2024-02-23,0.0,measured
18012,Ceduna,2024-02-24,2.8,measured
18012,Ceduna,2024-02-25,0.0,measured
18012,Ceduna,2024-02-26,0.0,measured
18012,Ceduna,2024-02-27,0.0,measured
18012,Ceduna,2024-02-28,0.0,measured
18012,Ceduna,2024-02-29,0.0,measured
18012,Ceduna,2024-03-01,0.0,measured
18012,Ceduna,2024-03-02,0.0,measured
18012,Ceduna,2024-03-03,0.0,measured
18012,Ceduna,2024-03-04,12.3,measured
18012,Ceduna,2024-03-05,0.0,measured
18012,Ceduna,2024-03-06,0.0,measured
18012,Ceduna,2024-03-07,0.0,measured
18012,Ceduna,2024-03-08,0.0,measured
18012,Ceduna,2024-03-09,0.0,measured
18012,Ceduna,2024-03-10,3.8,measured
18012,Ceduna,2024-03-11,0.0,measured
18012,Ceduna,2024-03-12,0.0,measured
18012,Ceduna,2024-03-13,0.0,measured
18012,Ceduna,2024-03-14,0.0,measured
18012,Ceduna,2024-03-15,0.0,measured
18012,Ceduna,2024-03-16,0.0,measured
18012,Ceduna,2024-03-17,0.0,measured
18012,Ceduna,2024-03-18,0.0,measured
18012,Ceduna,2024-03-19,0.0,measured
18012,Ceduna,2024-03-20,2.1,measured
18012,Ceduna,2024-03-21,0.0,measured
18012,Ceduna,2024-03-22,0.0,measured
18012,Ceduna,2024-03-23,0.0,measured
18012,Ceduna,2024-03-24,0.0,measured
18012,Ceduna,2024-03-25,0.0,measured
18012,Ceduna,2024-03-26,0.0,measured
18012,Ceduna,2024-03-27,1.0,measured
18012,Ceduna,2024-03-28,0.0,measured
18012,Ceduna,2024-03-29,0.0,measured
18012,Ceduna,2024-03-30,0.0,measured
18012,Ceduna,2024-03-31,0.0,measured
18012,Ceduna,2024-04-01,0.0,measured
18012,Ceduna,2024-04-02,3.0,measured
18012,Ceduna,2024-04-03,0.0,measured
18012,Ceduna,2024-04-04,0.0,measured
18012,Ceduna,2024-04-05,0.4,measured
18012,Ceduna,2024-04-06,0.0,measured
18012,Ceduna,2024-04-07,0.0,measured
18012,Ceduna,2024-04-08,0.0,measured
18012,Ceduna,2024-04-09,0.0,measured
18012,Ceduna,2024-04-10,0.0,measured
18012,Ceduna,2024-04-11,0.0,measured
18012,Ceduna,2024-04-12,0.9,measured
18012,Ceduna,2024-04-13,1.8,measured
18012,Ceduna,2024-04-14,0.0,measured
18012,Ceduna,2024-04-15,0.0,measured
18012,Ceduna,2024-04-16,2.2,measured
18012,Ceduna,2024-04-17,0.0,measured
18012,Ceduna,2024-04-18,5.2,measured
18012,Ceduna,2024-04-19,0.0,measured
18012,Ceduna,2024-04-20,7.1,measured
18012,Ceduna,2024-04-21,9.1,measured
18012,Ceduna,2024-04-22,0.0,measured
18012,Ceduna,2024-04-23,5.2,measured
18012,Ceduna,2024-04-24,22.0,measured
18012,Ceduna,2024-04-25,0.0,measured
18012,Ceduna,2024-04-26,2.3,measured
18012,Ceduna,2024-04-27,0.0,measured
18012,Ceduna,2024-04-28,0.0,measured
18012,Ceduna,2024-04-29,0.0,measured
18012,Ceduna,2024-04-30,0.0,measured
18012,Ceduna,2024-05-01,0.0,measured
18012,Ceduna,2024-05-02,0.0,measured
18012,Ceduna,2024-05-03,0.0,measured
18012,Ceduna,2024-05-04,0.0,measured
18012,Ceduna,2024-05-05,0.0,measured
18012,Ceduna,2024-05-06,0.0,measured
18012,Ceduna,2024-05-07,0.0,measured
18012,Ceduna,2024-05-08,0.0,measured
18012,Ceduna,2024-05-09,0.0,measured
18012,Ceduna,2024-05-10,0.0,measured
18012,Ceduna,2024-05-11,0.0,measured
18012,Ceduna,2024-05-12,0.0,measured
18012,Ceduna,2024-05-13,5.0,measured
18012,Ceduna,2024-05-14,0.0,measured
18012,Ceduna,2024-05-15,0.0,measured
18012,Ceduna,2024-05-16,0.0,measured
18012,Ceduna,2024-05-17,0.0,measured
18012,Ceduna,2024-05-18,4.0,measured
18012,Ceduna,2024-05-19,4.7,measured
18012,Ceduna,2024-05-20,7.3,measured
18012,Ceduna,2024-05-21,6.0,measured
18012,Ceduna,2024-05-22,0.0,measured
18012,Ceduna,2024-05-23,0.0,measured
18012,Ceduna,2024-05-24,10.6,measured
18012,Ceduna,2024-05-25,0.0,measured
18012,Ceduna,2024-05-26,4.5,measured
18012,Ceduna,2024-05-27,26.0,measured
18012,Ceduna,2024-05-28,0.0,measured
18012,Ceduna,2024-05-29,0.0,measured
18012,Ceduna,2024-05-30,0.0,measured
18012,Ceduna,2024-05-31,0.0,measured
18012,Ceduna,2024-06-01,5.5,measured
18012,Ceduna,2024-06-02,20.5,measured
18012,Ceduna,2024-06-03,0.0,measured
18012,Ceduna,2024-06-04,0.0,measured
18012,Ceduna,2024-06-05,12.4,measured
18012,Ceduna,2024-06-06,0.0,measured
18012,Ceduna,2024-06-07,0.0,measured
18012,Ceduna,2024-06-08,9.1,measured
18012,Ceduna,2024-06-09,6.3,measured
18012,Ceduna,2024-06-10,15.4,measured
18012,Ceduna,2024-06-11,7.4,measured
18012,Ceduna,2024-06-12,7.7,measured
18012,Ceduna,2024-06-13,0.0,measured
18012,Ceduna,2024-06-14,12.1,measured
18012,Ceduna,2024-06-15,0.0,measured
18012,Ceduna,2024-06-16,11.9,measured
18012,Ceduna,2024-06-17,11.8,measured
18012,Ceduna,2024-06-18,8.5,measured
18012,Ceduna,2024-06-19,12.3,measured
18012,Ceduna,2024-06-20,0.0,measured
18012,Ceduna,2024-06-21,26.6,measured
18012,Ceduna,2024-06-22,0.0,measured
18012,Ceduna,2024-06-23,5.0,measured
18012,Ceduna,2024-06-24,16.3,measured
18012,Ceduna,2024-06-25,0.0,measured
18012,Ceduna,2024-06-26,18.3,measured
18012,Ceduna,2024-06-27,0.0,measured
18012,Ceduna,2024-06-28,0.0,measured
18012,Ceduna,2024-06-29,0.0,measured
18012,Ceduna,2024-06-30,0.0,measured
18012,Ceduna,2024-07-01,5.1,measured
18012,Ceduna,2024-07-02,6.5,measured
18012,Ceduna,2024-07-03,0.0,measured
18012,Ceduna,2024-07-04,0.0,measured
18012,Ceduna,2024-07-05,15.9,measured
18012,Ceduna,2024-07-06,0.0,measured
18012,Ceduna,2024-07-07,15.4,measured
18012,Ceduna,2024-07-08,0.0,measured
18012,Ceduna,2024-07-09,21.0,measured
18012,Ceduna,2024-07-10,0.0,measured
18012,Ceduna,2024-07-11,7.1,measured
18012,Ceduna,2024-07-12,17.4,measured
18012,Ceduna,2024-07-13,0.0,measured
18012,Ceduna,2024-07-14,19.7,measured
18012,Ceduna,2024-07-15,17.2,measured
18012,Ceduna,2024-07-16,0.0,measured
18012,Ceduna,2024-07-17,18.4,measured
18012,Ceduna,2024-07-18,0.0,measured
18012,Ceduna,2024-07-19,0.0,measured
18012,Ceduna,2024-07-20,59.9,measured
18012,Ceduna,2024-07-21,0.0,measured
18012,Ceduna,2024-07-22,15.0,measured
18012,Ceduna,2024-07-23,15.0,measured
18012,Ceduna,2024-07-24,31.6,measured
18012,Ceduna,2024-07-25,0.0,measured
18012,Ceduna,2024-07-26,47.4,measured
18012,Ceduna,2024-07-27,0.0,measured
18012,Ceduna,2024-07-28,0.0,measured
18012,Ceduna,2024-07-29,0.0,measured
18012,Ceduna,2024-07-30,17.4,measured
18012,Ceduna,2024-07-31,0.0,measured
18012,Ceduna,2024-08-01,26.5,measured
18012,Ceduna,2024-08-02,0.0,measured
18012,Ceduna,2024-08-03,8.5,measured
18012,Ceduna,2024-08-04,0.0,measured
18012,Ceduna,2024-08-05,16.1,measured
18012,Ceduna,2024-08-06,0.0,measured
18012,Ceduna,2024-08-07,20.2,measured
18012,Ceduna,2024-08-08,15.1,measured
18012,Ceduna,2024-08-09,0.0,measured
18012,Ceduna,2024-08-10,3.5,measured
18012,Ceduna,2024-08-11,0.0,measured
18012,Ceduna,2024-08-12,5.0,measured
18012,Ceduna,2024-08-13,0.0,measured
18012,Ceduna,2024-08-14,23.7,measured
18012,Ceduna,2024-08-15,0.0,measured
18012,Ceduna,2024-08-16,5.0,measured
18012,Ceduna,2024-08-17,0.0,measured
18012,Ceduna,2024-08-18,19.3,measured
18012,Ceduna,2024-08-19,0.0,measured
18012,Ceduna,2024-08-20,0.0,measured
18012,Ceduna,2024-08-21,0.0,measured
18012,Ceduna,2024-08-22,0.0,measured
18012,Ceduna,2024-08-23,0.0,measured
18012,Ceduna,2024-08-24,0.0,measured
18012,Ceduna,2024-08-25,7.0,measured
18012,Ceduna,2024-08-26,0.0,measured
18012,Ceduna,2024-08-27,9.7,measured
18012,Ceduna,2024-08-28,0.0,measured
18012,Ceduna,2024-08-29,0.0,measured
18012,Ceduna,2024-08-30,15.5,measured
18012,Ceduna,2024-08-31,11.1,measured
18012,Ceduna,2024-09-01,4.5,measured
18012,Ceduna,2024-09-02,3.4,measured
18012,Ceduna,2024-09-03,7.7,measured
18012,Ceduna,2024-09-04,0.0,measured
18012,Ceduna,2024-09-05,3.8,measured
18012,Ceduna,2024-09-06,0.0,measured
18012,Ceduna,2024-09-07,0.0,measured
18012,Ceduna,2024-09-08,0.0,measured
18012,Ceduna,2024-09-09,0.0,measured
18012,Ceduna,2024-09-10,3.7,measured
18012,Ceduna,2024-09-11,4.5,measured
18012,Ceduna,2024-09-12,3.1,measured
18012,Ceduna,2024-09-13,0.0,measured
18012,Ceduna,2024-09-14,19.3,measured
18012,Ceduna,2024-09-15,0.0,measured
18012,Ceduna,2024-09-16,0.0,measured
18012,Ceduna,2024-09-17,20.1,measured
18012,Ceduna,2024-09-18,0.0,measured
18012,Ceduna,2024-09-19,0.0,measured
18012,Ceduna,2024-09-20,0.0,measured
18012,Ceduna,2024-09-21,0.0,measured
18012,Ceduna,2024-09-22,0.0,measured
18012,Ceduna,2024-09-23,2.4,measured
18012,Ceduna,2024-09-24,0.0,measured
18012,Ceduna,2024-09-25,0.0,measured
18012,Ceduna,2024-09-26,0.0,measured
18012,Ceduna,2024-09-27,0.0,measured
18012,Ceduna,2024-09-28,4.2,measured
18012,Ceduna,2024-09-29,1.5,measured
18012,Ceduna,2024-09-30,0.0,measured
18012,Ceduna,2024-10-01,0.0,measured
18012,Ceduna,2024-10-02,0.0,measured
18012,Ceduna,2024-10-03,9.0,measured
18012,Ceduna,2024-10-04,0.0,measured
18012,Ceduna,2024-10-05,0.0,measured
18012,Ceduna,2024-10-06,3.8,measured
18012,Ceduna,2024-10-07,0.0,measured
18012,Ceduna,2024-10-08,0.0,measured
18012,Ceduna,2024-10-09,0.0,measured
18012,Ceduna,2024-10-10,0.0,measured
18012,Ceduna,2024-10-11,0.0,measured
18012,Ceduna,2024-10-12,0.0,measured
18012,Ceduna,2024-10-13,0.0,measured
18012,Ceduna,2024-10-14,0.0,measured
18012,Ceduna,2024-10-15,0.0,measured
18012,Ceduna,2024-10-16,0.6,measured
18012,Ceduna,2024-10-17,0.0,measured
18012,Ceduna,2024-10-18,0.8,measured
18012,Ceduna,2024-10-19,0.0,measured
18012,Ceduna,2024-10-20,0.0,measured
18012,Ceduna,2024-10-21,0.0,measured
18012,Ceduna,2024-10-22,0.0,measured
18012,Ceduna,2024-10-23,6.2,measured
18012,Ceduna,2024-10-24,0.0,measured
18012,Ceduna,2024-10-25,0.0,measured
18012,Ceduna,2024-10-26,0.0,measured
18012,Ceduna,2024-10-27,0.0,measured
18012,Ceduna,2024-10-28,0.0,measured
18012,Ceduna,2024-10-29,0.0,measured
18012,Ceduna,2024-10-30,0.0,measured
18012,Ceduna,2024-10-31,0.0,measured
18012,Ceduna,2024-11-01,0.0,measured
18012,Ceduna,2024-11-02,0.0,measured
18012,Ceduna,2024-11-03,0.0,measured
18012,Ceduna,2024-11-04,0.0,measured
18012,Ceduna,2024-11-05,0.0,measured
18012,Ceduna,2024-11-06,0.9,measured
18012,Ceduna,2024-11-07,0.0,measured
18012,Ceduna,2024-11-08,0.0,measured
18012,Ceduna,2024-11-09,0.0,measured
18012,Ceduna,2024-11-10,0.0,measured
18012,Ceduna,2024-11-11,5.2,measured
18012,Ceduna,2024-11-12,0.0,measured
18012,Ceduna,2024-11-13,0.0,measured
18012,Ceduna,2024-11-14,0.0,measured
18012,Ceduna,2024-11-15,0.0,measured
18012,Ceduna,2024-11-16,0.2,measured
18012,Ceduna,2024-11-17,0.0,measured
18012,Ceduna,2024-11-18,0.0,measured
18012,Ceduna,2024-11-19,0.0,measured
18012,Ceduna,2024-11-20,14.1,measured
18012,Ceduna,2024-11-21,0.0,measured
18012,Ceduna,2024-11-22,0.0,measured
18012,Ceduna,2024-11-23,0.0,measured
18012,Ceduna,2024-11-24,0.0,measured
18012,Ceduna,2024-11-25,0.0,measured
18012,Ceduna,2024-11-26,0.0,measured
18012,Ceduna,2024-11-27,5.8,measured
18012,Ceduna,2024-11-28,0.0,measured
18012,Ceduna,2024-11-29,0.0,measured
18012,Ceduna,2024-11-30,0.0,measured
18012,Ceduna,2024-12-01,4.2,measured
18012,Ceduna,2024-12-02,0.0,measured
18012,Ceduna,2024-12-03,0.0,measured
18012,Ceduna,2024-12-04,2.1,measured
18012,Ceduna,2024-12-05,0.0,measured
18012,Ceduna,2024-12-06,0.0,measured
18012,Ceduna,2024-12-07,0.0,measured
18012,Ceduna,2024-12-08,0.0,measured
18012,Ceduna,2024-12-09,0.0,measured
18012,Ceduna,2024-12-10,0.0,measured
18012,Ceduna,2024-12-11,0.0,measured
18012,Ceduna,2024-12-12,0.0,measured
18012,Ceduna,2024-12-13,0.0,measured
18012,Ceduna,2024-12-14,0.0,measured
18012,Ceduna,2024-12-15,0.0,measured
18012,Ceduna,2024-12-16,0.0,measured
18012,Ceduna,2024-12-17,0.0,measured
18012,Ceduna,2024-12-18,0.0,measured
18012,Ceduna,2024-12-19,0.0,measured
18012,Ceduna,2024-12-20,0.0,measured
18012,Ceduna,2024-12-21,0.0,measured
18012,Ceduna,2024-12-22,0.0,measured
18012,Ceduna,2024-12-23,0.0,measured
18012,Ceduna,2024-12-24,1.9,measured
18012,Ceduna,2024-12-25,0.0,measured
18012,Ceduna,2024-12-26,0.0,measured
18012,Ceduna,2024-12-27,0.0,measured
18012,Ceduna,2024-12-28,3.0,measured
18012,Ceduna,2024-12-29,0.0,measured
18012,Ceduna,2024-12-30,0.0,measured
18012,Ceduna,2024-12-31,0.0,measured
18012,Ceduna,2025-01-01,10.8,measured
18012,Ceduna,2025-01-02,0.0,measured
18012,Ceduna,2025-01-03,0.6,measured
18012,Ceduna,2025-01-04,0.0,measured
18012,Ceduna,2025-01-05,0.0,measured
18012,Ceduna,2025-01-06,14.1,measured
18012,Ceduna,2025-01-07,0.0,measured
18012,Ceduna,2025-01-08,0.0,measured
18012,Ceduna,2025-01-09,5.4,measured
18012,Ceduna,2025-01-10,0.0,measured
18012,Ceduna,2025-01-11,0.0,measured
18012,Ceduna,2025-01-12,0.0,measured
18012,Ceduna,2025-01-13,0.0,measured
18012,Ceduna,2025-01-14,0.0,measured
18012,Ceduna,2025-01-15,0.0,measured
18012,Ceduna,2025-01-16,4.1,measured
18012,Ceduna,2025-01-17,0.0,measured
18012,Ceduna,2025-01-18,0.0,measured
18012,Ceduna,2025-01-19,0.0,measured
18012,Ceduna,2025-01-20,0.0,measured
18012,Ceduna,2025-01-21,0.0,measured
18012,Ceduna,2025-01-22,0.0,measured
18012,Ceduna,2025-01-23,0.0,measured
18012,Ceduna,2025-01-24,0.0,measured
18012,Ceduna,2025-01-25,0.0,measured
18012,Ceduna,2025-01-26,0.0,measured
18012,Ceduna,2025-01-27,0.0,measured
18012,Ceduna,2025-01-28,0.0,measured
18012,Ceduna,2025-01-29,0.0,measured
18012,Ceduna,2025-01-30,0.0,measured
18012,Ceduna,2025-01-31,0.0,measured
18012,Ceduna,2025-02-01,0.0,measured
18012,Ceduna,2025-02-02,2.9,measured
18012,Ceduna,2025-02-03,0.0,measured
18012,Ceduna,2025-02-04,0.0,measured
18012,Ceduna,2025-02-05,0.0,measured
18012,Ceduna,2025-02-06,0.0,measured
18012,Ceduna,2025-02-07,0.0,measured
18012,Ceduna,2025-02-08,6.0,measured
18012,Ceduna,2025-02-09,0.0,measured
18012,Ceduna,2025-02-10,3.7,measured
18012,Ceduna,2025-02-11,3.8,measured
18012,Ceduna,2025-02-12,0.0,measured
18012,Ceduna,2025-02-13,0.0,measured
18012,Ceduna,2025-02-14,0.0,measured
18012,Ceduna,2025-02-15,0.0,measured
18012,Ceduna,2025-02-16,0.0,measured
18012,Ceduna,2025-02-17,0.0,measured
18012,Ceduna,2025-02-18,0.0,measured
18012,Ceduna,2025-02-19,2.4,measured
18012,Ceduna,2025-02-20,0.0,measured
18012,Ceduna,2025-02-21,0.0,measured
18012,Ceduna,2025-02-22,0.0,measured
18012,Ceduna,2025-02-23,0.0,measured
18012,Ceduna,2025-02-24,0.0,measured
18012,Ceduna,2025-02-25,0.0,measured
18012,Ceduna,2025-02-26,0.0,measured
18012,Ceduna,2025-02-27,0.0,measured
18012,Ceduna,2025-02-28,0.0,measured
18012,Ceduna,2025-03-01,2.9,measured
18012,Ceduna,2025-03-02,0.0,measured
18012,Ceduna,2025-03-03,0.0,measured
18012,Ceduna,2025-03-04,0.0,measured
18012,Ceduna,2025-03-05,0.0,measured
18012,Ceduna,2025-03-06,0.0,measured
18012,Ceduna,2025-03-07,0.0,measured
18012,Ceduna,2025-03-08,0.0,measured
18012,Ceduna,2025-03-09,0.0,measured
18012,Ceduna,2025-03-10,0.0,measured
18012,Ceduna,2025-03-11,0.0,measured
18012,Ceduna,2025-03-12,0.0,measured
18012,Ceduna,2025-03-13,0.0,measured
18012,Ceduna,2025-03-14,0.3,measured
18012,Ceduna,2025-03-15,0.0,measured
18012,Ceduna,2025-03-16,0.0,measured
18012,Ceduna,2025-03-17,0.0,measured
18012,Ceduna,2025-03-18,0.0,measured
18012,Ceduna,2025-03-19,0.0,measured
18012,Ceduna,2025-03-20,2.9,measured
18012,Ceduna,2025-03-21,0.0,measured
18012,Ceduna,2025-03-22,0.0,measured
18012,Ceduna,2025-03-23,0.0,measured
18012,Ceduna,2025-03-24,0.0,measured
18012,Ceduna,2025-03-25,7.0,measured
18012,Ceduna,2025-03-26,0.0,measured
18012,Ceduna,2025-03-27,0.0,measured
18012,Ceduna,2025-03-28,2.0,measured
18012,Ceduna,2025-03-29,0.0,measured
18012,Ceduna,2025-03-30,0.0,measured
18012,Ceduna,2025-03-31,0.3,measured
18012,Ceduna,2025-04-01,0.0,measured
18012,Ceduna,2025-04-02,0.0,measured
18012,Ceduna,2025-04-03,11.1,measured
18012,Ceduna,2025-04-04,1.6,measured
18012,Ceduna,2025-04-05,0.0,measured
18012,Ceduna,2025-04-06,0.0,measured
18012,Ceduna,2025-04-07,6.9,measured
18012,Ceduna,2025-04-08,0.0,measured
18012,Ceduna,2025-04-09,0.0,measured
18012,Ceduna,2025-04-10,1.8,measured
18012,Ceduna,2025-04-11,0.0,measured
18012,Ceduna,2025-04-12,0.0,measured
18012,Ceduna,2025-04-13,0.0,measured
18012,Ceduna,2025-04-14,0.0,measured
18012,Ceduna,2025-04-15,5.8,measured
18012,Ceduna,2025-04-16,3.2,measured
18012,Ceduna,2025-04-17,0.0,measured
18012,Ceduna,2025-04-18,4.2,measured
18012,Ceduna,2025-04-19,0.0,measured
18012,Ceduna,2025-04-20,0.0,measured
18012,Ceduna,2025-04-21,21.6,measured
18012,Ceduna,2025-04-22,0.0,measured
18012,Ceduna,2025-04-23,5.7,measured
18012,Ceduna,2025-04-24,0.0,measured
18012,Ceduna,2025-04-25,0.0,measured
18012,Ceduna,2025-04-26,5.4,measured
18012,Ceduna,2025-04-27,0.0,measured
18012,Ceduna,2025-04-28,0.0,measured
18012,Ceduna,2025-04-29,13.1,measured
18012,Ceduna,2025-04-30,0.0,measured
18012,Ceduna,2025-05-01,8.7,measured
18012,Ceduna,2025-05-02,0.0,measured
18012,Ceduna,2025-05-03,0.0,measured
18012,Ceduna,2025-05-04,0.0,measured
18012,Ceduna,2025-05-05,0.0,measured
18012,Ceduna,2025-05-06,0.0,measured
18012,Ceduna,2025-05-07,0.0,measured
18012,Ceduna,2025-05-08,0.0,measured
18012,Ceduna,2025-05-09,0.0,measured
18012,Ceduna,2025-05-10,6.2,measured
18012,Ceduna,2025-05-11,0.0,measured
18012,Ceduna,2025-05-12,0.0,measured
18012,Ceduna,2025-05-13,7.3,measured
18012,Ceduna,2025-05-14,0.0,measured
18012,Ceduna,2025-05-15,4.3,measured
18012,Ceduna,2025-05-16,0.0,measured
18012,Ceduna,2025-05-17,0.0,measured
18012,Ceduna,2025-05-18,0.0,measured
18012,Ceduna,2025-05-19,0.0,measured
18012,Ceduna,2025-05-20,0.0,measured
18012,Ceduna,2025-05-21,17.9,measured
18012,Ceduna,2025-05-22,0.0,measured
18012,Ceduna,2025-05-23,0.0,measured
18012,Ceduna,2025-05-24,0.0,measured
18012,Ceduna,2025-05-25,4.7,measured
18012,Ceduna,2025-05-26,0.0,measured
18012,Ceduna,2025-05-27,37.3,measured
18012,Ceduna,2025-05-28,0.0,measured
18012,Ceduna,2025-05-29,0.0,measured
18012,Ceduna,2025-05-30,0.0,measured
18012,Ceduna,2025-05-31,0.0,measured
18012,Ceduna,2025-06-01,0.0,measured
18012,Ceduna,2025-06-02,16.4,measured
18012,Ceduna,2025-06-03,11.5,measured
18012,Ceduna,2025-06-04,12.7,measured
18012,Ceduna,2025-06-05,0.0,measured
18012,Ceduna,2025-06-06,0.0,measured
18012,Ceduna,2025-06-07,0.0,measured
18012,Ceduna,2025-06-08,0.0,measured
18012,Ceduna,2025-06-09,6.4,measured
18012,Ceduna,2025-06-10,32.3,measured
18012,Ceduna,2025-06-11,0.0,measured
18012,Ceduna,2025-06-12,0.0,measured
18012,Ceduna,2025-06-13,7.3,measured
18012,Ceduna,2025-06-14,0.0,measured
18012,Ceduna,2025-06-15,0.0,measured
18012,Ceduna,2025-06-16,11.9,measured
18012,Ceduna,2025-06-17,40.1,measured
18012,Ceduna,2025-06-18,10.5,measured
18012,Ceduna,2025-06-19,31.7,measured
18012,Ceduna,2025-06-20,9.2,measured
18012,Ceduna,2025-06-21,0.0,measured
18012,Ceduna,2025-06-22,0.0,measured
18012,Ceduna,2025-06-23,0.0,measured
18012,Ceduna,2025-06-24,15.8,measured
18012,Ceduna,2025-06-25,8.1,measured
18012,Ceduna,2025-06-26,10.8,measured
18012,Ceduna,2025-06-27,45.7,measured
18012,Ceduna,2025-06-28,12.5,measured
18012,Ceduna,2025-06-29,31.7,measured
18012,Ceduna,2025-06-30,0.0,measured
18012,Ceduna,2025-07-01,18.6,measured
18012,Ceduna,2025-07-02,43.1,measured
18012,Ceduna,2025-07-03,9.8,measured
18012,Ceduna,2025-07-04,8.7,measured
18012,Ceduna,2025-07-05,0.0,measured
18012,Ceduna,2025-07-06,17.6,measured
18012,Ceduna,2025-07-07,0.0,measured
18012,Ceduna,2025-07-08,0.0,measured
18012,Ceduna,2025-07-09,29.2,measured
18012,Ceduna,2025-07-10,9.6,measured
18012,Ceduna,2025-07-11,0.0,measured
18012,Ceduna,2025-07-12,26.7,measured
18012,Ceduna,2025-07-13,5.8,measured
18012,Ceduna,2025-07-14,0.0,measured
18012,Ceduna,2025-07-15,5.8,measured
18012,Ceduna,2025-07-16,0.0,measured
18012,Ceduna,2025-07-17,34.3,measured
18012,Ceduna,2025-07-18,9.0,measured
18012,Ceduna,2025-07-19,5.6,measured
18012,Ceduna,2025-07-20,0.0,measured
18012,Ceduna,2025-07-21,4.7,measured
18012,Ceduna,2025-07-22,0.0,measured
18012,Ceduna,2025-07-23,9.6,measured
18012,Ceduna,2025-07-24,7.3,measured
18012,Ceduna,2025-07-25,0.0,measured
18012,Ceduna,2025-07-26,20.1,measured
18012,Ceduna,2025-07-27,26.6,measured
18012,Ceduna,2025-07-28,6.9,measured
18012,Ceduna,2025-07-29,50.7,measured
18012,Ceduna,2025-07-30,21.7,measured
18012,Ceduna,2025-07-31,0.0,measured
18012,Ceduna,2025-08-01,10.3,measured
18012,Ceduna,2025-08-02,0.0,measured
18012,Ceduna,2025-08-03,13.4,measured
18012,Ceduna,2025-08-04,11.6,measured
18012,Ceduna,2025-08-05,40.7,measured
18012,Ceduna,2025-08-06,6.1,measured
18012,Ceduna,2025-08-07,0.0,measured
18012,Ceduna,2025-08-08,9.2,measured
18012,Ceduna,2025-08-09,0.0,measured
18012,Ceduna,2025-08-10,0.0,measured
18012,Ceduna,2025-08-11,74.4,measured
18012,Ceduna,2025-08-12,0.0,measured
18012,Ceduna,2025-08-13,10.2,measured
18012,Ceduna,2025-08-14,18.6,measured
18012,Ceduna,2025-08-15,0.0,measured
18012,Ceduna,2025-08-16,0.0,measured
18012,Ceduna,2025-08-17,0.0,measured
18012,Ceduna,2025-08-18,0.0,measured
18012,Ceduna,2025-08-19,12.4,measured
18012,Ceduna,2025-08-20,5.3,measured
18012,Ceduna,2025-08-21,6.2,measured
18012,Ceduna,2025-08-22,11.5,measured
18012,Ceduna,2025-08-23,0.0,measured
18012,Ceduna,2025-08-24,6.0,measured
18012,Ceduna,2025-08-25,0.0,measured
18012,Ceduna,2025-08-26,14.0,measured
18012,Ceduna,2025-08-27,3.6,measured
18012,Ceduna,2025-08-28,0.0,measured
18012,Ceduna,2025-08-29,0.0,measured
18012,Ceduna,2025-08-30,0.0,measured
18012,Ceduna,2025-08-31,0.0,measured
18012,Ceduna,2025-09-01,0.0,measured
18012,Ceduna,2025-09-02,3.1,measured
18012,Ceduna,2025-09-03,13.8,measured
18012,Ceduna,2025-09-04,0.0,measured
18012,Ceduna,2025-09-05,0.0,measured
18012,Ceduna,2025-09-06,0.0,measured
18012,Ceduna,2025-09-07,0.0,measured
18012,Ceduna,2025-09-08,0.0,measured
18012,Ceduna,2025-09-09,11.4,measured
18012,Ceduna,2025-09-10,12.9,measured
18012,Ceduna,2025-09-11,4.3,measured
18012,Ceduna,2025-09-12,0.0,measured
18012,Ceduna,2025-09-13,9.9,measured
18012,Ceduna,2025-09-14,0.0,measured
18012,Ceduna,2025-09-15,0.0,measured
18012,Ceduna,2025-09-16,0.0,measured
18012,Ceduna,2025-09-17,0.0,measured
18012,Ceduna,2025-09-18,0.0,measured
18012,Ceduna,2025-09-19,0.0,measured
18012,Ceduna,2025-09-20,0.0,measured
18012,Ceduna,2025-09-21,20.8,measured
18012,Ceduna,2025-09-22,0.0,measured
18012,Ceduna,2025-09-23,2.1,measured
18012,Ceduna,2025-09-24,0.0,measured
18012,Ceduna,2025-09-25,4.5,measured
18012,Ceduna,2025-09-26,10.5,measured
18012,Ceduna,2025-09-27,0.0,measured
18012,Ceduna,2025-09-28,0.0,measured
18012,Ceduna,2025-09-29,6.4,measured
18012,Ceduna,2025-09-30,5.3,measured
18012,Ceduna,2025-10-01,2.6,measured
18012,Ceduna,2025-10-02,0.0,measured
18012,Ceduna,2025-10-03,0.0,measured
18012,Ceduna,2025-10-04,0.0,measured
18012,Ceduna,2025-10-05,0.0,measured
18012,Ceduna,2025-10-06,0.0,measured
18012,Ceduna,2025-10-07,0.4,measured
18012,Ceduna,2025-10-08,3.1,measured
18012,Ceduna,2025-10-09,0.0,measured
18012,Ceduna,2025-10-10,0.0,measured
18012,Ceduna,2025-10-11,0.0,measured
18012,Ceduna,2025-10-12,0.0,measured
18012,Ceduna,2025-10-13,0.0,measured
18012,Ceduna,2025-10-14,0.0,measured
18012,Ceduna,2025-10-15,0.0,measured
18012,Ceduna,2025-10-16,1.9,measured
18012,Ceduna,2025-10-17,0.0,measured
18012,Ceduna,2025-10-18,0.0,measured
18012,Ceduna,2025-10-19,0.0,measured
18012,Ceduna,2025-10-20,0.0,measured
18012,Ceduna,2025-10-21,1.7,measured
18012,Ceduna,2025-10-22,0.0,measured
18012,Ceduna,2025-10-23,0.9,measured
18012,Ceduna,2025-10-24,0.6,measured
18012,Ceduna,2025-10-25,0.0,measured
18012,Ceduna,2025-10-26,0.0,measured
18012,Ceduna,2025-10-27,3.8,measured
18012,Ceduna,2025-10-28,2.3,measured
18012,Ceduna,2025-10-29,0.0,measured
18012,Ceduna,2025-10-30,0.0,measured
18012,Ceduna,2025-10-31,0.0,measured
18012,Ceduna,2025-11-01,0.0,measured
18012,Ceduna,2025-11-02,9.4,measured
18012,Ceduna,2025-11-03,0.1,measured
18012,Ceduna,2025-11-04,0.0,measured
18012,Ceduna,2025-11-05,0.0,measured
18012,Ceduna,2025-11-06,0.0,measured
18012,Ceduna,2025-11-07,0.0,measured
18012,Ceduna,2025-11-08,0.0,measured
18012,Ceduna,2025-11-09,0.0,measured
18012,Ceduna,2025-11-10,0.1,measured
18012,Ceduna,2025-11-11,0.0,measured
18012,Ceduna,2025-11-12,0.0,measured
18012,Ceduna,2025-11-13,0.0,measured
18012,Ceduna,2025-11-14,0.0,measured
18012,Ceduna,2025-11-15,0.0,measured
18012,Ceduna,2025-11-16,4.8,measured
18012,Ceduna,2025-11-17,3.6,measured
18012,Ceduna,2025-11-18,0.0,measured
18012,Ceduna,2025-11-19,0.0,measured
18012,Ceduna,2025-11-20,0.0,measured
18012,Ceduna,2025-11-21,0.0,measured
18012,Ceduna,2025-11-22,0.0,measured
18012,Ceduna,2025-11-23,2.3,measured
18012,Ceduna,2025-11-24,1.8,measured
18012,Ceduna,2025-11-25,0.0,measured
18012,Ceduna,2025-11-26,0.0,measured
18012,Ceduna,2025-11-27,0.0,measured
18012,Ceduna,2025-11-28,0.0,measured
18012,Ceduna,2025-11-29,0.0,measured
18012,Ceduna,2025-11-30,0.7,measured
18012,Ceduna,2025-12-01,3.6,measured
18012,Ceduna,2025-12-02,0.0,measured
18012,Ceduna,2025-12-03,0.0,measured
18012,Ceduna,2025-12-04,4.6,measured
18012,Ceduna,2025-12-05,0.0,measured
18012,Ceduna,2025-12-06,0.0,measured
18012,Ceduna,2025-12-07,0.0,measured
18012,Ceduna,2025-12-08,0.0,measured
18012,Ceduna,2025-12-09,0.0,measured
18012,Ceduna,2025-12-10,0.0,measured
18012,Ceduna,2025-12-11,0.0,measured
18012,Ceduna,2025-12-12,0.0,measured
18012,Ceduna,2025-12-13,0.0,measured
18012,Ceduna,2025-12-14,0.0,measured
18012,Ceduna,2025-12-15,0.2,measured
18012,Ceduna,2025-12-16,0.0,measured
18012,Ceduna,2025-12-17,0.0,measured
18012,Ceduna,2025-12-18,0.0,measured
18012,Ceduna,2025-12-19,2.0,measured
18012,Ceduna,2025-12-20,0.0,measured
18012,Ceduna,2025-12-21,0.0,measured
18012,Ceduna,2025-12-22,6.0,measured
18012,Ceduna,2025-12-23,6.6,measured
18012,Ceduna,2025-12-24,0.0,measured
18012,Ceduna,2025-12-25,0.0,measured
18012,Ceduna,2025-12-26,0.0,measured
18012,Ceduna,2025-12-27,0.0,measured
18012,Ceduna,2025-12-28,0.0,measured
18012,Ceduna,2025-12-29,0.0,measured
18012,Ceduna,2025-12-30,0.0,measured
18012,Ceduna,2025-12-31,0.0,measured
18012,Ceduna,2026-01-01,0.0,measured
18012,Ceduna,2026-01-02,0.0,measured
18012,Ceduna,2026-01-03,0.0,measured
18012,Ceduna,2026-01-04,0.0,measured
18012,Ceduna,2026-01-05,0.4,measured
18012,Ceduna,2026-01-06,8.4,measured
18012,Ceduna,2026-01-07,0.0,measured
18012,Ceduna,2026-01-08,0.0,measured
18012,Ceduna,2026-01-09,0.0,measured
18012,Ceduna,2026-01-10,1.1,measured
18012,Ceduna,2026-01-11,0.0,measured
18012,Ceduna,2026-01-12,0.0,measured
18012,Ceduna,2026-01-13,0.0,measured
18012,Ceduna,2026-01-14,1.5,measured
18012,Ceduna,2026-01-15,0.0,measured
18012,Ceduna,2026-01-16,0.0,measured
18012,Ceduna,2026-01-17,0.0,measured
18012,Ceduna,2026-01-18,0.0,measured
18012,Ceduna,2026-01-19,0.0,measured
18012,Ceduna,2026-01-20,0.0,measured
18012,Ceduna,2026-01-21,0.4,measured
18012,Ceduna,2026-01-22,0.0,measured
18012,Ceduna,2026-01-23,0.0,measured
18012,Ceduna,2026-01-24,0.0,measured
18012,Ceduna,2026-01-25,0.0,measured
18012,Ceduna,2026-01-26,0.0,measured
18012,Ceduna,2026-01-27,0.0,measured
18012,Ceduna,2026-01-28,0.0,measured
18012,Ceduna,2026-01-29,0.0,measured
18012,Ceduna,2026-01-30,1.3,measured
18012,Ceduna,2026-01-31,0.0,measured
18012,Ceduna,2026-02-01,0.0,measured
18012,Ceduna,2026-02-02,0.0,measured
18012,Ceduna,2026-02-03,0.0,measured
18012,Ceduna,2026-02-04,0.0,measured
18012,Ceduna,2026-02-05,0.0,measured
18012,Ceduna,2026-02-06,0.0,measured
18012,Ceduna,2026-02-07,0.0,measured
18012,Ceduna,2026-02-08,0.0,measured
18012,Ceduna,2026-02-09,0.0,measured
18012,Ceduna,2026-02-10,0.0,measured
18012,Ceduna,2026-02-11,0.0,measured
18012,Ceduna,2026-02-12,0.0,measured
18012,Ceduna,2026-02-13,0.0,measured
18012,Ceduna,2026-02-14,0.0,measured
18012,Ceduna,2026-02-15,0.0,measured
18012,Ceduna,2026-02-16,0.0,measured
18012,Ceduna,2026-02-17,0.0,measured
18012,Ceduna,2026-02-18,1.1,measured
18012,Ceduna,2026-02-19,0.0,measured
18012,Ceduna,2026-02-20,0.0,measured
18012,Ceduna,2026-02-21,0.5,measured
18012,Ceduna,2026-02-22,8.9,measured
18012,Ceduna,2026-02-23,7.1,measured
18012,Ceduna,2026-02-24,0.0,measured
18012,Ceduna,2026-02-25,0.0,measured
18012,Ceduna,2026-02-26,1.6,measured
18012,Ceduna,2026-02-27,0.0,measured
18012,Ceduna,2026-02-28,2.2,measured
18012,Ceduna,2026-03-01,6.2,measured
18012,Ceduna,2026-03-02,0.0,measured
18012,Ceduna,2026-03-03,0.0,measured
18012,Ceduna,2026-03-04,2.2,measured
18012,Ceduna,2026-03-05,0.0,measured
18012,Ceduna,2026-03-06,0.0,measured
18012,Ceduna,2026-03-07,1.7,measured
18012,Ceduna,2026-03-08,0.0,measured
18012,Ceduna,2026-03-09,0.0,measured
18012,Ceduna,2026-03-10,0.0,measured
18012,Ceduna,2026-03-11,0.0,measured
18012,Ceduna,2026-03-12,0.0,measured
18012,Ceduna,2026-03-13,0.0,measured
18012,Ceduna,2026-03-14,0.0,measured
18012,Ceduna,2026-03-15,0.0,measured
18012,Ceduna,2026-03-16,0.0,measured
18012,Ceduna,2026-03-17,0.0,measured
18012,Ceduna,2026-03-18,0.0,measured
18012,Ceduna,2026-03-19,0.0,measured
18012,Ceduna,2026-03-20,0.0,measured
18012,Ceduna,2026-03-21,0.0,measured
18012,Ceduna,2026-03-22,0.0,measured
18012,Ceduna,2026-03-23,0.0,measured
18012,Ceduna,2026-03-24,0.0,measured
18012,Ceduna,2026-03-25,0.0,measured
18012,Ceduna,2026-03-26,0.8,measured
18012,Ceduna,2026-03-27,0.0,measured
18012,Ceduna,2026-03-28,0.0,measured
18012,Ceduna,2026-03-29,0.0,measured
18012,Ceduna,2026-03-30,5.5,measured
18012,Ceduna,2026-03-31,0.0,measured
18012,Ceduna,2026-04-01,0.0,measured
18012,Ceduna,2026-04-02,0.0,measured
18012,Ceduna,2026-04-03,0.0,measured
18012,Ceduna,2026-04-04,0.0,measured
18012,Ceduna,2026-04-05,1.9,measured
18012,Ceduna,2026-04-06,0.0,measured
18012,Ceduna,2026-04-07,1.6,measured
18012,Ceduna,2026-04-08,0.0,measured
18012,Ceduna,2026-04-09,0.2,measured
18012,Ceduna,2026-04-10,0.0,measured
18012,Ceduna,2026-04-11,17.9,measured
18012,Ceduna,2026-04-12,0.0,measured
18012,Ceduna,2026-04-13,7.5,measured
18012,Ceduna,2026-04-14,0.0,measured
18012,Ceduna,2026-04-15,0.0,measured
18012,Ceduna,2026-04-16,0.0,measured
18012,Ceduna,2026-04-17,3.1,measured
18012,Ceduna,2026-04-18,0.0,measured
18012,Ceduna,2026-04-19,0.0,measured
18012,Ceduna,2026-04-20,4.8,measured
18012,Ceduna,2026-04-21,0.0,measured
18012,Ceduna,2026-04-22,1.3,measured
18012,Ceduna,2026-04-23,10.1,measured
18012,Ceduna,2026-04-24,0.0,measured
18012,Ceduna,2026-04-25,0.0,measured
18012,Ceduna,2026-04-26,0.0,measured
18012,Ceduna,2026-04-27,2.5,measured
18012,Ceduna,2026-04-28,2.7,measured
18012,Ceduna,2026-04-29,0.0,measured
18012,Ceduna,2026-04-30,0.0,measured
18012,Ceduna,2026-05-01,0.0,measured
18012,Ceduna,2026-05-02,11.3,measured
18012,Ceduna,2026-05-03,0.0,measured
18012,Ceduna,2026-05-04,5.2,measured
18012,Ceduna,2026-05-05,3.3,measured
18012,Ceduna,2026-05-06,0.0,measured
18012,Ceduna,2026-05-07,0.0,measured
18012,Ceduna,2026-05-08,6.7,measured
18012,Ceduna,2026-05-09,0.0,measured
18012,Ceduna,2026-05-10,31.1,measured
18012,Ceduna,2026-05-11,7.1,measured
18012,Ceduna,2026-05-12,0.0,measured
18012,Ceduna,2026-05-13,0.0,measured
18012,Ceduna,2026-05-14,0.0,measured
18012,Ceduna,2026-05-15,9.6,measured
18012,Ceduna,2026-05-16,0.0,measured
18012,Ceduna,2026-05-17,0.0,measured
18012,Ceduna,2026-05-18,4.0,measured
18012,Ceduna,2026-05-19,0.0,measured
18012,Ceduna,2026-05-20,11.4,measured
18012,Ceduna,2026-05-21,0.0,measured
18012,Ceduna,2026-05-22,0.0,measured
18012,Ceduna,2026-05-23,0.0,measured
18012,Ceduna,2026-05-24,2.9,measured
18012,Ceduna,2026-05-25,0.0,measured
18012,Ceduna,2026-05-26,0.0,measured
18012,Ceduna,2026-05-27,16.7,measured
18012,Ceduna,2026-05-28,12.8,measured
18012,Ceduna,2026-05-29,0.0,measured
18012,Ceduna,2026-05-30,0.0,measured
18012,Ceduna,2026-05-31,23.9,measured
18012,Ceduna,2026-06-01,5.0,measured
18012,Ceduna,2026-06-02,8.5,measured
18012,Ceduna,2026-06-03,34.8,measured
18012,Ceduna,2026-06-04,0.0,measured
