well_id,reading_date,water_level_mbgl,tds_mg_per_l,pumping_event,data_quality_flag
1,2023-06-06,5.47,453.9,0,measured
1,2023-06-07,5.298,451.0,0,measured
1,2023-06-08,4.957,450.3,0,measured
1,2023-06-09,4.986,451.2,0,measured
1,2023-06-10,5.088,455.3,0,measured
1,2023-06-11,4.854,456.1,0,measured
1,2023-06-12,4.758,454.2,0,measured
1,2023-06-13,4.722,454.4,0,measured
1,2023-06-14,4.373,451.0,0,measured
1,2023-06-15,4.503,454.1,0,measured
1,2023-06-16,4.327,451.2,0,measured
1,2023-06-17,4.361,446.8,0,measured
1,2023-06-18,3.921,444.4,0,measured
1,2023-06-19,4.132,441.8,0,measured
1,2023-06-20,4.04,443.5,0,measured
1,2023-06-21,4.193,443.6,0,measured
1,2023-06-22,4.163,447.2,0,measured
1,2023-06-23,3.679,445.6,0,measured
1,2023-06-24,3.846,445.4,0,measured
1,2023-06-25,3.975,447.4,0,measured
1,2023-06-26,4.078,450.5,0,measured
1,2023-06-27,3.256,453.5,0,measured
1,2023-06-28,3.105,453.6,0,measured
1,2023-06-29,3.338,453.7,0,measured
1,2023-06-30,3.454,452.9,0,measured
1,2023-07-01,3.681,451.8,0,measured
1,2023-07-02,3.751,450.9,0,measured
1,2023-07-03,3.904,450.6,0,measured
1,2023-07-04,3.896,447.8,0,measured
1,2023-07-05,3.829,449.1,0,measured
1,2023-07-06,3.821,447.7,0,measured
1,2023-07-07,3.599,448.9,0,measured
1,2023-07-08,3.539,449.9,0,measured
1,2023-07-09,3.455,449.3,0,measured
1,2023-07-10,3.698,450.1,0,measured
1,2023-07-11,3.797,450.9,0,measured
1,2023-07-12,3.942,451.1,0,measured
1,2023-07-13,3.673,451.9,0,measured
1,2023-07-14,3.558,452.5,0,measured
1,2023-07-15,3.726,454.2,0,measured
1,2023-07-16,3.872,459.4,0,measured
1,2023-07-17,4.021,458.7,0,measured
1,2023-07-18,4.141,460.9,0,measured
1,2023-07-19,4.249,460.2,0,measured
1,2023-07-20,4.318,459.3,0,measured
1,2023-07-21,4.295,457.9,0,measured
1,2023-07-22,4.222,458.1,0,measured
1,2023-07-23,3.546,457.6,0,measured
1,2023-07-24,3.652,455.5,0,measured
1,2023-07-25,3.501,451.2,0,measured
1,2023-07-26,2.937,451.1,0,measured
1,2023-07-27,2.975,450.4,0,measured
1,2023-07-28,2.864,445.2,0,measured
1,2023-07-29,2.731,446.7,0,measured
1,2023-07-30,3.003,445.5,0,measured
1,2023-07-31,3.051,445.3,0,measured
1,2023-08-01,3.253,441.5,0,measured
1,2023-08-02,3.245,444.1,0,measured
1,2023-08-03,3.325,444.5,0,measured
1,2023-08-04,3.533,447.6,0,measured
1,2023-08-05,3.682,451.7,0,measured
1,2023-08-06,3.683,455.2,0,measured
1,2023-08-07,2.529,454.1,0,measured
1,2023-08-08,2.72,451.6,0,measured
1,2023-08-09,2.983,450.5,0,measured
1,2023-08-10,3.225,454.2,0,measured
1,2023-08-11,2.924,454.1,0,measured
1,2023-08-12,3.181,455.1,0,measured
1,2023-08-13,3.386,457.2,0,measured
1,2023-08-14,3.245,453.2,0,measured
1,2023-08-15,3.14,454.3,0,measured
1,2023-08-16,2.642,457.1,0,measured
1,2023-08-17,2.846,455.3,0,measured
1,2023-08-18,2.82,456.5,0,measured
1,2023-08-19,2.445,455.3,0,measured
1,2023-08-20,2.728,453.8,0,measured
1,2023-08-21,2.654,453.4,0,measured
1,2023-08-22,2.872,452.9,0,measured
1,2023-08-23,2.732,458.5,0,measured
1,2023-08-24,2.953,463.9,0,measured
1,2023-08-25,3.171,463.4,0,measured
1,2023-08-26,3.34,466.4,0,measured
1,2023-08-27,3.36,472.8,0,measured
1,2023-08-28,2.944,476.3,0,measured
1,2023-08-29,3.205,471.2,0,measured
1,2023-08-30,3.344,471.4,0,measured
1,2023-08-31,3.469,474.6,0,measured
1,2023-09-01,3.617,473.0,0,measured
1,2023-09-02,3.863,471.6,0,measured
1,2023-09-03,3.763,473.7,0,measured
1,2023-09-04,3.588,469.3,0,measured
1,2023-09-05,3.721,469.8,0,measured
1,2023-09-06,3.702,476.3,0,measured
1,2023-09-07,3.822,476.7,0,measured
1,2023-09-08,3.632,472.4,0,measured
1,2023-09-09,3.719,467.1,0,measured
1,2023-09-10,3.676,469.8,0,measured
1,2023-09-11,3.886,473.1,0,measured
1,2023-09-12,3.911,470.0,0,measured
1,2023-09-13,3.988,472.1,0,measured
1,2023-09-14,4.081,470.9,0,measured
1,2023-09-15,4.23,471.1,0,measured
1,2023-09-16,4.343,463.0,0,measured
1,2023-09-17,4.379,462.6,0,measured
1,2023-09-18,4.3,461.3,0,measured
1,2023-09-19,4.322,457.8,0,measured
1,2023-09-20,4.244,456.7,0,measured
1,2023-09-21,4.012,458.9,0,measured
1,2023-09-22,4.124,459.1,0,measured
1,2023-09-23,4.181,458.6,0,measured
1,2023-09-24,4.211,461.1,0,measured
1,2023-09-25,4.295,455.0,0,measured
1,2023-09-26,4.455,451.5,0,measured
1,2023-09-27,4.549,451.6,0,measured
1,2023-09-28,4.625,450.5,0,measured
1,2023-09-29,4.707,446.2,0,measured
1,2023-09-30,4.759,442.1,0,measured
1,2023-10-01,4.811,439.6,0,measured
1,2023-10-02,4.823,440.4,0,measured
1,2023-10-03,4.889,436.6,0,measured
1,2023-10-04,4.951,439.6,0,measured
1,2023-10-05,4.971,441.6,0,measured
1,2023-10-06,5.039,436.3,0,measured
1,2023-10-07,5.065,438.0,0,measured
1,2023-10-08,5.051,434.3,0,measured
1,2023-10-09,5.145,432.6,0,measured
1,2023-10-10,5.151,436.8,0,measured
1,2023-10-11,5.178,442.9,0,measured
1,2023-10-12,5.241,441.9,0,measured
1,2023-10-13,5.168,439.6,0,measured
1,2023-10-14,5.302,440.4,0,measured
1,2023-10-15,5.045,437.0,0,measured
1,2023-10-16,5.164,433.7,0,measured
1,2023-10-17,5.127,438.8,0,measured
1,2023-10-18,5.192,441.1,0,measured
1,2023-10-19,4.711,451.4,0,measured
1,2023-10-20,4.681,454.3,0,measured
1,2023-10-21,4.734,456.3,0,measured
1,2023-10-22,4.859,455.2,0,measured
1,2023-10-23,4.926,454.6,0,measured
1,2023-10-24,4.95,451.3,0,measured
1,2023-10-25,4.864,451.7,0,measured
1,2023-10-26,4.892,446.8,0,measured
1,2023-10-27,4.93,451.6,0,measured
1,2023-10-28,5.031,451.5,0,measured
1,2023-10-29,5.093,454.6,0,measured
1,2023-10-30,5.155,452.2,0,measured
1,2023-10-31,5.125,456.7,0,measured
1,2023-11-01,5.133,460.4,0,measured
1,2023-11-02,5.196,461.2,0,measured
1,2023-11-03,5.175,462.3,0,measured
1,2023-11-04,5.203,463.0,0,measured
1,2023-11-05,5.207,460.7,0,measured
1,2023-11-06,5.312,465.1,0,measured
1,2023-11-07,5.297,467.0,0,measured
1,2023-11-08,5.379,468.1,0,measured
1,2023-11-09,5.356,463.1,0,measured
1,2023-11-10,5.289,465.3,0,measured
1,2023-11-11,5.274,467.0,0,measured
1,2023-11-12,5.362,468.0,0,measured
1,2023-11-13,5.157,468.3,0,measured
1,2023-11-14,5.092,466.5,0,measured
1,2023-11-15,5.156,468.7,0,measured
1,2023-11-16,5.136,462.4,0,measured
1,2023-11-17,5.24,469.0,0,measured
1,2023-11-18,5.247,470.1,0,measured
1,2023-11-19,5.117,470.3,0,measured
1,2023-11-20,5.187,472.0,0,measured
1,2023-11-21,5.207,468.4,0,measured
1,2023-11-22,5.304,461.9,0,measured
1,2023-11-23,5.31,461.5,0,measured
1,2023-11-24,5.329,462.3,0,measured
1,2023-11-25,5.235,468.4,0,measured
1,2023-11-26,5.256,470.8,0,measured
1,2023-11-27,5.244,471.7,0,measured
1,2023-11-28,5.302,474.2,0,measured
1,2023-11-29,5.277,473.0,0,measured
1,2023-11-30,5.322,466.0,0,measured
1,2023-12-01,5.278,466.7,0,measured
1,2023-12-02,5.316,459.5,0,measured
1,2023-12-03,5.364,461.1,0,measured
1,2023-12-04,5.374,463.2,0,measured
1,2023-12-05,5.402,461.0,0,measured
1,2023-12-06,5.413,461.4,0,measured
1,2023-12-07,5.395,460.5,0,measured
1,2023-12-08,5.355,459.8,0,measured
1,2023-12-09,5.45,456.6,0,measured
1,2023-12-10,5.259,452.5,0,measured
1,2023-12-11,5.278,448.1,0,measured
1,2023-12-12,5.31,446.9,0,measured
1,2023-12-13,5.402,446.1,0,measured
1,2023-12-14,5.366,451.1,0,measured
1,2023-12-15,5.324,452.3,0,measured
1,2023-12-16,5.26,451.4,0,measured
1,2023-12-17,5.306,452.7,0,measured
1,2023-12-18,5.287,457.9,0,measured
1,2023-12-19,5.352,456.8,0,measured
1,2023-12-20,5.304,453.3,0,measured
1,2023-12-21,5.314,455.1,0,measured
1,2023-12-22,5.308,454.8,0,measured
1,2023-12-23,5.385,451.0,0,measured
1,2023-12-24,5.293,451.2,0,measured
1,2023-12-25,5.32,449.8,0,measured
1,2023-12-26,5.35,451.1,0,measured
1,2023-12-27,5.336,448.9,0,measured
1,2023-12-28,5.441,448.5,0,measured
1,2023-12-29,5.327,445.8,0,measured
1,2023-12-30,5.355,447.4,0,measured
1,2023-12-31,5.298,445.2,0,measured
1,2024-01-01,5.26,442.7,0,measured
1,2024-01-02,5.281,439.4,0,measured
1,2024-01-03,5.327,439.9,0,measured
1,2024-01-04,5.35,436.8,0,measured
1,2024-01-05,5.348,436.9,0,measured
1,2024-01-06,5.393,440.7,0,measured
1,2024-01-07,5.395,436.8,0,measured
1,2024-01-08,5.403,440.2,0,measured
1,2024-01-09,5.451,440.7,0,measured
1,2024-01-10,5.456,441.0,0,measured
1,2024-01-11,5.434,440.3,0,measured
1,2024-01-12,5.488,439.6,0,measured
1,2024-01-13,5.491,434.3,0,measured
1,2024-01-14,5.521,435.1,0,measured
1,2024-01-15,5.46,436.9,0,measured
1,2024-01-16,5.443,436.1,0,measured
1,2024-01-17,5.549,434.2,0,measured
1,2024-01-18,5.476,436.9,0,measured
1,2024-01-19,5.382,440.4,0,measured
1,2024-01-20,5.468,439.7,0,measured
1,2024-01-21,5.423,437.3,0,measured
1,2024-01-22,5.455,440.1,0,measured
1,2024-01-23,5.239,441.4,0,measured
1,2024-01-24,5.258,443.6,0,measured
1,2024-01-25,5.25,446.0,0,measured
1,2024-01-26,5.285,441.4,0,measured
1,2024-01-27,5.322,443.9,0,measured
1,2024-01-28,5.251,442.3,0,measured
1,2024-01-29,5.304,443.8,0,measured
1,2024-01-30,5.332,439.0,0,measured
1,2024-01-31,5.327,439.2,0,measured
1,2024-02-01,5.325,442.8,0,measured
1,2024-02-02,5.371,444.0,0,measured
1,2024-02-03,5.35,448.2,0,measured
1,2024-02-04,5.388,450.3,0,measured
1,2024-02-05,5.228,448.0,0,measured
1,2024-02-06,5.261,449.6,0,measured
1,2024-02-07,5.231,452.6,0,measured
1,2024-02-08,5.194,456.0,0,measured
1,2024-02-09,5.214,455.0,0,measured
1,2024-02-10,5.268,451.8,0,measured
1,2024-02-11,5.244,449.6,0,measured
1,2024-02-12,5.331,446.7,0,measured
1,2024-02-13,5.329,447.6,0,measured
1,2024-02-14,5.323,445.8,0,measured
1,2024-02-15,5.381,442.4,0,measured
1,2024-02-16,5.349,443.3,0,measured
1,2024-02-17,5.439,443.8,0,measured
1,2024-02-18,5.435,443.6,0,measured
1,2024-02-19,5.427,442.8,0,measured
1,2024-02-20,5.43,446.5,0,measured
1,2024-02-21,5.19,449.2,0,measured
1,2024-02-22,4.891,450.4,0,measured
1,2024-02-23,4.996,449.5,0,measured
1,2024-02-24,4.953,446.8,0,measured
1,2024-02-25,5.051,445.1,0,measured
1,2024-02-26,5.048,450.6,0,measured
1,2024-02-27,5.156,452.2,0,measured
1,2024-02-28,5.156,456.2,0,measured
1,2024-02-29,5.168,455.2,0,measured
1,2024-03-01,5.23,457.7,0,measured
1,2024-03-02,5.293,451.1,0,measured
1,2024-03-03,5.298,453.6,0,measured
1,2024-03-04,5.138,452.7,0,measured
1,2024-03-05,5.157,451.8,0,measured
1,2024-03-06,5.202,455.3,0,measured
1,2024-03-07,5.253,458.2,0,measured
1,2024-03-08,5.226,456.9,0,measured
1,2024-03-09,5.297,458.6,0,measured
1,2024-03-10,5.209,454.8,0,measured
1,2024-03-11,5.241,458.2,0,measured
1,2024-03-12,5.245,457.0,0,measured
1,2024-03-13,5.331,450.7,0,measured
1,2024-03-14,5.319,452.7,0,measured
1,2024-03-15,5.368,452.0,0,measured
1,2024-03-16,5.417,450.8,0,measured
1,2024-03-17,5.441,445.4,0,measured
1,2024-03-18,5.384,445.4,0,measured
1,2024-03-19,5.476,440.4,0,measured
1,2024-03-20,5.396,438.0,0,measured
1,2024-03-21,5.432,439.9,0,measured
1,2024-03-22,5.481,442.4,0,measured
1,2024-03-23,5.499,445.0,0,measured
1,2024-03-24,5.457,446.5,0,measured
1,2024-03-25,5.469,440.9,0,measured
1,2024-03-26,5.471,435.7,0,measured
1,2024-03-27,5.444,433.5,0,measured
1,2024-03-28,5.494,434.7,0,measured
1,2024-03-29,5.47,427.6,0,measured
1,2024-03-30,5.501,427.1,0,measured
1,2024-03-31,5.49,432.1,0,measured
1,2024-04-01,5.57,427.1,0,measured
1,2024-04-02,5.472,428.5,0,measured
1,2024-04-03,5.498,427.4,0,measured
1,2024-04-04,5.526,428.5,0,measured
1,2024-04-05,5.521,428.5,0,measured
1,2024-04-06,5.51,429.8,0,measured
1,2024-04-07,5.507,427.8,0,measured
1,2024-04-08,5.583,430.2,0,measured
1,2024-04-09,5.543,434.2,0,measured
1,2024-04-10,5.564,428.3,0,measured
1,2024-04-11,5.539,430.8,0,measured
1,2024-04-12,5.591,430.7,0,measured
1,2024-04-13,5.549,428.4,0,measured
1,2024-04-14,5.537,426.9,0,measured
1,2024-04-15,5.587,427.1,0,measured
1,2024-04-16,5.498,424.5,0,measured
1,2024-04-17,5.489,427.8,0,measured
1,2024-04-18,5.419,433.8,0,measured
1,2024-04-19,5.392,433.7,0,measured
1,2024-04-20,5.212,431.4,0,measured
1,2024-04-21,5.17,433.0,0,measured
1,2024-04-22,5.133,432.0,0,measured
1,2024-04-23,5.046,431.7,0,measured
1,2024-04-24,4.738,432.0,0,measured
1,2024-04-25,4.836,433.9,0,measured
1,2024-04-26,4.783,432.8,0,measured
1,2024-04-27,4.921,431.0,0,measured
1,2024-04-28,4.916,428.7,0,measured
1,2024-04-29,5.007,432.8,0,measured
1,2024-04-30,5.045,432.0,0,measured
1,2024-05-01,5.097,429.3,0,measured
1,2024-05-02,5.131,428.9,0,measured
1,2024-05-03,5.169,429.6,0,measured
1,2024-05-04,5.224,428.0,0,measured
1,2024-05-05,5.215,430.9,0,measured
1,2024-05-06,5.251,434.1,0,measured
1,2024-05-07,5.338,430.4,0,measured
1,2024-05-08,5.3,430.6,0,measured
1,2024-05-09,5.374,427.6,0,measured
1,2024-05-10,5.384,433.0,0,measured
1,2024-05-11,5.401,441.3,0,measured
1,2024-05-12,5.43,450.8,0,measured
1,2024-05-13,5.339,452.3,0,measured
1,2024-05-14,5.311,452.7,0,measured
1,2024-05-15,5.359,451.6,0,measured
1,2024-05-16,5.412,453.6,0,measured
1,2024-05-17,5.448,449.7,0,measured
1,2024-05-18,5.321,446.7,0,measured
1,2024-05-19,5.173,450.2,0,measured
1,2024-05-20,5.038,449.9,0,measured
1,2024-05-21,4.947,454.0,0,measured
1,2024-05-22,5.012,450.4,0,measured
1,2024-05-23,5.065,451.5,0,measured
1,2024-05-24,4.929,451.6,0,measured
1,2024-05-25,4.953,451.5,0,measured
1,2024-05-26,4.945,450.4,0,measured
1,2024-05-27,4.378,444.3,0,measured
1,2024-05-28,4.517,443.1,0,measured
1,2024-05-29,4.603,444.2,0,measured
1,2024-05-30,4.659,441.9,0,measured
1,2024-05-31,4.756,442.9,0,measured
1,2024-06-01,4.718,446.2,0,measured
1,2024-06-02,4.425,443.9,0,measured
1,2024-06-03,4.517,445.0,0,measured
1,2024-06-04,4.59,446.7,0,measured
1,2024-06-05,4.291,449.1,0,measured
1,2024-06-06,4.432,448.2,0,measured
1,2024-06-07,4.528,446.4,0,measured
1,2024-06-08,4.444,444.5,0,measured
1,2024-06-09,4.421,445.1,0,measured
1,2024-06-10,4.195,447.5,0,measured
1,2024-06-11,4.176,448.0,0,measured
1,2024-06-12,4.127,449.2,0,measured
1,2024-06-13,4.301,449.0,0,measured
1,2024-06-14,4.143,448.0,0,measured
1,2024-06-15,4.297,447.8,0,measured
1,2024-06-16,4.064,446.5,0,measured
1,2024-06-17,3.897,444.5,0,measured
1,2024-06-18,3.877,442.0,0,measured
1,2024-06-19,3.82,448.0,0,measured
1,2024-06-20,3.928,451.8,0,measured
1,2024-06-21,3.596,452.3,0,measured
1,2024-06-22,3.77,455.3,0,measured
1,2024-06-23,3.757,455.8,0,measured
1,2024-06-24,3.629,454.5,0,measured
1,2024-06-25,3.795,456.4,0,measured
1,2024-06-26,3.622,460.1,0,measured
1,2024-06-27,3.744,462.4,0,measured
1,2024-06-28,3.962,460.3,0,measured
1,2024-06-29,4.051,454.4,0,measured
1,2024-06-30,4.169,457.4,0,measured
1,2024-07-01,4.155,450.5,0,measured
1,2024-07-02,4.124,447.2,0,measured
1,2024-07-03,4.283,448.2,0,measured
1,2024-07-04,4.397,441.4,0,measured
1,2024-07-05,4.062,440.1,0,measured
1,2024-07-06,4.221,444.2,0,measured
1,2024-07-07,4.045,447.4,0,measured
1,2024-07-08,4.107,445.9,0,measured
1,2024-07-09,3.704,447.8,0,measured
1,2024-07-10,3.876,444.6,0,measured
1,2024-07-11,3.919,447.1,0,measured
1,2024-07-12,3.605,443.6,0,measured
1,2024-07-13,3.835,442.5,0,measured
1,2024-07-14,3.526,444.2,0,measured
1,2024-07-15,3.298,449.4,0,measured
1,2024-07-16,3.446,450.4,0,measured
1,2024-07-17,3.157,452.6,0,measured
1,2024-07-18,3.438,452.9,0,measured
1,2024-07-19,3.556,457.9,0,measured
1,2024-07-20,2.67,457.9,0,measured
1,2024-07-21,2.86,460.3,0,measured
1,2024-07-22,2.852,458.7,0,measured
1,2024-07-23,2.807,457.8,0,measured
1,2024-07-24,2.465,453.3,0,measured
1,2024-07-25,2.701,455.1,0,measured
1,2024-07-26,2.021,448.7,0,measured
1,2024-07-27,2.395,446.0,0,measured
1,2024-07-28,2.647,441.6,0,measured
1,2024-07-29,2.861,443.4,0,measured
1,2024-07-30,2.693,443.5,0,measured
1,2024-07-31,2.867,442.7,0,measured
1,2024-08-01,2.693,445.5,0,measured
1,2024-08-02,2.929,448.3,0,measured
1,2024-08-03,2.88,446.4,0,measured
1,2024-08-04,3.062,447.9,0,measured
1,2024-08-05,2.756,452.8,0,measured
1,2024-08-06,3.066,455.2,0,measured
1,2024-08-07,2.7,455.5,0,measured
1,2024-08-08,2.652,456.8,0,measured
1,2024-08-09,2.837,453.7,0,measured
1,2024-08-10,2.961,457.1,0,measured
1,2024-08-11,3.259,456.4,0,measured
1,2024-08-12,3.258,459.0,0,measured
1,2024-08-13,3.443,456.4,0,measured
1,2024-08-14,3.064,453.2,0,measured
1,2024-08-15,3.29,454.0,0,measured
1,2024-08-16,3.38,453.3,0,measured
1,2024-08-17,3.535,450.8,0,measured
1,2024-08-18,3.42,450.7,0,measured
1,2024-08-19,3.565,446.5,0,measured
1,2024-08-20,3.731,446.0,0,measured
1,2024-08-21,3.923,443.2,0,measured
1,2024-08-22,4.06,442.8,0,measured
1,2024-08-23,4.179,446.7,0,measured
1,2024-08-24,4.294,450.6,0,measured
1,2024-08-25,4.294,454.8,0,measured
1,2024-08-26,4.415,453.8,0,measured
1,2024-08-27,4.262,453.7,0,measured
1,2024-08-28,4.389,452.0,0,measured
1,2024-08-29,4.444,452.4,0,measured
1,2024-08-30,4.233,455.7,0,measured
1,2024-08-31,4.082,450.7,0,measured
1,2024-09-01,4.07,454.4,0,measured
1,2024-09-02,4.089,453.1,0,measured
1,2024-09-03,4.037,455.9,0,measured
1,2024-09-04,4.197,460.9,0,measured
1,2024-09-05,4.185,459.8,0,measured
1,2024-09-06,4.338,455.0,0,measured
1,2024-09-07,4.445,454.1,0,measured
1,2024-09-08,4.515,455.5,0,measured
1,2024-09-09,4.601,456.7,0,measured
1,2024-09-10,4.573,457.2,0,measured
1,2024-09-11,4.614,458.1,0,measured
1,2024-09-12,4.641,455.1,0,measured
1,2024-09-13,4.692,456.8,0,measured
1,2024-09-14,4.238,453.8,0,measured
1,2024-09-15,4.297,450.2,0,measured
1,2024-09-16,4.441,448.3,0,measured
1,2024-09-17,4.212,443.4,0,measured
1,2024-09-18,4.38,440.6,0,measured
1,2024-09-19,4.421,441.5,0,measured
1,2024-09-20,4.54,443.0,0,measured
1,2024-09-21,4.626,440.5,0,measured
1,2024-09-22,4.713,436.6,0,measured
1,2024-09-23,4.788,438.4,0,measured
1,2024-09-24,4.801,438.2,0,measured
1,2024-09-25,4.912,440.5,0,measured
1,2024-09-26,4.951,437.3,0,measured
1,2024-09-27,4.997,442.6,0,measured
1,2024-09-28,4.977,441.7,0,measured
1,2024-09-29,4.923,438.2,0,measured
1,2024-09-30,5.041,437.0,0,measured
1,2024-10-01,5.081,435.6,0,measured
1,2024-10-02,5.05,437.5,0,measured
1,2024-10-03,5.016,439.1,0,measured
1,2024-10-04,5.039,438.8,0,measured
1,2024-10-05,5.156,441.8,0,measured
1,2024-10-06,5.089,441.5,0,measured
1,2024-10-07,5.145,438.0,0,measured
1,2024-10-08,5.149,441.7,0,measured
1,2024-10-09,5.256,441.1,0,measured
1,2024-10-10,5.264,443.1,0,measured
1,2024-10-11,5.292,441.5,0,measured
1,2024-10-12,5.313,440.3,0,measured
1,2024-10-13,5.418,442.4,0,measured
1,2024-10-14,5.388,443.2,0,measured
1,2024-10-15,5.431,442.5,0,measured
1,2024-10-16,5.452,438.6,0,measured
1,2024-10-17,5.458,439.0,0,measured
1,2024-10-18,5.469,439.2,0,measured
1,2024-10-19,5.459,442.9,0,measured
1,2024-10-20,5.492,436.7,0,measured
1,2024-10-21,5.514,435.2,0,measured
1,2024-10-22,5.556,441.1,0,measured
1,2024-10-23,5.427,440.8,0,measured
1,2024-10-24,5.471,442.1,0,measured
1,2024-10-25,5.479,444.5,0,measured
1,2024-10-26,5.493,440.8,0,measured
1,2024-10-27,5.509,444.5,0,measured
1,2024-10-28,5.567,442.8,0,measured
1,2024-10-29,5.534,447.9,0,measured
1,2024-10-30,5.52,452.9,0,measured
1,2024-10-31,5.513,455.2,0,measured
1,2024-11-01,5.571,456.6,0,measured
1,2024-11-02,5.596,453.5,0,measured
1,2024-11-03,5.546,453.2,0,measured
1,2024-11-04,5.672,455.2,0,measured
1,2024-11-05,5.641,448.2,0,measured
1,2024-11-06,5.625,447.7,0,measured
1,2024-11-07,5.605,450.3,0,measured
1,2024-11-08,5.615,448.1,0,measured
1,2024-11-09,5.638,451.5,0,measured
1,2024-11-10,5.658,455.6,0,measured
1,2024-11-11,5.541,453.7,0,measured
1,2024-11-12,5.572,449.2,0,measured
1,2024-11-13,5.577,447.8,0,measured
1,2024-11-14,5.598,443.2,0,measured
1,2024-11-15,5.594,439.1,0,measured
1,2024-11-16,5.603,437.0,0,measured
1,2024-11-17,5.601,436.9,0,measured
1,2024-11-18,5.676,437.2,0,measured
1,2024-11-19,5.602,438.9,0,measured
1,2024-11-20,5.411,440.6,0,measured
1,2024-11-21,5.394,442.3,0,measured
1,2024-11-22,5.458,440.3,0,measured
1,2024-11-23,5.426,436.8,0,measured
1,2024-11-24,5.371,434.0,0,measured
1,2024-11-25,5.529,431.5,0,measured
1,2024-11-26,5.494,429.3,0,measured
1,2024-11-27,5.413,433.7,0,measured
1,2024-11-28,5.415,437.0,0,measured
1,2024-11-29,5.494,439.6,0,measured
1,2024-11-30,5.434,441.9,0,measured
1,2024-12-01,5.409,441.5,0,measured
1,2024-12-02,5.497,438.9,0,measured
1,2024-12-03,5.488,445.2,0,measured
1,2024-12-04,5.507,444.5,0,measured
1,2024-12-05,5.543,448.1,0,measured
1,2024-12-06,5.488,447.1,0,measured
1,2024-12-07,5.531,449.2,0,measured
1,2024-12-08,5.507,446.3,0,measured
1,2024-12-09,5.556,443.1,0,measured
1,2024-12-10,5.543,440.5,0,measured
1,2024-12-11,5.563,440.5,0,measured
1,2024-12-12,5.637,439.9,0,measured
1,2024-12-13,5.581,435.8,0,measured
1,2024-12-14,5.643,433.8,0,measured
1,2024-12-15,5.65,437.5,0,measured
1,2024-12-16,5.608,438.5,0,measured
1,2024-12-17,5.647,435.2,0,measured
1,2024-12-18,5.674,440.4,0,measured
1,2024-12-19,5.658,439.7,0,measured
1,2024-12-20,5.635,449.1,0,measured
1,2024-12-21,5.682,445.9,0,measured
1,2024-12-22,5.697,448.6,0,measured
1,2024-12-23,5.645,454.8,0,measured
1,2024-12-24,5.601,457.5,0,measured
1,2024-12-25,5.641,457.1,0,measured
1,2024-12-26,5.613,454.7,0,measured
1,2024-12-27,5.611,453.1,0,measured
1,2024-12-28,5.621,454.5,0,measured
1,2024-12-29,5.592,452.5,0,measured
1,2024-12-30,5.633,454.0,0,measured
1,2024-12-31,5.673,450.9,0,measured
1,2025-01-01,5.352,458.2,0,measured
1,2025-01-02,5.34,458.6,0,measured
1,2025-01-03,5.412,458.1,0,measured
1,2025-01-04,5.407,457.7,0,measured
1,2025-01-05,5.448,457.0,0,measured
1,2025-01-06,5.07,458.6,0,measured
1,2025-01-07,5.131,461.9,0,measured
1,2025-01-08,5.188,461.2,0,measured
1,2025-01-09,5.087,464.1,0,measured
1,2025-01-10,5.154,465.9,0,measured
1,2025-01-11,5.215,463.3,0,measured
1,2025-01-12,5.243,466.9,0,measured
1,2025-01-13,5.307,471.0,0,measured
1,2025-01-14,5.31,468.2,0,measured
1,2025-01-15,5.325,467.0,0,measured
1,2025-01-16,5.274,468.0,0,measured
1,2025-01-17,5.377,466.7,0,measured
1,2025-01-18,5.369,468.4,0,measured
1,2025-01-19,5.436,465.4,0,measured
1,2025-01-20,5.446,463.8,0,measured
1,2025-01-21,5.39,462.2,0,measured
1,2025-01-22,5.529,459.6,0,measured
1,2025-01-23,5.493,457.5,0,measured
1,2025-01-24,5.518,453.1,0,measured
1,2025-01-25,5.581,451.6,0,measured
1,2025-01-26,5.495,450.9,0,measured
1,2025-01-27,5.559,447.2,0,measured
1,2025-01-28,5.622,449.5,0,measured
1,2025-01-29,5.637,445.8,0,measured
1,2025-01-30,5.635,447.7,0,measured
1,2025-01-31,5.618,443.9,0,measured
1,2025-02-01,5.614,444.9,0,measured
1,2025-02-02,5.584,439.7,0,measured
1,2025-02-03,5.608,438.1,0,measured
1,2025-02-04,5.606,442.0,0,measured
1,2025-02-05,5.584,444.1,0,measured
1,2025-02-06,5.595,438.5,0,measured
1,2025-02-07,5.619,442.5,0,measured
1,2025-02-08,5.512,443.9,0,measured
1,2025-02-09,5.583,441.7,0,measured
1,2025-02-10,5.42,443.1,0,measured
1,2025-02-11,5.45,444.7,0,measured
1,2025-02-12,5.381,446.7,0,measured
1,2025-02-13,5.448,445.2,0,measured
1,2025-02-14,5.471,440.7,0,measured
1,2025-02-15,5.536,442.1,0,measured
1,2025-02-16,5.539,440.1,0,measured
1,2025-02-17,5.554,441.0,0,measured
1,2025-02-18,5.529,440.9,0,measured
1,2025-02-19,5.502,441.7,0,measured
1,2025-02-20,5.565,444.4,0,measured
1,2025-02-21,5.561,447.8,0,measured
1,2025-02-22,5.575,451.5,0,measured
1,2025-02-23,5.595,457.7,0,measured
1,2025-02-24,5.599,459.8,0,measured
1,2025-02-25,5.601,459.9,0,measured
1,2025-02-26,5.636,459.9,0,measured
1,2025-02-27,5.638,462.7,0,measured
1,2025-02-28,5.658,468.5,0,measured
1,2025-03-01,5.593,462.1,0,measured
1,2025-03-02,5.597,456.2,0,measured
1,2025-03-03,5.649,453.8,0,measured
1,2025-03-04,5.651,453.2,0,measured
1,2025-03-05,5.616,454.4,0,measured
1,2025-03-06,5.7,457.9,0,measured
1,2025-03-07,5.714,454.5,0,measured
1,2025-03-08,5.661,450.3,0,measured
1,2025-03-09,5.694,450.8,0,measured
1,2025-03-10,5.744,447.6,0,measured
1,2025-03-11,5.702,448.1,0,measured
1,2025-03-12,5.714,448.7,0,measured
1,2025-03-13,5.732,449.0,0,measured
1,2025-03-14,5.752,445.0,0,measured
1,2025-03-15,5.668,446.8,0,measured
1,2025-03-16,5.685,443.0,0,measured
1,2025-03-17,5.764,441.6,0,measured
1,2025-03-18,5.646,446.5,0,measured
1,2025-03-19,5.764,445.9,0,measured
1,2025-03-20,5.666,449.7,0,measured
1,2025-03-21,5.657,448.1,0,measured
1,2025-03-22,5.602,445.9,0,measured
1,2025-03-23,5.621,443.1,0,measured
1,2025-03-24,5.617,442.7,0,measured
1,2025-03-25,5.537,445.0,0,measured
1,2025-03-26,5.55,449.5,0,measured
1,2025-03-27,5.6,449.1,0,measured
1,2025-03-28,5.551,449.4,0,measured
1,2025-03-29,5.574,448.3,0,measured
1,2025-03-30,5.604,444.3,0,measured
1,2025-03-31,5.628,438.4,0,measured
1,2025-04-01,5.548,438.6,0,measured
1,2025-04-02,5.694,439.4,0,measured
1,2025-04-03,5.458,443.3,0,measured
1,2025-04-04,5.38,448.5,0,measured
1,2025-04-05,5.472,448.4,0,measured
1,2025-04-06,5.446,446.1,0,measured
1,2025-04-07,5.328,447.5,0,measured
1,2025-04-08,5.394,441.3,0,measured
1,2025-04-09,5.353,445.3,0,measured
1,2025-04-10,5.395,445.9,0,measured
1,2025-04-11,5.427,448.2,0,measured
1,2025-04-12,5.45,451.9,0,measured
1,2025-04-13,5.505,452.2,0,measured
1,2025-04-14,5.587,452.3,0,measured
1,2025-04-15,5.361,451.7,0,measured
1,2025-04-16,5.313,454.4,0,measured
1,2025-04-17,5.366,451.6,0,measured
1,2025-04-18,5.275,454.3,0,measured
1,2025-04-19,5.307,453.7,0,measured
1,2025-04-20,5.363,454.5,0,measured
1,2025-04-21,4.98,453.6,0,measured
1,2025-04-22,5.02,453.6,0,measured
1,2025-04-23,4.92,448.5,0,measured
1,2025-04-24,5.0,446.8,0,measured
1,2025-04-25,5.048,448.9,0,measured
1,2025-04-26,4.978,443.4,0,measured
1,2025-04-27,5.036,439.7,0,measured
1,2025-04-28,5.091,439.6,0,measured
1,2025-04-29,4.896,441.1,0,measured
1,2025-04-30,5.002,441.4,0,measured
1,2025-05-01,4.898,441.6,0,measured
1,2025-05-02,4.9,443.8,0,measured
1,2025-05-03,4.989,445.7,0,measured
1,2025-05-04,5.035,440.4,0,measured
1,2025-05-05,5.056,435.4,0,measured
1,2025-05-06,5.235,435.7,0,measured
1,2025-05-07,5.238,435.0,0,measured
1,2025-05-08,5.267,436.2,0,measured
1,2025-05-09,5.299,436.6,0,measured
1,2025-05-10,5.187,435.2,0,measured
1,2025-05-11,5.241,432.7,0,measured
1,2025-05-12,5.281,435.0,0,measured
1,2025-05-13,5.175,432.1,0,measured
1,2025-05-14,5.257,433.4,0,measured
1,2025-05-15,5.153,429.1,0,measured
1,2025-05-16,5.313,424.2,0,measured
1,2025-05-17,5.299,419.4,0,measured
1,2025-05-18,5.338,423.6,0,measured
1,2025-05-19,5.333,428.5,0,measured
1,2025-05-20,5.416,423.7,0,measured
1,2025-05-21,5.087,426.2,0,measured
1,2025-05-22,5.171,428.7,0,measured
1,2025-05-23,5.177,427.7,0,measured
1,2025-05-24,5.182,436.4,0,measured
1,2025-05-25,5.171,438.9,0,measured
1,2025-05-26,5.182,441.4,0,measured
1,2025-05-27,4.521,445.7,0,measured
1,2025-05-28,4.522,446.0,0,measured
1,2025-05-29,4.671,445.3,0,measured
1,2025-05-30,4.803,447.3,0,measured
1,2025-05-31,4.869,449.5,0,measured
1,2025-06-01,4.988,451.1,0,measured
1,2025-06-02,4.607,457.0,0,measured
1,2025-06-03,4.442,458.9,0,measured
1,2025-06-04,4.176,465.0,0,measured
1,2025-06-05,4.309,466.5,0,measured
1,2025-06-06,4.429,468.5,0,measured
1,2025-06-07,4.555,468.8,0,measured
1,2025-06-08,4.635,467.1,0,measured
1,2025-06-09,4.593,470.7,0,measured
1,2025-06-10,4.102,477.2,0,measured
1,2025-06-11,4.251,475.3,0,measured
1,2025-06-12,4.319,476.6,0,measured
1,2025-06-13,4.374,475.8,0,measured
1,2025-06-14,4.472,474.3,0,measured
1,2025-06-15,4.589,475.7,0,measured
1,2025-06-16,4.43,477.1,0,measured
1,2025-06-17,3.779,477.6,0,measured
1,2025-06-18,3.711,474.7,0,measured
1,2025-06-19,3.273,474.9,0,measured
1,2025-06-20,3.241,470.9,0,measured
1,2025-06-21,3.415,465.2,0,measured
1,2025-06-22,3.535,464.0,0,measured
1,2025-06-23,3.78,458.6,0,measured
1,2025-06-24,3.484,463.6,0,measured
1,2025-06-25,3.44,473.1,0,measured
1,2025-06-26,3.344,471.8,0,measured
1,2025-06-27,2.71,469.2,0,measured
1,2025-06-28,2.7,469.9,0,measured
1,2025-06-29,2.15,469.8,0,measured
1,2025-06-30,2.477,470.1,0,measured
1,2025-07-01,2.338,474.0,0,measured
1,2025-07-02,1.648,468.4,0,measured
1,2025-07-03,1.663,470.8,0,measured
1,2025-07-04,1.873,468.2,0,measured
1,2025-07-05,2.182,464.1,0,measured
1,2025-07-06,2.103,461.7,0,measured
1,2025-07-07,2.431,462.9,0,measured
1,2025-07-08,2.649,467.3,0,measured
1,2025-07-09,2.405,469.5,0,measured
1,2025-07-10,2.612,470.7,0,measured
1,2025-07-11,2.843,472.1,0,measured
1,2025-07-12,2.623,469.3,0,measured
1,2025-07-13,2.661,462.6,0,measured
1,2025-07-14,2.926,465.4,0,measured
1,2025-07-15,2.954,467.0,0,measured
1,2025-07-16,3.251,465.0,0,measured
1,2025-07-17,2.775,462.3,0,measured
1,2025-07-18,2.861,463.9,0,measured
1,2025-07-19,2.992,460.4,0,measured
1,2025-07-20,3.226,456.9,0,measured
1,2025-07-21,3.287,456.1,0,measured
1,2025-07-22,3.546,452.5,0,measured
1,2025-07-23,3.488,454.3,0,measured
1,2025-07-24,3.539,457.2,0,measured
1,2025-07-25,3.701,455.4,0,measured
1,2025-07-26,3.481,455.6,0,measured
1,2025-07-27,3.132,454.2,0,measured
1,2025-07-28,3.272,453.4,0,measured
1,2025-07-29,2.664,448.6,0,measured
1,2025-07-30,2.444,456.3,0,measured
1,2025-07-31,2.731,453.2,0,measured
1,2025-08-01,2.693,450.6,0,measured
1,2025-08-02,2.979,450.4,0,measured
1,2025-08-03,2.986,448.3,0,measured
1,2025-08-04,2.796,451.4,0,measured
1,2025-08-05,2.356,449.4,0,measured
1,2025-08-06,2.535,455.3,0,measured
1,2025-08-07,2.815,456.9,0,measured
1,2025-08-08,2.89,453.8,0,measured
1,2025-08-09,3.065,453.6,0,measured
1,2025-08-10,3.314,457.3,0,measured
1,2025-08-11,2.3,455.8,0,measured
1,2025-08-12,2.586,452.5,0,measured
1,2025-08-13,2.537,442.9,0,measured
1,2025-08-14,2.422,442.9,0,measured
1,2025-08-15,2.719,443.8,0,measured
1,2025-08-16,2.918,440.4,0,measured
1,2025-08-17,3.225,441.7,0,measured
1,2025-08-18,3.428,443.4,0,measured
1,2025-08-19,3.361,443.2,0,measured
1,2025-08-20,3.337,440.9,0,measured
1,2025-08-21,3.386,444.6,0,measured
1,2025-08-22,3.395,449.4,0,measured
1,2025-08-23,3.571,449.2,0,measured
1,2025-08-24,3.684,449.3,0,measured
1,2025-08-25,3.803,445.9,0,measured
1,2025-08-26,3.546,443.2,0,measured
1,2025-08-27,3.638,446.2,0,measured
1,2025-08-28,3.809,444.7,0,measured
1,2025-08-29,3.979,442.4,0,measured
1,2025-08-30,4.118,443.6,0,measured
1,2025-08-31,4.22,445.4,0,measured
1,2025-09-01,4.356,439.8,0,measured
1,2025-09-02,4.415,440.0,0,measured
1,2025-09-03,4.25,436.8,0,measured
1,2025-09-04,4.378,436.7,0,measured
1,2025-09-05,4.47,440.6,0,measured
1,2025-09-06,4.662,439.9,0,measured
1,2025-09-07,4.629,442.7,0,measured
1,2025-09-08,4.79,440.0,0,measured
1,2025-09-09,4.688,435.9,0,measured
1,2025-09-10,4.549,436.3,0,measured
1,2025-09-11,4.574,437.5,0,measured
1,2025-09-12,4.728,436.1,0,measured
1,2025-09-13,4.489,436.8,0,measured
1,2025-09-14,4.57,438.5,0,measured
1,2025-09-15,4.697,437.8,0,measured
1,2025-09-16,4.823,438.3,0,measured
1,2025-09-17,4.945,442.5,0,measured
1,2025-09-18,4.973,443.1,0,measured
1,2025-09-19,5.02,440.5,0,measured
1,2025-09-20,5.09,443.5,0,measured
1,2025-09-21,4.768,442.7,0,measured
1,2025-09-22,4.816,443.4,0,measured
1,2025-09-23,4.873,443.8,0,measured
1,2025-09-24,4.902,441.4,0,measured
1,2025-09-25,4.932,439.3,0,measured
1,2025-09-26,4.785,439.9,0,measured
1,2025-09-27,4.862,440.2,0,measured
1,2025-09-28,4.898,448.8,0,measured
1,2025-09-29,4.843,450.6,0,measured
1,2025-09-30,4.729,455.1,0,measured
1,2025-10-01,4.821,461.7,0,measured
1,2025-10-02,4.888,460.7,0,measured
1,2025-10-03,4.932,455.7,0,measured
1,2025-10-04,5.028,460.2,0,measured
1,2025-10-05,5.124,455.7,0,measured
1,2025-10-06,5.14,456.9,0,measured
1,2025-10-07,5.21,455.1,0,measured
1,2025-10-08,5.167,456.1,0,measured
1,2025-10-09,5.188,460.6,0,measured
1,2025-10-10,5.302,462.3,0,measured
1,2025-10-11,5.302,465.1,0,measured
1,2025-10-12,5.4,462.5,0,measured
1,2025-10-13,5.381,462.8,0,measured
1,2025-10-14,5.483,455.7,0,measured
1,2025-10-15,5.417,456.4,0,measured
1,2025-10-16,5.468,458.4,0,measured
1,2025-10-17,5.488,459.1,0,measured
1,2025-10-18,5.532,455.9,0,measured
1,2025-10-19,5.547,452.8,0,measured
1,2025-10-20,5.582,450.7,0,measured
1,2025-10-21,5.581,445.1,0,measured
1,2025-10-22,5.54,448.2,0,measured
1,2025-10-23,5.553,444.9,0,measured
1,2025-10-24,5.619,444.7,0,measured
1,2025-10-25,5.603,441.4,0,measured
1,2025-10-26,5.601,440.5,0,measured
1,2025-10-27,5.553,443.7,0,measured
1,2025-10-28,5.501,445.8,0,measured
1,2025-10-29,5.518,446.9,0,measured
1,2025-10-30,5.551,443.4,0,measured
1,2025-10-31,5.619,447.3,0,measured
1,2025-11-01,5.631,446.1,0,measured
1,2025-11-02,5.398,447.0,0,measured
1,2025-11-03,5.518,443.4,0,measured
1,2025-11-04,5.495,443.6,0,measured
1,2025-11-05,5.545,446.5,0,measured
1,2025-11-06,5.576,445.3,0,measured
1,2025-11-07,5.607,444.4,0,measured
1,2025-11-08,5.592,440.9,0,measured
1,2025-11-09,5.661,443.7,0,measured
1,2025-11-10,5.588,442.7,0,measured
1,2025-11-11,5.693,438.7,0,measured
1,2025-11-12,5.709,437.0,0,measured
1,2025-11-13,5.676,432.6,0,measured
1,2025-11-14,5.705,431.7,0,measured
1,2025-11-15,5.79,432.9,0,measured
1,2025-11-16,5.576,436.9,0,measured
1,2025-11-17,5.542,433.5,0,measured
1,2025-11-18,5.557,433.7,0,measured
1,2025-11-19,5.551,439.0,0,measured
1,2025-11-20,5.548,440.2,0,measured
1,2025-11-21,5.632,437.6,0,measured
1,2025-11-22,5.711,441.5,0,measured
1,2025-11-23,5.659,438.0,0,measured
1,2025-11-24,5.605,437.2,0,measured
1,2025-11-25,5.597,438.5,0,measured
1,2025-11-26,5.545,440.8,0,measured
1,2025-11-27,5.685,442.7,0,measured
1,2025-11-28,5.675,441.5,0,measured
1,2025-11-29,5.64,442.1,0,measured
1,2025-11-30,5.659,440.4,0,measured
1,2025-12-01,5.538,444.2,0,measured
1,2025-12-02,5.6,441.6,0,measured
1,2025-12-03,5.654,446.1,0,measured
1,2025-12-04,5.527,444.7,0,measured
1,2025-12-05,5.591,442.7,0,measured
1,2025-12-06,5.615,438.7,0,measured
1,2025-12-07,5.614,439.8,0,measured
1,2025-12-08,5.648,443.4,0,measured
1,2025-12-09,5.629,445.6,0,measured
1,2025-12-10,5.673,445.2,0,measured
1,2025-12-11,5.766,443.6,0,measured
1,2025-12-12,5.718,441.1,0,measured
1,2025-12-13,5.68,441.8,0,measured
1,2025-12-14,5.756,441.7,0,measured
1,2025-12-15,5.751,439.0,0,measured
1,2025-12-16,5.749,442.6,0,measured
1,2025-12-17,5.76,448.8,0,measured
1,2025-12-18,5.754,448.5,0,measured
1,2025-12-19,5.728,446.0,0,measured
1,2025-12-20,5.726,445.8,0,measured
1,2025-12-21,5.713,449.7,0,measured
1,2025-12-22,5.666,454.4,0,measured
1,2025-12-23,5.465,455.3,0,measured
1,2025-12-24,5.535,455.0,0,measured
1,2025-12-25,5.536,453.1,0,measured
1,2025-12-26,5.53,452.6,0,measured
1,2025-12-27,5.584,459.4,0,measured
1,2025-12-28,5.619,458.7,0,measured
1,2025-12-29,5.583,458.5,0,measured
1,2025-12-30,5.671,455.7,0,measured
1,2025-12-31,5.643,457.6,0,measured
1,2026-01-01,5.708,451.0,0,measured
1,2026-01-02,5.716,450.6,0,measured
1,2026-01-03,5.772,453.5,0,measured
1,2026-01-04,5.703,457.0,0,measured
1,2026-01-05,5.747,456.3,0,measured
1,2026-01-06,5.581,458.7,0,measured
1,2026-01-07,5.586,459.1,0,measured
1,2026-01-08,5.648,455.9,0,measured
1,2026-01-09,5.64,453.6,0,measured
1,2026-01-10,5.619,455.5,0,measured
1,2026-01-11,5.665,456.4,0,measured
1,2026-01-12,5.66,456.5,0,measured
1,2026-01-13,5.629,462.2,0,measured
1,2026-01-14,5.666,462.6,0,measured
1,2026-01-15,5.664,462.7,0,measured
1,2026-01-16,5.662,461.8,0,measured
1,2026-01-17,5.704,458.2,0,measured
1,2026-01-18,5.718,453.8,0,measured
1,2026-01-19,5.768,458.0,0,measured
1,2026-01-20,5.748,459.0,0,measured
1,2026-01-21,5.738,457.7,0,measured
1,2026-01-22,5.731,453.6,0,measured
1,2026-01-23,5.846,452.0,0,measured
1,2026-01-24,5.83,452.6,0,measured
1,2026-01-25,5.844,451.4,0,measured
1,2026-01-26,5.753,452.7,0,measured
1,2026-01-27,5.742,456.0,0,measured
1,2026-01-28,5.874,458.5,0,measured
1,2026-01-29,5.839,457.9,0,measured
1,2026-01-30,5.762,461.6,0,measured
1,2026-01-31,5.773,458.5,0,measured
1,2026-02-01,5.815,461.8,0,measured
1,2026-02-02,5.876,459.3,0,measured
1,2026-02-03,5.803,460.2,0,measured
1,2026-02-04,5.799,459.9,0,measured
1,2026-02-05,5.746,454.7,0,measured
1,2026-02-06,5.807,454.8,0,measured
1,2026-02-07,5.863,457.5,0,measured
1,2026-02-08,5.832,452.1,0,measured
1,2026-02-09,5.827,453.9,0,measured
1,2026-02-10,5.868,449.9,0,measured
1,2026-02-11,5.825,446.5,0,measured
1,2026-02-12,5.831,447.7,0,measured
1,2026-02-13,5.894,445.0,0,measured
1,2026-02-14,5.833,445.4,0,measured
1,2026-02-15,5.888,440.8,0,measured
1,2026-02-16,5.866,445.3,0,measured
1,2026-02-17,5.853,451.8,0,measured
1,2026-02-18,5.898,452.6,0,measured
1,2026-02-19,5.861,450.2,0,measured
1,2026-02-20,5.835,448.8,0,measured
1,2026-02-21,5.863,452.5,0,measured
1,2026-02-22,5.75,448.1,0,measured
1,2026-02-23,5.594,445.1,0,measured
1,2026-02-24,5.625,449.7,0,measured
1,2026-02-25,5.675,446.8,0,measured
1,2026-02-26,5.63,440.0,0,measured
1,2026-02-27,5.61,435.5,0,measured
1,2026-02-28,5.687,434.2,0,measured
1,2026-03-01,5.586,431.9,0,measured
1,2026-03-02,5.56,428.4,0,measured
1,2026-03-03,5.581,427.4,0,measured
1,2026-03-04,5.589,433.7,0,measured
1,2026-03-05,5.561,436.2,0,measured
1,2026-03-06,5.6,430.9,0,measured
1,2026-03-07,5.599,434.1,0,measured
1,2026-03-08,5.619,434.5,0,measured
1,2026-03-09,5.629,436.7,0,measured
1,2026-03-10,5.633,437.8,0,measured
1,2026-03-11,5.665,441.7,0,measured
1,2026-03-12,5.655,442.1,0,measured
1,2026-03-13,5.643,440.9,0,measured
1,2026-03-14,5.674,439.8,0,measured
1,2026-03-15,5.76,435.1,0,measured
1,2026-03-16,5.789,433.9,0,measured
1,2026-03-17,5.832,435.2,0,measured
1,2026-03-18,5.772,437.4,0,measured
1,2026-03-19,5.801,436.5,0,measured
1,2026-03-20,5.777,435.2,0,measured
1,2026-03-21,5.774,438.4,0,measured
1,2026-03-22,5.792,437.6,0,measured
1,2026-03-23,5.859,436.7,0,measured
1,2026-03-24,5.846,438.2,0,measured
1,2026-03-25,5.859,438.0,0,measured
1,2026-03-26,5.806,436.2,0,measured
1,2026-03-27,5.806,441.4,0,measured
1,2026-03-28,5.817,440.5,0,measured
1,2026-03-29,5.844,439.1,0,measured
1,2026-03-30,5.73,441.9,0,measured
1,2026-03-31,5.71,440.9,0,measured
1,2026-04-01,5.701,442.1,0,measured
1,2026-04-02,5.718,439.6,0,measured
1,2026-04-03,5.733,437.5,0,measured
1,2026-04-04,5.844,442.8,0,measured
1,2026-04-05,5.752,443.6,0,measured
1,2026-04-06,5.741,450.4,0,measured
1,2026-04-07,5.713,447.4,0,measured
1,2026-04-08,5.752,447.5,0,measured
1,2026-04-09,5.759,452.3,0,measured
1,2026-04-10,5.708,454.5,0,measured
1,2026-04-11,5.39,451.4,0,measured
1,2026-04-12,5.37,457.4,0,measured
1,2026-04-13,5.172,457.6,0,measured
1,2026-04-14,5.216,455.5,0,measured
1,2026-04-15,5.311,455.2,0,measured
1,2026-04-16,5.325,453.1,0,measured
1,2026-04-17,5.343,452.2,0,measured
1,2026-04-18,5.392,454.0,0,measured
1,2026-04-19,5.471,454.8,0,measured
1,2026-04-20,5.32,459.3,0,measured
1,2026-04-21,5.366,459.0,0,measured
1,2026-04-22,5.362,459.2,0,measured
1,2026-04-23,5.209,457.5,0,measured
1,2026-04-24,5.244,460.2,0,measured
1,2026-04-25,5.321,462.3,0,measured
1,2026-04-26,5.342,459.9,0,measured
1,2026-04-27,5.33,460.3,0,measured
1,2026-04-28,5.386,460.9,0,measured
1,2026-04-29,5.377,458.8,0,measured
1,2026-04-30,5.433,451.8,0,measured
1,2026-05-01,5.492,446.4,0,measured
1,2026-05-02,5.092,446.4,0,measured
1,2026-05-03,5.177,448.3,0,measured
1,2026-05-04,5.084,452.4,0,measured
1,2026-05-05,5.079,454.7,0,measured
1,2026-05-06,5.166,460.3,0,measured
1,2026-05-07,5.181,458.7,0,measured
1,2026-05-08,5.14,457.1,0,measured
1,2026-05-09,5.168,456.7,0,measured
1,2026-05-10,4.624,461.0,0,measured
1,2026-05-11,4.54,459.4,0,measured
1,2026-05-12,4.626,463.2,0,measured
1,2026-05-13,4.733,463.8,0,measured
1,2026-05-14,4.804,463.5,0,measured
1,2026-05-15,4.712,462.7,0,measured
1,2026-05-16,4.858,464.3,0,measured
1,2026-05-17,4.926,461.4,0,measured
1,2026-05-18,4.949,467.4,0,measured
1,2026-05-19,5.027,468.2,0,measured
1,2026-05-20,4.802,469.4,0,measured
1,2026-05-21,4.889,470.5,0,measured
1,2026-05-22,4.917,469.9,0,measured
1,2026-05-23,5.04,467.7,0,measured
1,2026-05-24,5.035,468.2,0,measured
1,2026-05-25,5.099,468.0,0,measured
1,2026-05-26,5.179,467.8,0,measured
1,2026-05-27,4.809,469.5,0,measured
1,2026-05-28,4.61,464.9,0,measured
1,2026-05-29,4.745,459.4,0,measured
1,2026-05-30,4.811,455.1,0,measured
1,2026-05-31,4.475,455.3,0,measured
1,2026-06-01,4.546,448.9,0,measured
1,2026-06-02,4.478,446.3,0,measured
1,2026-06-03,3.887,447.0,0,measured
1,2026-06-04,6.574,445.7,0,measured
2,2023-06-06,6.037,452.0,0,measured
2,2023-06-07,5.865,446.1,0,measured
2,2023-06-08,5.512,446.0,0,measured
2,2023-06-09,5.477,448.9,0,measured
2,2023-06-10,5.54,450.2,0,measured
2,2023-06-11,5.351,450.7,0,measured
2,2023-06-12,5.232,448.7,0,measured
2,2023-06-13,5.204,455.3,0,measured
2,2023-06-14,4.92,459.9,0,measured
2,2023-06-15,5.006,458.9,0,measured
2,2023-06-16,4.757,461.9,0,measured
2,2023-06-17,4.835,460.9,0,measured
2,2023-06-18,4.468,457.4,0,measured
2,2023-06-19,4.603,455.1,0,measured
2,2023-06-20,4.524,454.9,0,measured
2,2023-06-21,4.607,457.0,0,measured
2,2023-06-22,4.618,452.8,0,measured
2,2023-06-23,4.229,460.7,0,measured
2,2023-06-24,4.361,457.4,0,measured
2,2023-06-25,4.49,460.6,0,measured
2,2023-06-26,4.616,460.0,0,measured
2,2023-06-27,3.714,453.3,0,measured
2,2023-06-28,3.601,451.3,0,measured
2,2023-06-29,3.834,451.1,0,measured
2,2023-06-30,3.947,452.9,0,measured
2,2023-07-01,4.142,454.4,0,measured
2,2023-07-02,4.347,456.8,0,measured
2,2023-07-03,4.451,454.8,0,measured
2,2023-07-04,4.368,452.4,0,measured
2,2023-07-05,4.385,452.2,0,measured
2,2023-07-06,4.335,451.5,0,measured
2,2023-07-07,4.156,451.7,0,measured
2,2023-07-08,4.065,446.7,0,measured
2,2023-07-09,4.013,448.4,0,measured
2,2023-07-10,4.192,448.3,0,measured
2,2023-07-11,4.262,446.5,0,measured
2,2023-07-12,4.463,445.1,0,measured
2,2023-07-13,4.198,440.9,0,measured
2,2023-07-14,4.039,439.2,0,measured
2,2023-07-15,4.249,440.1,0,measured
2,2023-07-16,4.333,438.3,0,measured
2,2023-07-17,4.47,442.7,0,measured
2,2023-07-18,4.6,446.6,0,measured
2,2023-07-19,4.681,448.2,0,measured
2,2023-07-20,4.869,454.9,0,measured
2,2023-07-21,4.801,457.6,0,measured
2,2023-07-22,4.68,455.8,0,measured
2,2023-07-23,3.978,458.5,0,measured
2,2023-07-24,4.178,457.8,0,measured
2,2023-07-25,4.013,462.1,0,measured
2,2023-07-26,3.45,467.8,0,measured
2,2023-07-27,3.45,463.2,0,measured
2,2023-07-28,3.385,459.4,0,measured
2,2023-07-29,3.273,454.6,0,measured
2,2023-07-30,3.496,460.4,0,measured
2,2023-07-31,3.484,457.6,0,measured
2,2023-08-01,3.685,457.0,0,measured
2,2023-08-02,3.73,456.4,0,measured
2,2023-08-03,3.864,456.0,0,measured
2,2023-08-04,3.996,452.3,0,measured
2,2023-08-05,4.155,451.8,0,measured
2,2023-08-06,4.217,453.7,0,measured
2,2023-08-07,2.951,456.3,0,measured
2,2023-08-08,3.225,456.0,0,measured
2,2023-08-09,3.456,456.1,0,measured
2,2023-08-10,3.67,456.6,0,measured
2,2023-08-11,3.53,456.2,0,measured
2,2023-08-12,3.663,456.0,0,measured
2,2023-08-13,3.928,454.0,0,measured
2,2023-08-14,3.664,454.2,0,measured
2,2023-08-15,3.681,451.7,0,measured
2,2023-08-16,3.144,450.2,0,measured
2,2023-08-17,3.38,451.5,0,measured
2,2023-08-18,3.368,451.2,0,measured
2,2023-08-19,2.961,454.3,0,measured
2,2023-08-20,3.21,457.3,0,measured
2,2023-08-21,3.213,460.2,0,measured
2,2023-08-22,3.352,458.2,0,measured
2,2023-08-23,3.224,451.6,0,measured
2,2023-08-24,3.432,453.9,0,measured
2,2023-08-25,3.709,450.4,0,measured
2,2023-08-26,3.903,451.7,0,measured
2,2023-08-27,3.858,451.1,0,measured
2,2023-08-28,3.433,454.6,0,measured
2,2023-08-29,3.659,450.8,0,measured
2,2023-08-30,3.899,451.8,0,measured
2,2023-08-31,3.865,448.0,0,measured
2,2023-09-01,4.1,447.3,0,measured
2,2023-09-02,4.219,448.6,0,measured
2,2023-09-03,4.229,447.7,0,measured
2,2023-09-04,4.026,445.1,0,measured
2,2023-09-05,4.22,440.5,0,measured
2,2023-09-06,4.191,442.7,0,measured
2,2023-09-07,4.316,441.8,0,measured
2,2023-09-08,4.061,440.0,0,measured
2,2023-09-09,4.193,440.1,0,measured
2,2023-09-10,4.228,442.9,0,measured
2,2023-09-11,4.322,441.5,0,measured
2,2023-09-12,4.352,445.7,0,measured
2,2023-09-13,4.521,441.0,0,measured
2,2023-09-14,4.614,441.8,0,measured
2,2023-09-15,4.706,443.7,0,measured
2,2023-09-16,4.817,446.2,0,measured
2,2023-09-17,4.846,448.7,0,measured
2,2023-09-18,4.785,448.8,0,measured
2,2023-09-19,4.82,443.7,0,measured
2,2023-09-20,4.807,440.1,0,measured
2,2023-09-21,4.456,441.9,0,measured
2,2023-09-22,4.576,443.7,0,measured
2,2023-09-23,4.64,445.9,0,measured
2,2023-09-24,4.803,447.3,0,measured
2,2023-09-25,4.813,440.5,0,measured
2,2023-09-26,4.947,437.9,0,measured
2,2023-09-27,5.041,432.5,0,measured
2,2023-09-28,5.104,431.1,0,measured
2,2023-09-29,5.166,433.8,0,measured
2,2023-09-30,5.27,431.6,0,measured
2,2023-10-01,5.263,431.0,0,measured
2,2023-10-02,5.36,431.0,0,measured
2,2023-10-03,5.445,428.8,0,measured
2,2023-10-04,5.439,426.9,0,measured
2,2023-10-05,5.459,426.1,0,measured
2,2023-10-06,5.521,425.1,0,measured
2,2023-10-07,5.624,422.0,0,measured
2,2023-10-08,5.567,420.7,0,measured
2,2023-10-09,5.685,422.4,0,measured
2,2023-10-10,5.628,423.1,0,measured
2,2023-10-11,5.623,423.1,0,measured
2,2023-10-12,5.69,424.2,0,measured
2,2023-10-13,5.732,420.0,0,measured
2,2023-10-14,5.782,416.5,0,measured
2,2023-10-15,5.57,418.4,0,measured
2,2023-10-16,5.585,423.3,0,measured
2,2023-10-17,5.618,424.8,0,measured
2,2023-10-18,5.676,427.4,0,measured
2,2023-10-19,5.139,424.5,0,measured
2,2023-10-20,5.176,425.9,0,measured
2,2023-10-21,5.284,427.4,0,measured
2,2023-10-22,5.302,429.3,0,measured
2,2023-10-23,5.316,428.0,0,measured
2,2023-10-24,5.398,432.8,0,measured
2,2023-10-25,5.403,429.3,0,measured
2,2023-10-26,5.411,429.9,0,measured
2,2023-10-27,5.531,427.4,0,measured
2,2023-10-28,5.498,425.0,0,measured
2,2023-10-29,5.575,423.5,0,measured
2,2023-10-30,5.666,428.5,0,measured
2,2023-10-31,5.706,428.0,0,measured
2,2023-11-01,5.661,427.1,0,measured
2,2023-11-02,5.727,427.0,0,measured
2,2023-11-03,5.715,423.6,0,measured
2,2023-11-04,5.706,422.5,0,measured
2,2023-11-05,5.712,421.1,0,measured
2,2023-11-06,5.761,421.7,0,measured
2,2023-11-07,5.777,420.6,0,measured
2,2023-11-08,5.846,423.8,0,measured
2,2023-11-09,5.885,421.5,0,measured
2,2023-11-10,5.785,423.0,0,measured
2,2023-11-11,5.726,425.4,0,measured
2,2023-11-12,5.858,423.9,0,measured
2,2023-11-13,5.58,421.6,0,measured
2,2023-11-14,5.631,419.6,0,measured
2,2023-11-15,5.666,425.2,0,measured
2,2023-11-16,5.62,429.4,0,measured
2,2023-11-17,5.73,429.5,0,measured
2,2023-11-18,5.708,431.3,0,measured
2,2023-11-19,5.657,430.7,0,measured
2,2023-11-20,5.671,435.3,0,measured
2,2023-11-21,5.704,430.9,0,measured
2,2023-11-22,5.847,431.2,0,measured
2,2023-11-23,5.824,434.6,0,measured
2,2023-11-24,5.876,434.4,0,measured
2,2023-11-25,5.719,438.1,0,measured
2,2023-11-26,5.71,443.8,0,measured
2,2023-11-27,5.751,444.3,0,measured
2,2023-11-28,5.756,442.8,0,measured
2,2023-11-29,5.817,442.3,0,measured
2,2023-11-30,5.858,436.4,0,measured
2,2023-12-01,5.818,438.4,0,measured
2,2023-12-02,5.852,441.7,0,measured
2,2023-12-03,5.874,440.6,0,measured
2,2023-12-04,5.816,440.3,0,measured
2,2023-12-05,5.886,439.6,0,measured
2,2023-12-06,5.911,442.5,0,measured
2,2023-12-07,5.88,444.6,0,measured
2,2023-12-08,5.901,442.4,0,measured
2,2023-12-09,5.938,443.8,0,measured
2,2023-12-10,5.804,443.8,0,measured
2,2023-12-11,5.831,446.3,0,measured
2,2023-12-12,5.819,446.1,0,measured
2,2023-12-13,5.879,449.0,0,measured
2,2023-12-14,5.849,443.1,0,measured
2,2023-12-15,5.741,446.4,0,measured
2,2023-12-16,5.79,444.1,0,measured
2,2023-12-17,5.807,438.5,0,measured
2,2023-12-18,5.84,440.0,0,measured
2,2023-12-19,5.831,442.1,0,measured
2,2023-12-20,5.757,439.7,0,measured
2,2023-12-21,5.844,435.7,0,measured
2,2023-12-22,5.759,434.5,0,measured
2,2023-12-23,5.858,431.0,0,measured
2,2023-12-24,5.797,432.9,0,measured
2,2023-12-25,5.8,434.4,0,measured
2,2023-12-26,5.86,434.3,0,measured
2,2023-12-27,5.882,433.0,0,measured
2,2023-12-28,5.907,429.0,0,measured
2,2023-12-29,5.824,424.8,0,measured
2,2023-12-30,5.887,428.6,0,measured
2,2023-12-31,5.784,427.9,0,measured
2,2024-01-01,5.857,427.7,0,measured
2,2024-01-02,5.799,430.0,0,measured
2,2024-01-03,5.818,430.2,0,measured
2,2024-01-04,5.896,431.3,0,measured
2,2024-01-05,5.839,432.0,0,measured
2,2024-01-06,5.84,435.6,0,measured
2,2024-01-07,5.932,438.9,0,measured
2,2024-01-08,5.927,440.4,0,measured
2,2024-01-09,5.935,438.7,0,measured
2,2024-01-10,5.92,434.5,0,measured
2,2024-01-11,5.875,433.1,0,measured
2,2024-01-12,5.997,424.7,0,measured
2,2024-01-13,5.992,423.3,0,measured
2,2024-01-14,5.986,423.0,0,measured
2,2024-01-15,6.038,422.8,0,measured
2,2024-01-16,5.95,427.1,0,measured
2,2024-01-17,6.02,430.1,0,measured
2,2024-01-18,5.988,427.7,0,measured
2,2024-01-19,5.838,435.0,0,measured
2,2024-01-20,5.925,439.4,0,measured
2,2024-01-21,5.903,442.9,0,measured
2,2024-01-22,5.893,446.6,0,measured
2,2024-01-23,5.716,447.9,0,measured
2,2024-01-24,5.768,447.7,0,measured
2,2024-01-25,5.773,451.7,0,measured
2,2024-01-26,5.805,457.9,0,measured
2,2024-01-27,5.895,456.2,0,measured
2,2024-01-28,5.755,461.6,0,measured
2,2024-01-29,5.764,463.9,0,measured
2,2024-01-30,5.817,461.1,0,measured
2,2024-01-31,5.8,458.3,0,measured
2,2024-02-01,5.861,460.5,0,measured
2,2024-02-02,5.896,461.6,0,measured
2,2024-02-03,5.871,463.6,0,measured
2,2024-02-04,5.959,461.2,0,measured
2,2024-02-05,5.791,458.8,0,measured
2,2024-02-06,5.746,462.8,0,measured
2,2024-02-07,5.692,466.8,0,measured
2,2024-02-08,5.75,472.1,0,measured
2,2024-02-09,5.763,474.1,0,measured
2,2024-02-10,5.765,467.8,0,measured
2,2024-02-11,5.728,467.8,0,measured
2,2024-02-12,5.778,470.2,0,measured
2,2024-02-13,5.835,472.0,0,measured
2,2024-02-14,5.854,474.6,0,measured
2,2024-02-15,5.838,471.6,0,measured
2,2024-02-16,5.835,467.3,0,measured
2,2024-02-17,5.93,462.2,0,measured
2,2024-02-18,5.925,462.3,0,measured
2,2024-02-19,5.94,456.9,0,measured
2,2024-02-20,5.975,452.6,0,measured
2,2024-02-21,5.676,455.3,0,measured
2,2024-02-22,5.45,450.1,0,measured
2,2024-02-23,5.511,449.9,0,measured
2,2024-02-24,5.462,453.4,0,measured
2,2024-02-25,5.541,453.9,0,measured
2,2024-02-26,5.638,459.6,0,measured
2,2024-02-27,5.658,452.9,0,measured
2,2024-02-28,5.708,453.0,0,measured
2,2024-02-29,5.711,448.1,0,measured
2,2024-03-01,5.761,451.2,0,measured
2,2024-03-02,5.767,451.2,0,measured
2,2024-03-03,5.806,447.7,0,measured
2,2024-03-04,5.638,448.7,0,measured
2,2024-03-05,5.682,450.9,0,measured
2,2024-03-06,5.687,452.2,0,measured
2,2024-03-07,5.755,452.8,0,measured
2,2024-03-08,5.777,451.9,0,measured
2,2024-03-09,5.792,453.4,0,measured
2,2024-03-10,5.746,451.4,0,measured
2,2024-03-11,5.771,456.6,0,measured
2,2024-03-12,5.822,455.0,0,measured
2,2024-03-13,5.783,451.7,0,measured
2,2024-03-14,5.836,451.0,0,measured
2,2024-03-15,5.825,451.1,0,measured
2,2024-03-16,5.843,451.3,0,measured
2,2024-03-17,5.892,455.9,0,measured
2,2024-03-18,5.874,453.7,0,measured
2,2024-03-19,5.87,458.9,0,measured
2,2024-03-20,5.938,456.8,0,measured
2,2024-03-21,5.869,458.9,0,measured
2,2024-03-22,5.92,455.4,0,measured
2,2024-03-23,5.992,460.0,0,measured
2,2024-03-24,5.955,455.5,0,measured
2,2024-03-25,5.964,448.2,0,measured
2,2024-03-26,5.962,439.6,0,measured
2,2024-03-27,5.975,437.9,0,measured
2,2024-03-28,5.992,437.0,0,measured
2,2024-03-29,5.972,436.9,0,measured
2,2024-03-30,6.045,436.8,0,measured
2,2024-03-31,6.023,443.1,0,measured
2,2024-04-01,6.045,440.8,0,measured
2,2024-04-02,6.025,443.8,0,measured
2,2024-04-03,5.993,442.7,0,measured
2,2024-04-04,6.028,440.2,0,measured
2,2024-04-05,5.976,436.3,0,measured
2,2024-04-06,5.965,429.6,0,measured
2,2024-04-07,5.982,426.1,0,measured
2,2024-04-08,6.065,429.2,0,measured
2,2024-04-09,6.047,425.9,0,measured
2,2024-04-10,6.039,429.5,0,measured
2,2024-04-11,6.067,428.2,0,measured
2,2024-04-12,6.025,424.8,0,measured
2,2024-04-13,6.006,421.4,0,measured
2,2024-04-14,6.053,422.2,0,measured
2,2024-04-15,6.03,423.4,0,measured
2,2024-04-16,5.964,417.2,0,measured
2,2024-04-17,6.0,418.9,0,measured
2,2024-04-18,5.802,421.2,0,measured
2,2024-04-19,5.848,428.5,0,measured
2,2024-04-20,5.784,424.7,0,measured
2,2024-04-21,5.593,424.1,0,measured
2,2024-04-22,5.622,426.0,0,measured
2,2024-04-23,5.56,426.8,0,measured
2,2024-04-24,5.233,427.7,0,measured
2,2024-04-25,5.283,425.6,0,measured
2,2024-04-26,5.274,432.9,0,measured
2,2024-04-27,5.331,434.7,0,measured
2,2024-04-28,5.429,436.1,0,measured
2,2024-04-29,5.516,437.2,0,measured
2,2024-04-30,5.575,437.8,0,measured
2,2024-05-01,5.527,437.3,0,measured
2,2024-05-02,5.64,436.9,0,measured
2,2024-05-03,5.666,434.1,0,measured
2,2024-05-04,5.694,436.5,0,measured
2,2024-05-05,5.727,435.3,0,measured
2,2024-05-06,5.783,433.8,0,measured
2,2024-05-07,5.819,438.6,0,measured
2,2024-05-08,5.848,439.8,0,measured
2,2024-05-09,5.862,440.7,0,measured
2,2024-05-10,5.841,438.0,0,measured
2,2024-05-11,5.896,437.3,0,measured
2,2024-05-12,5.897,433.1,0,measured
2,2024-05-13,5.823,431.1,0,measured
2,2024-05-14,5.818,430.3,0,measured
2,2024-05-15,5.89,436.6,0,measured
2,2024-05-16,5.907,435.1,0,measured
2,2024-05-17,5.833,437.8,0,measured
2,2024-05-18,5.835,436.9,0,measured
2,2024-05-19,5.762,434.2,0,measured
2,2024-05-20,5.547,430.6,0,measured
2,2024-05-21,5.369,427.8,0,measured
2,2024-05-22,5.533,427.3,0,measured
2,2024-05-23,5.621,433.0,0,measured
2,2024-05-24,5.46,431.6,0,measured
2,2024-05-25,5.532,435.4,0,measured
2,2024-05-26,5.354,439.1,0,measured
2,2024-05-27,4.891,440.6,0,measured
2,2024-05-28,5.006,437.8,0,measured
2,2024-05-29,5.085,437.7,0,measured
2,2024-05-30,5.24,437.7,0,measured
2,2024-05-31,5.266,431.6,0,measured
2,2024-06-01,5.232,434.9,0,measured
2,2024-06-02,4.88,434.4,0,measured
2,2024-06-03,5.027,436.0,0,measured
2,2024-06-04,5.112,435.5,0,measured
2,2024-06-05,4.873,440.7,0,measured
2,2024-06-06,4.863,444.3,0,measured
2,2024-06-07,5.023,445.8,0,measured
2,2024-06-08,4.913,446.2,0,measured
2,2024-06-09,4.938,442.9,0,measured
2,2024-06-10,4.653,439.2,0,measured
2,2024-06-11,4.657,437.1,0,measured
2,2024-06-12,4.645,438.4,0,measured
2,2024-06-13,4.731,444.8,0,measured
2,2024-06-14,4.645,448.0,0,measured
2,2024-06-15,4.776,444.7,0,measured
2,2024-06-16,4.561,449.5,0,measured
2,2024-06-17,4.356,452.8,0,measured
2,2024-06-18,4.354,449.8,0,measured
2,2024-06-19,4.3,452.1,0,measured
2,2024-06-20,4.419,448.3,0,measured
2,2024-06-21,4.084,448.0,0,measured
2,2024-06-22,4.328,451.7,0,measured
2,2024-06-23,4.293,449.0,0,measured
2,2024-06-24,4.143,453.4,0,measured
2,2024-06-25,4.267,451.6,0,measured
2,2024-06-26,4.086,450.7,0,measured
2,2024-06-27,4.25,455.8,0,measured
2,2024-06-28,4.383,457.7,0,measured
2,2024-06-29,4.533,456.1,0,measured
2,2024-06-30,4.675,454.8,0,measured
2,2024-07-01,4.695,454.3,0,measured
2,2024-07-02,4.614,460.1,0,measured
2,2024-07-03,4.792,459.5,0,measured
2,2024-07-04,4.852,459.9,0,measured
2,2024-07-05,4.559,457.0,0,measured
2,2024-07-06,4.663,449.5,0,measured
2,2024-07-07,4.469,444.5,0,measured
2,2024-07-08,4.613,444.5,0,measured
2,2024-07-09,4.178,451.3,0,measured
2,2024-07-10,4.344,447.8,0,measured
2,2024-07-11,4.325,447.8,0,measured
2,2024-07-12,4.11,448.8,0,measured
2,2024-07-13,4.296,453.3,0,measured
2,2024-07-14,3.967,451.1,0,measured
2,2024-07-15,3.825,447.1,0,measured
2,2024-07-16,3.997,449.1,0,measured
2,2024-07-17,3.657,445.3,0,measured
2,2024-07-18,3.881,445.8,0,measured
2,2024-07-19,4.032,446.6,0,measured
2,2024-07-20,3.151,441.3,0,measured
2,2024-07-21,3.348,442.3,0,measured
2,2024-07-22,3.367,438.7,0,measured
2,2024-07-23,3.327,437.6,0,measured
2,2024-07-24,2.991,438.3,0,measured
2,2024-07-25,3.234,441.4,0,measured
2,2024-07-26,2.571,443.2,0,measured
2,2024-07-27,2.855,443.4,0,measured
2,2024-07-28,3.178,443.4,0,measured
2,2024-07-29,3.403,440.0,0,measured
2,2024-07-30,3.195,442.6,0,measured
2,2024-07-31,3.395,440.3,0,measured
2,2024-08-01,3.159,436.6,0,measured
2,2024-08-02,3.387,435.5,0,measured
2,2024-08-03,3.399,435.9,0,measured
2,2024-08-04,3.668,438.5,0,measured
2,2024-08-05,3.293,443.9,0,measured
2,2024-08-06,3.503,445.5,0,measured
2,2024-08-07,3.174,445.7,0,measured
2,2024-08-08,3.13,444.1,0,measured
2,2024-08-09,3.431,443.9,0,measured
2,2024-08-10,3.503,448.5,0,measured
2,2024-08-11,3.686,450.4,0,measured
2,2024-08-12,3.731,449.4,0,measured
2,2024-08-13,3.934,446.2,0,measured
2,2024-08-14,3.535,444.4,0,measured
2,2024-08-15,3.817,450.9,0,measured
2,2024-08-16,3.892,452.1,0,measured
2,2024-08-17,4.063,448.0,0,measured
2,2024-08-18,3.886,449.4,0,measured
2,2024-08-19,4.035,454.4,0,measured
2,2024-08-20,4.263,455.4,0,measured
2,2024-08-21,4.449,457.0,0,measured
2,2024-08-22,4.505,460.4,0,measured
2,2024-08-23,4.604,462.7,0,measured
2,2024-08-24,4.766,461.3,0,measured
2,2024-08-25,4.787,468.9,0,measured
2,2024-08-26,4.899,467.1,0,measured
2,2024-08-27,4.74,475.0,0,measured
2,2024-08-28,4.838,471.6,0,measured
2,2024-08-29,4.971,471.6,0,measured
2,2024-08-30,4.787,475.0,0,measured
2,2024-08-31,4.596,469.1,0,measured
2,2024-09-01,4.58,466.6,0,measured
2,2024-09-02,4.575,460.7,0,measured
2,2024-09-03,4.507,463.0,0,measured
2,2024-09-04,4.655,465.7,0,measured
2,2024-09-05,4.644,465.6,0,measured
2,2024-09-06,4.72,462.4,0,measured
2,2024-09-07,4.944,461.0,0,measured
2,2024-09-08,5.022,460.0,0,measured
2,2024-09-09,5.093,459.5,0,measured
2,2024-09-10,5.068,455.9,0,measured
2,2024-09-11,5.137,456.0,0,measured
2,2024-09-12,5.163,455.8,0,measured
2,2024-09-13,5.175,459.6,0,measured
2,2024-09-14,4.72,463.4,0,measured
2,2024-09-15,4.875,464.8,0,measured
2,2024-09-16,4.9,466.8,0,measured
2,2024-09-17,4.715,465.9,0,measured
2,2024-09-18,4.831,458.0,0,measured
2,2024-09-19,4.954,459.3,0,measured
2,2024-09-20,5.041,457.9,0,measured
2,2024-09-21,5.121,455.4,0,measured
2,2024-09-22,5.244,455.2,0,measured
2,2024-09-23,5.335,452.6,0,measured
2,2024-09-24,5.36,451.6,0,measured
2,2024-09-25,5.458,451.0,0,measured
2,2024-09-26,5.473,451.8,0,measured
2,2024-09-27,5.525,452.2,0,measured
2,2024-09-28,5.42,455.7,0,measured
2,2024-09-29,5.411,453.3,0,measured
2,2024-09-30,5.543,452.4,0,measured
2,2024-10-01,5.558,452.7,0,measured
2,2024-10-02,5.613,446.8,0,measured
2,2024-10-03,5.536,449.1,0,measured
2,2024-10-04,5.604,448.9,0,measured
2,2024-10-05,5.6,450.4,0,measured
2,2024-10-06,5.628,446.5,0,measured
2,2024-10-07,5.711,447.1,0,measured
2,2024-10-08,5.691,445.8,0,measured
2,2024-10-09,5.713,444.5,0,measured
2,2024-10-10,5.727,447.6,0,measured
2,2024-10-11,5.767,443.0,0,measured
2,2024-10-12,5.839,445.4,0,measured
2,2024-10-13,5.883,444.5,0,measured
2,2024-10-14,5.876,443.4,0,measured
2,2024-10-15,5.969,439.0,0,measured
2,2024-10-16,5.958,444.7,0,measured
2,2024-10-17,5.968,444.6,0,measured
2,2024-10-18,5.952,444.9,0,measured
2,2024-10-19,5.956,443.4,0,measured
2,2024-10-20,5.993,444.1,0,measured
2,2024-10-21,5.952,444.3,0,measured
2,2024-10-22,6.004,447.9,0,measured
2,2024-10-23,5.961,449.4,0,measured
2,2024-10-24,5.966,453.0,0,measured
2,2024-10-25,5.921,458.2,0,measured
2,2024-10-26,5.928,460.1,0,measured
2,2024-10-27,6.032,457.4,0,measured
2,2024-10-28,6.005,457.5,0,measured
2,2024-10-29,6.054,461.3,0,measured
2,2024-10-30,6.033,462.0,0,measured
2,2024-10-31,6.065,459.2,0,measured
2,2024-11-01,6.107,459.4,0,measured
2,2024-11-02,6.105,463.7,0,measured
2,2024-11-03,6.064,464.3,0,measured
2,2024-11-04,6.106,465.4,0,measured
2,2024-11-05,6.092,467.2,0,measured
2,2024-11-06,6.117,459.5,0,measured
2,2024-11-07,6.142,459.3,0,measured
2,2024-11-08,6.151,458.8,0,measured
2,2024-11-09,6.113,456.1,0,measured
2,2024-11-10,6.118,456.8,0,measured
2,2024-11-11,6.037,455.5,0,measured
2,2024-11-12,6.05,454.1,0,measured
2,2024-11-13,6.076,454.2,0,measured
2,2024-11-14,6.089,458.4,0,measured
2,2024-11-15,6.077,460.0,0,measured
2,2024-11-16,6.075,457.6,0,measured
2,2024-11-17,6.107,456.1,0,measured
2,2024-11-18,6.131,451.7,0,measured
2,2024-11-19,6.117,450.8,0,measured
2,2024-11-20,5.862,448.0,0,measured
2,2024-11-21,5.88,449.9,0,measured
2,2024-11-22,5.966,451.3,0,measured
2,2024-11-23,5.961,451.0,0,measured
2,2024-11-24,5.998,453.7,0,measured
2,2024-11-25,5.972,452.1,0,measured
2,2024-11-26,6.053,454.7,0,measured
2,2024-11-27,5.935,455.7,0,measured
2,2024-11-28,5.921,454.8,0,measured
2,2024-11-29,5.976,457.6,0,measured
2,2024-11-30,6.011,452.6,0,measured
2,2024-12-01,5.972,451.0,0,measured
2,2024-12-02,5.936,447.5,0,measured
2,2024-12-03,5.991,446.6,0,measured
2,2024-12-04,5.977,447.0,0,measured
2,2024-12-05,6.017,450.5,0,measured
2,2024-12-06,6.022,455.6,0,measured
2,2024-12-07,6.022,455.5,0,measured
2,2024-12-08,6.056,456.2,0,measured
2,2024-12-09,6.026,455.3,0,measured
2,2024-12-10,6.056,454.3,0,measured
2,2024-12-11,6.138,455.3,0,measured
2,2024-12-12,6.065,455.1,0,measured
2,2024-12-13,6.086,454.7,0,measured
2,2024-12-14,6.1,454.3,0,measured
2,2024-12-15,6.135,455.0,0,measured
2,2024-12-16,6.131,454.7,0,measured
2,2024-12-17,6.074,451.7,0,measured
2,2024-12-18,6.104,454.4,0,measured
2,2024-12-19,6.16,449.6,0,measured
2,2024-12-20,6.123,449.4,0,measured
2,2024-12-21,6.191,452.9,0,measured
2,2024-12-22,6.184,454.4,0,measured
2,2024-12-23,6.14,453.7,0,measured
2,2024-12-24,6.106,451.3,0,measured
2,2024-12-25,6.11,453.7,0,measured
2,2024-12-26,6.155,445.1,0,measured
2,2024-12-27,6.205,441.3,0,measured
2,2024-12-28,6.158,444.6,0,measured
2,2024-12-29,6.141,447.1,0,measured
2,2024-12-30,6.142,452.3,0,measured
2,2024-12-31,6.147,459.2,0,measured
2,2025-01-01,5.78,458.5,0,measured
2,2025-01-02,5.914,452.8,0,measured
2,2025-01-03,5.917,456.4,0,measured
2,2025-01-04,5.946,460.6,0,measured
2,2025-01-05,5.952,462.5,0,measured
2,2025-01-06,5.574,459.0,0,measured
2,2025-01-07,5.549,457.0,0,measured
2,2025-01-08,5.65,454.4,0,measured
2,2025-01-09,5.624,451.1,0,measured
2,2025-01-10,5.61,449.1,0,measured
2,2025-01-11,5.672,449.5,0,measured
2,2025-01-12,5.775,447.6,0,measured
2,2025-01-13,5.81,453.1,0,measured
2,2025-01-14,5.791,452.1,0,measured
2,2025-01-15,5.876,450.2,0,measured
2,2025-01-16,5.761,451.4,0,measured
2,2025-01-17,5.869,445.8,0,measured
2,2025-01-18,5.842,447.0,0,measured
2,2025-01-19,5.924,449.8,0,measured
2,2025-01-20,5.958,449.9,0,measured
2,2025-01-21,5.976,451.9,0,measured
2,2025-01-22,6.017,450.7,0,measured
2,2025-01-23,5.98,445.6,0,measured
2,2025-01-24,6.018,447.9,0,measured
2,2025-01-25,6.059,442.6,0,measured
2,2025-01-26,6.106,449.8,0,measured
2,2025-01-27,6.042,448.3,0,measured
2,2025-01-28,6.084,446.5,0,measured
2,2025-01-29,6.087,446.0,0,measured
2,2025-01-30,6.159,445.3,0,measured
2,2025-01-31,6.146,443.6,0,measured
2,2025-02-01,6.154,446.1,0,measured
2,2025-02-02,6.111,444.0,0,measured
2,2025-02-03,6.122,444.2,0,measured
2,2025-02-04,6.119,437.8,0,measured
2,2025-02-05,6.144,440.4,0,measured
2,2025-02-06,6.134,437.2,0,measured
2,2025-02-07,6.123,440.3,0,measured
2,2025-02-08,6.104,438.5,0,measured
2,2025-02-09,6.074,435.8,0,measured
2,2025-02-10,5.988,433.6,0,measured
2,2025-02-11,5.869,425.4,0,measured
2,2025-02-12,5.925,429.4,0,measured
2,2025-02-13,5.923,430.8,0,measured
2,2025-02-14,5.963,432.3,0,measured
2,2025-02-15,5.955,430.8,0,measured
2,2025-02-16,5.954,427.6,0,measured
2,2025-02-17,6.038,430.6,0,measured
2,2025-02-18,6.022,434.1,0,measured
2,2025-02-19,6.007,441.3,0,measured
2,2025-02-20,5.986,444.1,0,measured
2,2025-02-21,5.982,443.0,0,measured
2,2025-02-22,6.081,442.5,0,measured
2,2025-02-23,6.13,440.9,0,measured
2,2025-02-24,6.101,440.0,0,measured
2,2025-02-25,6.079,436.1,0,measured
2,2025-02-26,6.135,432.0,0,measured
2,2025-02-27,6.182,428.4,0,measured
2,2025-02-28,6.178,431.1,0,measured
2,2025-03-01,6.105,427.2,0,measured
2,2025-03-02,6.069,428.9,0,measured
2,2025-03-03,6.165,429.7,0,measured
2,2025-03-04,6.095,428.0,0,measured
2,2025-03-05,6.129,430.7,0,measured
2,2025-03-06,6.127,430.4,0,measured
2,2025-03-07,6.146,426.2,0,measured
2,2025-03-08,6.137,430.3,0,measured
2,2025-03-09,6.26,436.2,0,measured
2,2025-03-10,6.211,433.7,0,measured
2,2025-03-11,6.113,432.0,0,measured
2,2025-03-12,6.215,425.2,0,measured
2,2025-03-13,6.206,426.3,0,measured
2,2025-03-14,6.213,427.1,0,measured
2,2025-03-15,6.193,426.4,0,measured
2,2025-03-16,6.215,426.6,0,measured
2,2025-03-17,6.198,424.2,0,measured
2,2025-03-18,6.233,426.4,0,measured
2,2025-03-19,6.273,428.2,0,measured
2,2025-03-20,6.193,423.0,0,measured
2,2025-03-21,6.172,423.8,0,measured
2,2025-03-22,6.119,421.1,0,measured
2,2025-03-23,6.159,426.8,0,measured
2,2025-03-24,6.165,429.3,0,measured
2,2025-03-25,6.047,429.2,0,measured
2,2025-03-26,6.07,428.2,0,measured
2,2025-03-27,6.046,422.8,0,measured
2,2025-03-28,6.083,421.0,0,measured
2,2025-03-29,6.091,419.0,0,measured
2,2025-03-30,6.013,418.2,0,measured
2,2025-03-31,6.115,418.4,0,measured
2,2025-04-01,6.112,413.4,0,measured
2,2025-04-02,6.171,413.1,0,measured
2,2025-04-03,5.929,413.5,0,measured
2,2025-04-04,5.937,412.5,0,measured
2,2025-04-05,5.924,406.2,0,measured
2,2025-04-06,5.96,403.1,0,measured
2,2025-04-07,5.847,401.8,0,measured
2,2025-04-08,5.89,406.7,0,measured
2,2025-04-09,5.931,405.1,0,measured
2,2025-04-10,5.897,406.2,0,measured
2,2025-04-11,5.93,409.7,0,measured
2,2025-04-12,6.013,416.2,0,measured
2,2025-04-13,6.023,419.1,0,measured
2,2025-04-14,5.993,415.5,0,measured
2,2025-04-15,5.78,417.4,0,measured
2,2025-04-16,5.826,416.4,0,measured
2,2025-04-17,5.887,419.9,0,measured
2,2025-04-18,5.817,420.5,0,measured
2,2025-04-19,5.838,418.5,0,measured
2,2025-04-20,5.86,420.7,0,measured
2,2025-04-21,5.427,424.8,0,measured
2,2025-04-22,5.527,422.2,0,measured
2,2025-04-23,5.432,421.4,0,measured
2,2025-04-24,5.572,426.2,0,measured
2,2025-04-25,5.584,429.5,0,measured
2,2025-04-26,5.425,431.0,0,measured
2,2025-04-27,5.576,433.4,0,measured
2,2025-04-28,5.602,433.1,0,measured
2,2025-04-29,5.435,438.9,0,measured
2,2025-04-30,5.516,444.8,0,measured
2,2025-05-01,5.341,444.4,0,measured
2,2025-05-02,5.435,445.8,0,measured
2,2025-05-03,5.548,450.0,0,measured
2,2025-05-04,5.622,448.4,0,measured
2,2025-05-05,5.67,449.5,0,measured
2,2025-05-06,5.678,452.5,0,measured
2,2025-05-07,5.705,454.6,0,measured
2,2025-05-08,5.728,454.3,0,measured
2,2025-05-09,5.835,456.8,0,measured
2,2025-05-10,5.742,455.1,0,measured
2,2025-05-11,5.807,459.0,0,measured
2,2025-05-12,5.743,454.4,0,measured
2,2025-05-13,5.68,455.7,0,measured
2,2025-05-14,5.709,457.6,0,measured
2,2025-05-15,5.755,456.9,0,measured
2,2025-05-16,5.76,459.2,0,measured
2,2025-05-17,5.786,459.9,0,measured
2,2025-05-18,5.797,463.5,0,measured
2,2025-05-19,5.844,466.3,0,measured
2,2025-05-20,5.873,469.1,0,measured
2,2025-05-21,5.508,471.8,0,measured
2,2025-05-22,5.582,467.5,0,measured
2,2025-05-23,5.599,467.5,0,measured
2,2025-05-24,5.709,464.3,0,measured
2,2025-05-25,5.605,459.9,0,measured
2,2025-05-26,5.675,458.5,0,measured
2,2025-05-27,4.993,457.2,0,measured
2,2025-05-28,5.079,455.6,0,measured
2,2025-05-29,5.164,451.7,0,measured
2,2025-05-30,5.303,452.3,0,measured
2,2025-05-31,5.335,456.3,0,measured
2,2025-06-01,5.464,458.8,0,measured
2,2025-06-02,5.056,455.3,0,measured
2,2025-06-03,4.883,455.4,0,measured
2,2025-06-04,4.713,457.5,0,measured
2,2025-06-05,4.878,461.8,0,measured
2,2025-06-06,4.922,461.7,0,measured
2,2025-06-07,5.043,462.3,0,measured
2,2025-06-08,5.117,465.3,0,measured
2,2025-06-09,5.082,462.7,0,measured
2,2025-06-10,4.626,464.9,0,measured
2,2025-06-11,4.722,466.1,0,measured
2,2025-06-12,4.859,471.0,0,measured
2,2025-06-13,4.854,471.9,0,measured
2,2025-06-14,4.989,470.4,0,measured
2,2025-06-15,5.066,472.1,0,measured
2,2025-06-16,4.955,476.7,0,measured
2,2025-06-17,4.268,476.2,0,measured
2,2025-06-18,4.216,480.1,0,measured
2,2025-06-19,3.747,480.5,0,measured
2,2025-06-20,3.714,482.6,0,measured
2,2025-06-21,3.92,484.2,0,measured
2,2025-06-22,4.059,482.8,0,measured
2,2025-06-23,4.216,482.6,0,measured
2,2025-06-24,4.032,482.6,0,measured
2,2025-06-25,3.955,480.0,0,measured
2,2025-06-26,3.85,485.9,0,measured
2,2025-06-27,3.234,487.1,0,measured
2,2025-06-28,3.233,486.4,0,measured
2,2025-06-29,2.678,492.1,0,measured
2,2025-06-30,2.929,490.8,0,measured
2,2025-07-01,2.808,491.9,0,measured
2,2025-07-02,2.054,492.8,0,measured
2,2025-07-03,2.143,492.5,0,measured
2,2025-07-04,2.333,489.4,0,measured
2,2025-07-05,2.665,490.4,0,measured
2,2025-07-06,2.578,490.7,0,measured
2,2025-07-07,2.842,488.4,0,measured
2,2025-07-08,3.226,485.5,0,measured
2,2025-07-09,2.899,489.3,0,measured
2,2025-07-10,3.059,488.4,0,measured
2,2025-07-11,3.284,485.2,0,measured
2,2025-07-12,3.04,480.9,0,measured
2,2025-07-13,3.129,476.3,0,measured
2,2025-07-14,3.407,476.5,0,measured
2,2025-07-15,3.512,479.2,0,measured
2,2025-07-16,3.731,476.4,0,measured
2,2025-07-17,3.352,476.1,0,measured
2,2025-07-18,3.375,476.2,0,measured
2,2025-07-19,3.452,479.0,0,measured
2,2025-07-20,3.679,484.2,0,measured
2,2025-07-21,3.817,477.1,0,measured
2,2025-07-22,3.986,482.9,0,measured
2,2025-07-23,3.963,486.9,0,measured
2,2025-07-24,4.062,490.0,0,measured
2,2025-07-25,4.17,490.3,0,measured
2,2025-07-26,3.951,490.0,0,measured
2,2025-07-27,3.687,482.8,0,measured
2,2025-07-28,3.765,490.3,0,measured
2,2025-07-29,3.109,489.2,0,measured
2,2025-07-30,3.001,486.3,0,measured
2,2025-07-31,3.179,483.0,0,measured
2,2025-08-01,3.271,486.5,0,measured
2,2025-08-02,3.478,484.4,0,measured
2,2025-08-03,3.478,483.4,0,measured
2,2025-08-04,3.365,480.7,0,measured
2,2025-08-05,2.889,481.0,0,measured
2,2025-08-06,3.041,478.3,0,measured
2,2025-08-07,3.326,479.3,0,measured
2,2025-08-08,3.387,481.1,0,measured
2,2025-08-09,3.557,473.6,0,measured
2,2025-08-10,3.82,476.5,0,measured
2,2025-08-11,2.823,474.3,0,measured
2,2025-08-12,3.025,473.2,0,measured
2,2025-08-13,3.035,473.4,0,measured
2,2025-08-14,2.948,472.4,0,measured
2,2025-08-15,3.214,472.7,0,measured
2,2025-08-16,3.45,473.7,0,measured
2,2025-08-17,3.685,471.9,0,measured
2,2025-08-18,3.916,468.5,0,measured
2,2025-08-19,3.932,468.8,0,measured
2,2025-08-20,3.898,473.3,0,measured
2,2025-08-21,3.904,472.6,0,measured
2,2025-08-22,3.877,476.2,0,measured
2,2025-08-23,4.074,473.4,0,measured
2,2025-08-24,4.18,472.6,0,measured
2,2025-08-25,4.358,469.3,0,measured
2,2025-08-26,4.1,466.5,0,measured
2,2025-08-27,4.151,466.6,0,measured
2,2025-08-28,4.339,465.8,0,measured
2,2025-08-29,4.432,471.0,0,measured
2,2025-08-30,4.611,473.0,0,measured
2,2025-08-31,4.767,478.3,0,measured
2,2025-09-01,4.934,479.5,0,measured
2,2025-09-02,4.872,479.8,0,measured
2,2025-09-03,4.755,479.9,0,measured
2,2025-09-04,4.861,483.4,0,measured
2,2025-09-05,4.947,481.8,0,measured
2,2025-09-06,5.05,484.7,0,measured
2,2025-09-07,5.224,483.2,0,measured
2,2025-09-08,5.214,480.3,0,measured
2,2025-09-09,5.197,482.0,0,measured
2,2025-09-10,5.0,480.3,0,measured
2,2025-09-11,5.068,480.3,0,measured
2,2025-09-12,5.165,480.2,0,measured
2,2025-09-13,5.018,477.5,0,measured
2,2025-09-14,5.113,477.2,0,measured
2,2025-09-15,5.168,480.1,0,measured
2,2025-09-16,5.381,481.1,0,measured
2,2025-09-17,5.378,477.4,0,measured
2,2025-09-18,5.456,477.9,0,measured
2,2025-09-19,5.52,476.2,0,measured
2,2025-09-20,5.586,474.8,0,measured
2,2025-09-21,5.201,475.2,0,measured
2,2025-09-22,5.362,479.4,0,measured
2,2025-09-23,5.378,474.1,0,measured
2,2025-09-24,5.496,474.9,0,measured
2,2025-09-25,5.469,475.2,0,measured
2,2025-09-26,5.311,475.2,0,measured
2,2025-09-27,5.382,472.5,0,measured
2,2025-09-28,5.476,470.0,0,measured
2,2025-09-29,5.345,463.2,0,measured
2,2025-09-30,5.301,459.6,0,measured
2,2025-10-01,5.284,460.1,0,measured
2,2025-10-02,5.408,462.0,0,measured
2,2025-10-03,5.5,466.5,0,measured
2,2025-10-04,5.487,462.3,0,measured
2,2025-10-05,5.614,466.8,0,measured
2,2025-10-06,5.685,469.4,0,measured
2,2025-10-07,5.709,470.8,0,measured
2,2025-10-08,5.679,472.5,0,measured
2,2025-10-09,5.769,468.5,0,measured
2,2025-10-10,5.765,470.2,0,measured
2,2025-10-11,5.771,463.9,0,measured
2,2025-10-12,5.858,463.4,0,measured
2,2025-10-13,5.847,465.6,0,measured
2,2025-10-14,5.954,463.9,0,measured
2,2025-10-15,5.962,462.6,0,measured
2,2025-10-16,5.971,461.6,0,measured
2,2025-10-17,5.986,458.9,0,measured
2,2025-10-18,5.935,461.5,0,measured
2,2025-10-19,6.027,456.6,0,measured
2,2025-10-20,6.064,457.8,0,measured
2,2025-10-21,6.047,458.6,0,measured
2,2025-10-22,6.063,455.7,0,measured
2,2025-10-23,6.063,451.7,0,measured
2,2025-10-24,6.079,451.2,0,measured
2,2025-10-25,6.087,451.1,0,measured
2,2025-10-26,6.088,452.9,0,measured
2,2025-10-27,6.009,449.7,0,measured
2,2025-10-28,6.024,452.4,0,measured
2,2025-10-29,6.034,451.5,0,measured
2,2025-10-30,6.079,447.7,0,measured
2,2025-10-31,6.107,446.0,0,measured
2,2025-11-01,6.045,446.3,0,measured
2,2025-11-02,5.974,443.8,0,measured
2,2025-11-03,6.016,442.5,0,measured
2,2025-11-04,6.046,441.9,0,measured
2,2025-11-05,6.107,443.9,0,measured
2,2025-11-06,6.094,445.5,0,measured
2,2025-11-07,6.076,442.3,0,measured
2,2025-11-08,6.106,436.4,0,measured
2,2025-11-09,6.141,433.4,0,measured
2,2025-11-10,6.159,432.7,0,measured
2,2025-11-11,6.214,429.5,0,measured
2,2025-11-12,6.17,429.8,0,measured
2,2025-11-13,6.18,430.4,0,measured
2,2025-11-14,6.232,435.3,0,measured
2,2025-11-15,6.247,435.9,0,measured
2,2025-11-16,6.087,436.0,0,measured
2,2025-11-17,6.052,441.7,0,measured
2,2025-11-18,6.098,437.9,0,measured
2,2025-11-19,6.099,442.6,0,measured
2,2025-11-20,6.124,439.8,0,measured
2,2025-11-21,6.116,442.6,0,measured
2,2025-11-22,6.119,445.2,0,measured
2,2025-11-23,6.114,444.5,0,measured
2,2025-11-24,6.1,447.1,0,measured
2,2025-11-25,6.118,452.3,0,measured
2,2025-11-26,6.101,459.2,0,measured
2,2025-11-27,6.158,456.1,0,measured
2,2025-11-28,6.152,453.1,0,measured
2,2025-11-29,6.211,453.3,0,measured
2,2025-11-30,6.137,456.2,0,measured
2,2025-12-01,6.127,458.8,0,measured
2,2025-12-02,6.152,461.1,0,measured
2,2025-12-03,6.159,463.5,0,measured
2,2025-12-04,6.062,463.4,0,measured
2,2025-12-05,6.086,457.5,0,measured
2,2025-12-06,6.12,457.5,0,measured
2,2025-12-07,6.137,459.0,0,measured
2,2025-12-08,6.128,459.2,0,measured
2,2025-12-09,6.141,454.9,0,measured
2,2025-12-10,6.233,455.5,0,measured
2,2025-12-11,6.16,455.0,0,measured
2,2025-12-12,6.224,455.6,0,measured
2,2025-12-13,6.179,455.3,0,measured
2,2025-12-14,6.24,453.0,0,measured
2,2025-12-15,6.177,454.8,0,measured
2,2025-12-16,6.245,456.1,0,measured
2,2025-12-17,6.227,453.7,0,measured
2,2025-12-18,6.259,449.6,0,measured
2,2025-12-19,6.228,447.8,0,measured
2,2025-12-20,6.249,449.4,0,measured
2,2025-12-21,6.264,446.6,0,measured
2,2025-12-22,6.161,447.4,0,measured
2,2025-12-23,5.95,449.0,0,measured
2,2025-12-24,6.078,453.0,0,measured
2,2025-12-25,5.993,453.5,0,measured
2,2025-12-26,6.084,451.5,0,measured
2,2025-12-27,6.079,450.5,0,measured
2,2025-12-28,6.14,454.2,0,measured
2,2025-12-29,6.125,451.5,0,measured
2,2025-12-30,6.097,455.6,0,measured
2,2025-12-31,6.156,452.3,0,measured
2,2026-01-01,6.22,457.5,0,measured
2,2026-01-02,6.213,458.8,0,measured
2,2026-01-03,6.203,465.0,0,measured
2,2026-01-04,6.221,470.5,0,measured
2,2026-01-05,6.174,469.1,0,measured
2,2026-01-06,6.056,472.7,0,measured
2,2026-01-07,6.086,469.8,0,measured
2,2026-01-08,6.091,465.0,0,measured
2,2026-01-09,6.204,464.7,0,measured
2,2026-01-10,6.167,461.1,0,measured
2,2026-01-11,6.168,457.3,0,measured
2,2026-01-12,6.177,462.0,0,measured
2,2026-01-13,6.186,461.5,0,measured
2,2026-01-14,6.124,458.9,0,measured
2,2026-01-15,6.169,457.2,0,measured
2,2026-01-16,6.184,458.9,0,measured
2,2026-01-17,6.219,459.1,0,measured
2,2026-01-18,6.216,458.4,0,measured
2,2026-01-19,6.311,455.7,0,measured
2,2026-01-20,6.249,455.1,0,measured
2,2026-01-21,6.266,460.5,0,measured
2,2026-01-22,6.266,464.4,0,measured
2,2026-01-23,6.271,462.0,0,measured
2,2026-01-24,6.35,456.3,0,measured
2,2026-01-25,6.304,458.0,0,measured
2,2026-01-26,6.34,458.8,0,measured
2,2026-01-27,6.32,460.8,0,measured
2,2026-01-28,6.352,462.6,0,measured
2,2026-01-29,6.284,467.3,0,measured
2,2026-01-30,6.28,465.2,0,measured
2,2026-01-31,6.295,462.9,0,measured
2,2026-02-01,6.264,461.1,0,measured
2,2026-02-02,6.291,454.8,0,measured
2,2026-02-03,6.333,454.4,0,measured
2,2026-02-04,6.297,449.9,0,measured
2,2026-02-05,6.337,450.1,0,measured
2,2026-02-06,6.285,450.8,0,measured
2,2026-02-07,6.299,453.8,0,measured
2,2026-02-08,6.389,456.2,0,measured
2,2026-02-09,6.33,458.6,0,measured
2,2026-02-10,6.399,461.3,0,measured
2,2026-02-11,6.337,459.6,0,measured
2,2026-02-12,6.412,458.8,0,measured
2,2026-02-13,6.361,457.4,0,measured
2,2026-02-14,6.364,460.0,0,measured
2,2026-02-15,6.316,453.9,0,measured
2,2026-02-16,6.433,456.0,0,measured
2,2026-02-17,6.383,457.8,0,measured
2,2026-02-18,6.409,455.1,0,measured
2,2026-02-19,6.3,457.5,0,measured
2,2026-02-20,6.355,463.0,0,measured
2,2026-02-21,6.331,463.2,0,measured
2,2026-02-22,6.203,468.1,0,measured
2,2026-02-23,6.161,468.6,0,measured
2,2026-02-24,6.193,465.4,0,measured
2,2026-02-25,6.144,462.1,0,measured
2,2026-02-26,6.096,460.8,0,measured
2,2026-02-27,6.2,468.1,0,measured
2,2026-02-28,6.132,464.0,0,measured
2,2026-03-01,6.04,460.7,0,measured
2,2026-03-02,6.056,465.3,0,measured
2,2026-03-03,6.055,454.0,0,measured
2,2026-03-04,6.084,454.6,0,measured
2,2026-03-05,6.095,453.2,0,measured
2,2026-03-06,6.155,457.8,0,measured
2,2026-03-07,6.061,460.4,0,measured
2,2026-03-08,6.129,455.0,0,measured
2,2026-03-09,6.17,452.1,0,measured
2,2026-03-10,6.13,450.5,0,measured
2,2026-03-11,6.16,447.5,0,measured
2,2026-03-12,6.205,446.7,0,measured
2,2026-03-13,6.272,444.2,0,measured
2,2026-03-14,6.239,445.7,0,measured
2,2026-03-15,6.281,446.1,0,measured
2,2026-03-16,6.229,453.8,0,measured
2,2026-03-17,6.277,454.8,0,measured
2,2026-03-18,6.268,450.3,0,measured
2,2026-03-19,6.284,449.2,0,measured
2,2026-03-20,6.274,444.2,0,measured
2,2026-03-21,6.347,444.1,0,measured
2,2026-03-22,6.335,445.7,0,measured
2,2026-03-23,6.337,449.5,0,measured
2,2026-03-24,6.406,447.3,0,measured
2,2026-03-25,6.324,443.5,0,measured
2,2026-03-26,6.302,439.3,0,measured
2,2026-03-27,6.34,435.6,0,measured
2,2026-03-28,6.341,434.2,0,measured
2,2026-03-29,6.295,440.0,0,measured
2,2026-03-30,6.203,440.2,0,measured
2,2026-03-31,6.236,438.8,0,measured
2,2026-04-01,6.203,431.5,0,measured
2,2026-04-02,6.263,430.4,0,measured
2,2026-04-03,6.195,427.6,0,measured
2,2026-04-04,6.295,426.6,0,measured
2,2026-04-05,6.201,425.0,0,measured
2,2026-04-06,6.284,423.4,0,measured
2,2026-04-07,6.195,420.8,0,measured
2,2026-04-08,6.253,419.3,0,measured
2,2026-04-09,6.255,417.5,0,measured
2,2026-04-10,6.271,418.5,0,measured
2,2026-04-11,5.842,418.6,0,measured
2,2026-04-12,5.837,419.3,0,measured
2,2026-04-13,5.644,424.0,0,measured
2,2026-04-14,5.773,428.7,0,measured
2,2026-04-15,5.784,424.3,0,measured
2,2026-04-16,5.791,424.7,0,measured
2,2026-04-17,5.827,422.9,0,measured
2,2026-04-18,5.841,422.5,0,measured
2,2026-04-19,5.936,418.8,0,measured
2,2026-04-20,5.848,422.4,0,measured
2,2026-04-21,5.865,421.0,0,measured
2,2026-04-22,5.871,415.5,0,measured
2,2026-04-23,5.679,418.4,0,measured
2,2026-04-24,5.783,415.3,0,measured
2,2026-04-25,5.863,414.2,0,measured
2,2026-04-26,5.882,414.8,0,measured
2,2026-04-27,5.864,414.8,0,measured
2,2026-04-28,5.786,418.7,0,measured
2,2026-04-29,5.885,416.9,0,measured
2,2026-04-30,5.939,419.8,0,measured
2,2026-05-01,5.912,426.0,0,measured
2,2026-05-02,5.629,425.5,0,measured
2,2026-05-03,5.717,423.8,0,measured
2,2026-05-04,5.576,426.4,0,measured
2,2026-05-05,5.595,421.3,0,measured
2,2026-05-06,5.61,422.2,0,measured
2,2026-05-07,5.76,427.3,0,measured
2,2026-05-08,5.607,424.5,0,measured
2,2026-05-09,5.703,428.5,0,measured
2,2026-05-10,5.108,429.1,0,measured
2,2026-05-11,5.105,427.3,0,measured
2,2026-05-12,5.116,425.6,0,measured
2,2026-05-13,5.225,429.0,0,measured
2,2026-05-14,5.37,427.7,0,measured
2,2026-05-15,5.278,425.9,0,measured
2,2026-05-16,5.358,428.0,0,measured
2,2026-05-17,5.41,433.6,0,measured
2,2026-05-18,5.445,439.2,0,measured
2,2026-05-19,5.504,438.4,0,measured
2,2026-05-20,5.281,440.5,0,measured
2,2026-05-21,5.403,440.2,0,measured
2,2026-05-22,5.427,437.2,0,measured
2,2026-05-23,5.506,438.2,0,measured
2,2026-05-24,5.517,438.3,0,measured
2,2026-05-25,5.599,431.3,0,measured
2,2026-05-26,5.685,425.0,0,measured
2,2026-05-27,5.332,422.0,0,measured
2,2026-05-28,5.111,424.2,0,measured
2,2026-05-29,5.205,427.7,0,measured
2,2026-05-30,5.288,431.6,0,measured
2,2026-05-31,4.949,437.1,0,measured
2,2026-06-01,4.98,437.5,0,measured
2,2026-06-02,4.991,437.0,0,measured
2,2026-06-03,4.381,437.6,0,measured
2,2026-06-04,4.565,440.4,0,measured
3,2023-06-06,6.503,450.6,0,measured
3,2023-06-07,6.338,451.1,0,measured
3,2023-06-08,5.988,453.7,0,measured
3,2023-06-09,5.953,457.0,0,measured
3,2023-06-10,6.06,461.7,0,measured
3,2023-06-11,5.874,464.6,0,measured
3,2023-06-12,5.74,463.9,0,measured
3,2023-06-13,5.722,461.1,0,measured
3,2023-06-14,5.438,464.6,0,measured
3,2023-06-15,5.472,472.1,0,measured
3,2023-06-16,5.266,469.6,0,measured
3,2023-06-17,5.355,464.8,0,measured
3,2023-06-18,4.96,467.0,0,measured
3,2023-06-19,5.076,469.1,0,measured
3,2023-06-20,5.075,470.8,0,measured
3,2023-06-21,5.202,476.1,0,measured
3,2023-06-22,5.108,466.4,0,measured
3,2023-06-23,4.7,465.9,0,measured
3,2023-06-24,4.808,462.4,0,measured
3,2023-06-25,4.936,457.1,0,measured
3,2023-06-26,5.118,453.8,0,measured
3,2023-06-27,4.16,452.4,0,measured
3,2023-06-28,4.084,453.4,0,measured
3,2023-06-29,4.347,455.1,0,measured
3,2023-06-30,4.41,455.5,0,measured
3,2023-07-01,4.644,451.2,0,measured
3,2023-07-02,4.8,451.7,0,measured
3,2023-07-03,4.88,447.5,0,measured
3,2023-07-04,4.876,450.2,0,measured
3,2023-07-05,4.866,452.5,0,measured
3,2023-07-06,4.888,449.0,0,measured
3,2023-07-07,4.64,447.3,0,measured
3,2023-07-08,4.556,444.4,0,measured
3,2023-07-09,4.566,443.8,0,measured
3,2023-07-10,4.699,446.2,0,measured
3,2023-07-11,4.823,443.7,0,measured
3,2023-07-12,4.915,440.4,0,measured
3,2023-07-13,4.648,444.1,0,measured
3,2023-07-14,4.605,447.2,0,measured
3,2023-07-15,4.704,446.8,0,measured
3,2023-07-16,4.828,447.8,0,measured
3,2023-07-17,4.985,446.1,0,measured
3,2023-07-18,5.16,446.5,0,measured
3,2023-07-19,5.246,446.4,0,measured
3,2023-07-20,5.37,451.1,0,measured
3,2023-07-21,5.291,452.8,0,measured
3,2023-07-22,5.134,450.2,0,measured
3,2023-07-23,4.486,445.6,0,measured
3,2023-07-24,4.707,443.5,0,measured
3,2023-07-25,4.436,445.0,0,measured
3,2023-07-26,3.96,441.8,0,measured
3,2023-07-27,3.962,441.8,0,measured
3,2023-07-28,3.923,441.5,0,measured
3,2023-07-29,3.758,443.0,0,measured
3,2023-07-30,3.932,446.5,0,measured
3,2023-07-31,4.009,448.0,0,measured
3,2023-08-01,4.215,451.8,0,measured
3,2023-08-02,4.317,455.3,0,measured
3,2023-08-03,4.325,453.8,0,measured
3,2023-08-04,4.457,454.8,0,measured
3,2023-08-05,4.64,449.8,0,measured
3,2023-08-06,4.699,447.3,0,measured
3,2023-08-07,3.448,449.2,0,measured
3,2023-08-08,3.703,453.0,0,measured
3,2023-08-09,3.952,455.0,0,measured
3,2023-08-10,4.148,458.8,0,measured
3,2023-08-11,3.943,457.8,0,measured
3,2023-08-12,4.201,453.4,0,measured
3,2023-08-13,4.377,455.4,0,measured
3,2023-08-14,4.209,458.2,0,measured
3,2023-08-15,4.232,456.5,0,measured
3,2023-08-16,3.629,453.0,0,measured
3,2023-08-17,3.859,457.3,0,measured
3,2023-08-18,3.791,458.0,0,measured
3,2023-08-19,3.499,465.2,0,measured
3,2023-08-20,3.684,465.0,0,measured
3,2023-08-21,3.642,461.5,0,measured
3,2023-08-22,3.816,461.6,0,measured
3,2023-08-23,3.637,462.8,0,measured
3,2023-08-24,3.86,465.5,0,measured
3,2023-08-25,4.174,463.7,0,measured
3,2023-08-26,4.343,462.0,0,measured
3,2023-08-27,4.31,458.0,0,measured
3,2023-08-28,3.981,459.0,0,measured
3,2023-08-29,4.172,457.8,0,measured
3,2023-08-30,4.368,458.3,0,measured
3,2023-08-31,4.451,462.6,0,measured
3,2023-09-01,4.656,464.5,0,measured
3,2023-09-02,4.803,464.3,0,measured
3,2023-09-03,4.739,459.0,0,measured
3,2023-09-04,4.568,462.7,0,measured
3,2023-09-05,4.673,460.2,0,measured
3,2023-09-06,4.664,458.5,0,measured
3,2023-09-07,4.836,449.9,0,measured
3,2023-09-08,4.557,444.8,0,measured
3,2023-09-09,4.716,447.1,0,measured
3,2023-09-10,4.718,449.7,0,measured
3,2023-09-11,4.857,451.3,0,measured
3,2023-09-12,4.838,448.2,0,measured
3,2023-09-13,4.954,450.7,0,measured
3,2023-09-14,5.146,453.8,0,measured
3,2023-09-15,5.163,449.3,0,measured
3,2023-09-16,5.353,455.4,0,measured
3,2023-09-17,5.382,453.8,0,measured
3,2023-09-18,5.31,456.4,0,measured
3,2023-09-19,5.235,463.1,0,measured
3,2023-09-20,5.203,458.9,0,measured
3,2023-09-21,5.019,454.9,0,measured
3,2023-09-22,5.124,455.3,0,measured
3,2023-09-23,5.208,453.2,0,measured
3,2023-09-24,5.281,452.2,0,measured
3,2023-09-25,5.289,448.5,0,measured
3,2023-09-26,5.427,449.2,0,measured
3,2023-09-27,5.498,448.1,0,measured
3,2023-09-28,5.581,445.4,0,measured
3,2023-09-29,5.657,444.9,0,measured
3,2023-09-30,5.775,447.6,0,measured
3,2023-10-01,5.772,453.7,0,measured
3,2023-10-02,5.85,455.9,0,measured
3,2023-10-03,5.884,457.4,0,measured
3,2023-10-04,5.94,456.2,0,measured
3,2023-10-05,5.996,456.2,0,measured
3,2023-10-06,6.032,454.7,0,measured
3,2023-10-07,6.09,452.3,0,measured
3,2023-10-08,6.066,452.7,0,measured
3,2023-10-09,6.101,456.9,0,measured
3,2023-10-10,6.173,455.8,0,measured
3,2023-10-11,6.156,458.6,0,measured
3,2023-10-12,6.254,458.8,0,measured
3,2023-10-13,6.2,457.5,0,measured
3,2023-10-14,6.241,459.3,0,measured
3,2023-10-15,6.122,458.0,0,measured
3,2023-10-16,6.077,458.6,0,measured
3,2023-10-17,6.2,455.1,0,measured
3,2023-10-18,6.155,452.6,0,measured
3,2023-10-19,5.541,453.1,0,measured
3,2023-10-20,5.728,451.7,0,measured
3,2023-10-21,5.785,452.1,0,measured
3,2023-10-22,5.854,453.1,0,measured
3,2023-10-23,5.863,453.3,0,measured
3,2023-10-24,5.924,450.6,0,measured
3,2023-10-25,5.938,454.1,0,measured
3,2023-10-26,5.84,456.4,0,measured
3,2023-10-27,5.924,457.1,0,measured
3,2023-10-28,6.059,451.9,0,measured
3,2023-10-29,6.083,451.3,0,measured
3,2023-10-30,6.108,450.2,0,measured
3,2023-10-31,6.137,456.0,0,measured
3,2023-11-01,6.228,454.0,0,measured
3,2023-11-02,6.212,456.1,0,measured
3,2023-11-03,6.205,453.3,0,measured
3,2023-11-04,6.224,456.1,0,measured
3,2023-11-05,6.263,454.0,0,measured
3,2023-11-06,6.29,448.1,0,measured
3,2023-11-07,6.31,456.1,0,measured
3,2023-11-08,6.347,449.0,0,measured
3,2023-11-09,6.354,447.4,0,measured
3,2023-11-10,6.323,446.5,0,measured
3,2023-11-11,6.28,445.2,0,measured
3,2023-11-12,6.316,444.6,0,measured
3,2023-11-13,6.139,440.7,0,measured
3,2023-11-14,6.132,440.9,0,measured
3,2023-11-15,6.181,437.1,0,measured
3,2023-11-16,6.193,442.6,0,measured
3,2023-11-17,6.194,445.5,0,measured
3,2023-11-18,6.198,443.2,0,measured
3,2023-11-19,6.201,443.5,0,measured
3,2023-11-20,6.239,444.8,0,measured
3,2023-11-21,6.275,447.1,0,measured
3,2023-11-22,6.314,443.7,0,measured
3,2023-11-23,6.255,446.5,0,measured
3,2023-11-24,6.315,446.8,0,measured
3,2023-11-25,6.259,444.2,0,measured
3,2023-11-26,6.226,448.3,0,measured
3,2023-11-27,6.265,447.4,0,measured
3,2023-11-28,6.291,450.6,0,measured
3,2023-11-29,6.297,456.1,0,measured
3,2023-11-30,6.291,457.7,0,measured
3,2023-12-01,6.284,458.8,0,measured
3,2023-12-02,6.36,457.2,0,measured
3,2023-12-03,6.345,455.1,0,measured
3,2023-12-04,6.329,454.8,0,measured
3,2023-12-05,6.332,454.4,0,measured
3,2023-12-06,6.383,455.5,0,measured
3,2023-12-07,6.406,448.8,0,measured
3,2023-12-08,6.395,450.1,0,measured
3,2023-12-09,6.427,448.4,0,measured
3,2023-12-10,6.288,443.1,0,measured
3,2023-12-11,6.328,445.6,0,measured
3,2023-12-12,6.337,446.0,0,measured
3,2023-12-13,6.342,445.0,0,measured
3,2023-12-14,6.412,443.3,0,measured
3,2023-12-15,6.28,444.0,0,measured
3,2023-12-16,6.32,443.2,0,measured
3,2023-12-17,6.295,444.8,0,measured
3,2023-12-18,6.313,451.1,0,measured
3,2023-12-19,6.362,448.6,0,measured
3,2023-12-20,6.251,446.1,0,measured
3,2023-12-21,6.313,447.1,0,measured
3,2023-12-22,6.379,441.7,0,measured
3,2023-12-23,6.365,443.2,0,measured
3,2023-12-24,6.245,445.0,0,measured
3,2023-12-25,6.293,443.0,0,measured
3,2023-12-26,6.334,447.8,0,measured
3,2023-12-27,6.416,448.5,0,measured
3,2023-12-28,6.363,452.2,0,measured
3,2023-12-29,6.345,451.0,0,measured
3,2023-12-30,6.387,449.7,0,measured
3,2023-12-31,6.321,442.3,0,measured
3,2024-01-01,6.313,438.1,0,measured
3,2024-01-02,6.343,438.0,0,measured
3,2024-01-03,6.314,440.8,0,measured
3,2024-01-04,6.363,437.6,0,measured
3,2024-01-05,6.367,436.1,0,measured
3,2024-01-06,6.396,437.2,0,measured
3,2024-01-07,6.389,442.1,0,measured
3,2024-01-08,6.358,438.5,0,measured
3,2024-01-09,6.399,442.9,0,measured
3,2024-01-10,6.403,445.3,0,measured
3,2024-01-11,6.455,447.5,0,measured
3,2024-01-12,6.439,443.0,0,measured
3,2024-01-13,6.489,442.3,0,measured
3,2024-01-14,6.465,446.3,0,measured
3,2024-01-15,6.495,447.5,0,measured
3,2024-01-16,6.502,457.5,0,measured
3,2024-01-17,6.486,456.0,0,measured
3,2024-01-18,6.475,453.2,0,measured
3,2024-01-19,6.38,455.9,0,measured
3,2024-01-20,6.34,452.9,0,measured
3,2024-01-21,6.383,453.6,0,measured
3,2024-01-22,6.4,454.4,0,measured
3,2024-01-23,6.277,451.4,0,measured
3,2024-01-24,6.283,456.0,0,measured
3,2024-01-25,6.238,457.6,0,measured
3,2024-01-26,6.325,451.1,0,measured
3,2024-01-27,6.303,455.2,0,measured
3,2024-01-28,6.229,448.6,0,measured
3,2024-01-29,6.324,450.2,0,measured
3,2024-01-30,6.31,448.1,0,measured
3,2024-01-31,6.308,445.8,0,measured
3,2024-02-01,6.363,442.6,0,measured
3,2024-02-02,6.332,445.0,0,measured
3,2024-02-03,6.355,444.4,0,measured
3,2024-02-04,6.371,451.9,0,measured
3,2024-02-05,6.259,451.6,0,measured
3,2024-02-06,6.275,453.9,0,measured
3,2024-02-07,6.16,457.5,0,measured
3,2024-02-08,6.192,459.7,0,measured
3,2024-02-09,6.184,460.5,0,measured
3,2024-02-10,6.224,463.9,0,measured
3,2024-02-11,6.309,465.5,0,measured
3,2024-02-12,6.26,465.0,0,measured
3,2024-02-13,6.301,462.0,0,measured
3,2024-02-14,6.285,463.2,0,measured
3,2024-02-15,6.37,466.5,0,measured
3,2024-02-16,6.426,471.6,0,measured
3,2024-02-17,6.377,471.9,0,measured
3,2024-02-18,6.394,468.6,0,measured
3,2024-02-19,6.449,465.9,0,measured
3,2024-02-20,6.472,463.7,0,measured
3,2024-02-21,6.174,463.6,0,measured
3,2024-02-22,5.934,468.0,0,measured
3,2024-02-23,5.987,465.7,0,measured
3,2024-02-24,6.026,467.2,0,measured
3,2024-02-25,6.117,465.4,0,measured
3,2024-02-26,6.103,463.5,0,measured
3,2024-02-27,6.178,465.0,0,measured
3,2024-02-28,6.166,461.1,0,measured
3,2024-02-29,6.201,462.6,0,measured
3,2024-03-01,6.261,461.2,0,measured
3,2024-03-02,6.289,458.4,0,measured
3,2024-03-03,6.343,457.4,0,measured
3,2024-03-04,6.109,454.3,0,measured
3,2024-03-05,6.217,450.5,0,measured
3,2024-03-06,6.181,450.7,0,measured
3,2024-03-07,6.229,449.0,0,measured
3,2024-03-08,6.291,445.8,0,measured
3,2024-03-09,6.298,447.1,0,measured
3,2024-03-10,6.215,454.2,0,measured
3,2024-03-11,6.279,458.2,0,measured
3,2024-03-12,6.3,456.1,0,measured
3,2024-03-13,6.278,454.9,0,measured
3,2024-03-14,6.354,454.7,0,measured
3,2024-03-15,6.352,455.1,0,measured
3,2024-03-16,6.436,451.6,0,measured
3,2024-03-17,6.371,447.4,0,measured
3,2024-03-18,6.436,445.2,0,measured
3,2024-03-19,6.401,446.5,0,measured
3,2024-03-20,6.42,451.4,0,measured
3,2024-03-21,6.405,450.2,0,measured
3,2024-03-22,6.471,451.2,0,measured
3,2024-03-23,6.393,446.9,0,measured
3,2024-03-24,6.461,448.1,0,measured
3,2024-03-25,6.48,444.0,0,measured
3,2024-03-26,6.478,441.3,0,measured
3,2024-03-27,6.425,446.4,0,measured
3,2024-03-28,6.454,448.4,0,measured
3,2024-03-29,6.557,444.4,0,measured
3,2024-03-30,6.508,451.2,0,measured
3,2024-03-31,6.477,451.2,0,measured
3,2024-04-01,6.6,449.4,0,measured
3,2024-04-02,6.481,451.0,0,measured
3,2024-04-03,6.488,458.6,0,measured
3,2024-04-04,6.455,460.2,0,measured
3,2024-04-05,6.468,455.6,0,measured
3,2024-04-06,6.528,454.6,0,measured
3,2024-04-07,6.568,450.3,0,measured
3,2024-04-08,6.577,454.7,0,measured
3,2024-04-09,6.522,453.5,0,measured
3,2024-04-10,6.53,453.7,0,measured
3,2024-04-11,6.564,457.2,0,measured
3,2024-04-12,6.53,456.2,0,measured
3,2024-04-13,6.507,460.2,0,measured
3,2024-04-14,6.567,460.3,0,measured
3,2024-04-15,6.536,462.0,0,measured
3,2024-04-16,6.457,465.5,0,measured
3,2024-04-17,6.472,469.6,0,measured
3,2024-04-18,6.316,465.3,0,measured
3,2024-04-19,6.414,462.5,0,measured
3,2024-04-20,6.267,461.8,0,measured
3,2024-04-21,6.094,460.5,0,measured
3,2024-04-22,6.134,460.1,0,measured
3,2024-04-23,6.094,456.9,0,measured
3,2024-04-24,5.698,458.1,0,measured
3,2024-04-25,5.785,458.2,0,measured
3,2024-04-26,5.751,456.1,0,measured
3,2024-04-27,5.891,454.7,0,measured
3,2024-04-28,5.936,451.9,0,measured
3,2024-04-29,5.978,447.4,0,measured
3,2024-04-30,5.981,446.4,0,measured
3,2024-05-01,6.057,446.2,0,measured
3,2024-05-02,6.095,442.8,0,measured
3,2024-05-03,6.137,447.4,0,measured
3,2024-05-04,6.153,442.9,0,measured
3,2024-05-05,6.255,439.8,0,measured
3,2024-05-06,6.26,441.4,0,measured
3,2024-05-07,6.282,437.0,0,measured
3,2024-05-08,6.372,436.1,0,measured
3,2024-05-09,6.398,437.1,0,measured
3,2024-05-10,6.411,435.0,0,measured
3,2024-05-11,6.412,434.6,0,measured
3,2024-05-12,6.407,435.0,0,measured
3,2024-05-13,6.282,434.1,0,measured
3,2024-05-14,6.367,429.8,0,measured
3,2024-05-15,6.323,434.4,0,measured
3,2024-05-16,6.417,433.6,0,measured
3,2024-05-17,6.421,433.8,0,measured
3,2024-05-18,6.335,434.9,0,measured
3,2024-05-19,6.189,436.7,0,measured
3,2024-05-20,5.994,436.8,0,measured
3,2024-05-21,5.97,434.9,0,measured
3,2024-05-22,6.025,433.4,0,measured
3,2024-05-23,6.102,435.2,0,measured
3,2024-05-24,5.95,437.6,0,measured
3,2024-05-25,6.048,439.1,0,measured
3,2024-05-26,5.912,437.4,0,measured
3,2024-05-27,5.385,437.9,0,measured
3,2024-05-28,5.518,439.6,0,measured
3,2024-05-29,5.619,438.4,0,measured
3,2024-05-30,5.677,437.6,0,measured
3,2024-05-31,5.76,437.2,0,measured
3,2024-06-01,5.749,434.3,0,measured
3,2024-06-02,5.429,435.9,0,measured
3,2024-06-03,5.549,435.1,0,measured
3,2024-06-04,5.648,433.3,0,measured
3,2024-06-05,5.329,432.0,0,measured
3,2024-06-06,5.413,429.9,0,measured
3,2024-06-07,5.523,439.3,0,measured
3,2024-06-08,5.488,435.0,0,measured
3,2024-06-09,5.434,438.2,0,measured
3,2024-06-10,5.172,441.3,0,measured
3,2024-06-11,5.136,438.6,0,measured
3,2024-06-12,5.114,441.1,0,measured
3,2024-06-13,5.283,436.6,0,measured
3,2024-06-14,5.106,436.8,0,measured
3,2024-06-15,5.3,439.2,0,measured
3,2024-06-16,5.022,443.2,0,measured
3,2024-06-17,4.875,440.9,0,measured
3,2024-06-18,4.836,446.3,0,measured
3,2024-06-19,4.747,448.2,0,measured
3,2024-06-20,4.93,448.6,0,measured
3,2024-06-21,4.617,448.9,0,measured
3,2024-06-22,4.724,449.2,0,measured
3,2024-06-23,4.809,446.9,0,measured
3,2024-06-24,4.668,450.1,0,measured
3,2024-06-25,4.816,452.6,0,measured
3,2024-06-26,4.562,450.9,0,measured
3,2024-06-27,4.725,452.5,0,measured
3,2024-06-28,4.965,454.7,0,measured
3,2024-06-29,5.056,458.4,0,measured
3,2024-06-30,5.158,465.3,0,measured
3,2024-07-01,5.144,469.0,0,measured
3,2024-07-02,5.129,469.5,0,measured
3,2024-07-03,5.263,471.1,0,measured
3,2024-07-04,5.346,475.5,0,measured
3,2024-07-05,5.072,479.9,0,measured
3,2024-07-06,5.241,481.7,0,measured
3,2024-07-07,5.001,481.7,0,measured
3,2024-07-08,5.158,474.4,0,measured
3,2024-07-09,4.681,479.1,0,measured
3,2024-07-10,4.85,482.6,0,measured
3,2024-07-11,4.828,479.4,0,measured
3,2024-07-12,4.632,483.8,0,measured
3,2024-07-13,4.762,482.0,0,measured
3,2024-07-14,4.532,476.6,0,measured
3,2024-07-15,4.357,472.7,0,measured
3,2024-07-16,4.51,473.6,0,measured
3,2024-07-17,4.151,477.8,0,measured
3,2024-07-18,4.383,471.4,0,measured
3,2024-07-19,4.568,471.4,0,measured
3,2024-07-20,3.604,473.8,0,measured
3,2024-07-21,3.974,472.7,0,measured
3,2024-07-22,3.897,468.6,0,measured
3,2024-07-23,3.771,465.8,0,measured
3,2024-07-24,3.447,466.4,0,measured
3,2024-07-25,3.683,463.6,0,measured
3,2024-07-26,3.072,463.7,0,measured
3,2024-07-27,3.396,461.2,0,measured
3,2024-07-28,3.63,460.6,0,measured
3,2024-07-29,3.842,461.2,0,measured
3,2024-07-30,3.698,464.6,0,measured
3,2024-07-31,3.946,463.6,0,measured
3,2024-08-01,3.704,457.8,0,measured
3,2024-08-02,3.916,458.0,0,measured
3,2024-08-03,3.907,462.9,0,measured
3,2024-08-04,4.111,462.6,0,measured
3,2024-08-05,3.828,459.0,0,measured
3,2024-08-06,4.029,459.9,0,measured
3,2024-08-07,3.63,465.9,0,measured
3,2024-08-08,3.677,465.5,0,measured
3,2024-08-09,3.951,471.1,0,measured
3,2024-08-10,3.971,467.7,0,measured
3,2024-08-11,4.22,467.3,0,measured
3,2024-08-12,4.252,464.7,0,measured
3,2024-08-13,4.481,466.2,0,measured
3,2024-08-14,4.117,466.6,0,measured
3,2024-08-15,4.274,464.9,0,measured
3,2024-08-16,4.356,465.5,0,measured
3,2024-08-17,4.592,463.8,0,measured
3,2024-08-18,4.42,465.9,0,measured
3,2024-08-19,4.576,462.6,0,measured
3,2024-08-20,4.79,458.1,0,measured
3,2024-08-21,4.902,458.7,0,measured
3,2024-08-22,5.067,458.1,0,measured
3,2024-08-23,5.193,462.3,0,measured
3,2024-08-24,5.273,457.8,0,measured
3,2024-08-25,5.258,456.2,0,measured
3,2024-08-26,5.44,453.6,0,measured
3,2024-08-27,5.235,454.7,0,measured
3,2024-08-28,5.359,453.0,0,measured
3,2024-08-29,5.489,452.4,0,measured
3,2024-08-30,5.247,447.8,0,measured
3,2024-08-31,5.073,445.1,0,measured
3,2024-09-01,5.031,444.7,0,measured
3,2024-09-02,5.05,442.9,0,measured
3,2024-09-03,5.025,438.3,0,measured
3,2024-09-04,5.212,438.5,0,measured
3,2024-09-05,5.226,436.4,0,measured
3,2024-09-06,5.291,435.0,0,measured
3,2024-09-07,5.474,430.5,0,measured
3,2024-09-08,5.532,425.7,0,measured
3,2024-09-09,5.564,422.7,0,measured
3,2024-09-10,5.63,426.1,0,measured
3,2024-09-11,5.55,429.4,0,measured
3,2024-09-12,5.594,428.0,0,measured
3,2024-09-13,5.733,428.3,0,measured
3,2024-09-14,5.207,427.2,0,measured
3,2024-09-15,5.287,430.0,0,measured
3,2024-09-16,5.447,432.3,0,measured
3,2024-09-17,5.231,431.8,0,measured
3,2024-09-18,5.307,428.6,0,measured
3,2024-09-19,5.446,428.8,0,measured
3,2024-09-20,5.568,425.9,0,measured
3,2024-09-21,5.658,426.1,0,measured
3,2024-09-22,5.703,422.7,0,measured
3,2024-09-23,5.775,421.0,0,measured
3,2024-09-24,5.806,421.7,0,measured
3,2024-09-25,5.882,426.2,0,measured
3,2024-09-26,5.954,429.1,0,measured
3,2024-09-27,6.008,431.3,0,measured
3,2024-09-28,5.935,433.3,0,measured
3,2024-09-29,6.003,437.1,0,measured
3,2024-09-30,6.051,436.9,0,measured
3,2024-10-01,6.115,437.9,0,measured
3,2024-10-02,6.179,439.1,0,measured
3,2024-10-03,6.039,443.4,0,measured
3,2024-10-04,6.083,448.5,0,measured
3,2024-10-05,6.147,451.3,0,measured
3,2024-10-06,6.128,450.4,0,measured
3,2024-10-07,6.157,453.8,0,measured
3,2024-10-08,6.119,449.8,0,measured
3,2024-10-09,6.228,449.4,0,measured
3,2024-10-10,6.284,450.8,0,measured
3,2024-10-11,6.344,456.1,0,measured
3,2024-10-12,6.344,456.4,0,measured
3,2024-10-13,6.387,458.4,0,measured
3,2024-10-14,6.401,455.3,0,measured
3,2024-10-15,6.412,456.0,0,measured
3,2024-10-16,6.391,456.3,0,measured
3,2024-10-17,6.457,463.9,0,measured
3,2024-10-18,6.451,459.7,0,measured
3,2024-10-19,6.48,459.3,0,measured
3,2024-10-20,6.537,462.9,0,measured
3,2024-10-21,6.5,463.7,0,measured
3,2024-10-22,6.528,463.4,0,measured
3,2024-10-23,6.458,459.7,0,measured
3,2024-10-24,6.498,457.6,0,measured
3,2024-10-25,6.508,458.4,0,measured
3,2024-10-26,6.534,452.6,0,measured
3,2024-10-27,6.516,449.6,0,measured
3,2024-10-28,6.524,449.0,0,measured
3,2024-10-29,6.561,444.6,0,measured
3,2024-10-30,6.563,446.4,0,measured
3,2024-10-31,6.546,445.9,0,measured
3,2024-11-01,6.615,448.4,0,measured
3,2024-11-02,6.605,453.4,0,measured
3,2024-11-03,6.613,452.6,0,measured
3,2024-11-04,6.612,452.4,0,measured
3,2024-11-05,6.595,451.0,0,measured
3,2024-11-06,6.597,450.3,0,measured
3,2024-11-07,6.647,445.5,0,measured
3,2024-11-08,6.616,446.0,0,measured
3,2024-11-09,6.619,453.0,0,measured
3,2024-11-10,6.641,453.5,0,measured
3,2024-11-11,6.551,454.5,0,measured
3,2024-11-12,6.522,457.3,0,measured
3,2024-11-13,6.602,451.5,0,measured
3,2024-11-14,6.552,449.6,0,measured
3,2024-11-15,6.627,450.7,0,measured
3,2024-11-16,6.623,452.8,0,measured
3,2024-11-17,6.606,455.3,0,measured
3,2024-11-18,6.621,456.3,0,measured
3,2024-11-19,6.613,463.3,0,measured
3,2024-11-20,6.373,466.0,0,measured
3,2024-11-21,6.397,463.8,0,measured
3,2024-11-22,6.372,455.7,0,measured
3,2024-11-23,6.475,456.9,0,measured
3,2024-11-24,6.472,461.6,0,measured
3,2024-11-25,6.531,460.0,0,measured
3,2024-11-26,6.483,456.9,0,measured
3,2024-11-27,6.464,462.2,0,measured
3,2024-11-28,6.441,458.5,0,measured
3,2024-11-29,6.509,455.4,0,measured
3,2024-11-30,6.494,462.6,0,measured
3,2024-12-01,6.407,460.0,0,measured
3,2024-12-02,6.444,459.3,0,measured
3,2024-12-03,6.484,460.9,0,measured
3,2024-12-04,6.405,460.7,0,measured
3,2024-12-05,6.507,455.3,0,measured
3,2024-12-06,6.53,457.4,0,measured
3,2024-12-07,6.538,453.6,0,measured
3,2024-12-08,6.551,452.5,0,measured
3,2024-12-09,6.585,449.8,0,measured
3,2024-12-10,6.641,452.5,0,measured
3,2024-12-11,6.613,457.0,0,measured
3,2024-12-12,6.596,460.4,0,measured
3,2024-12-13,6.629,462.6,0,measured
3,2024-12-14,6.595,461.6,0,measured
3,2024-12-15,6.619,464.8,0,measured
3,2024-12-16,6.621,465.9,0,measured
3,2024-12-17,6.662,465.9,0,measured
3,2024-12-18,6.595,468.2,0,measured
3,2024-12-19,6.651,471.8,0,measured
3,2024-12-20,6.563,470.1,0,measured
3,2024-12-21,6.631,470.0,0,measured
3,2024-12-22,6.664,471.4,0,measured
3,2024-12-23,6.694,470.9,0,measured
3,2024-12-24,6.634,475.4,0,measured
3,2024-12-25,6.721,474.7,0,measured
3,2024-12-26,6.649,476.8,0,measured
3,2024-12-27,6.687,476.0,0,measured
3,2024-12-28,6.591,478.6,0,measured
3,2024-12-29,6.578,480.5,0,measured
3,2024-12-30,6.62,477.1,0,measured
3,2024-12-31,6.62,474.9,0,measured
3,2025-01-01,6.386,472.8,0,measured
3,2025-01-02,6.386,474.6,0,measured
3,2025-01-03,6.473,476.5,0,measured
3,2025-01-04,6.424,472.0,0,measured
3,2025-01-05,6.461,468.8,0,measured
3,2025-01-06,6.06,467.5,0,measured
3,2025-01-07,6.089,464.2,0,measured
3,2025-01-08,6.253,464.8,0,measured
3,2025-01-09,6.095,464.7,0,measured
3,2025-01-10,6.149,468.8,0,measured
3,2025-01-11,6.205,467.7,0,measured
3,2025-01-12,6.238,469.9,0,measured
3,2025-01-13,6.287,473.0,0,measured
3,2025-01-14,6.341,468.0,0,measured
3,2025-01-15,6.326,470.0,0,measured
3,2025-01-16,6.35,468.5,0,measured
3,2025-01-17,6.342,471.7,0,measured
3,2025-01-18,6.355,468.8,0,measured
3,2025-01-19,6.438,473.2,0,measured
3,2025-01-20,6.432,471.8,0,measured
3,2025-01-21,6.487,471.7,0,measured
3,2025-01-22,6.462,470.3,0,measured
3,2025-01-23,6.474,475.3,0,measured
3,2025-01-24,6.524,476.0,0,measured
3,2025-01-25,6.557,473.4,0,measured
3,2025-01-26,6.573,476.8,0,measured
3,2025-01-27,6.557,475.4,0,measured
3,2025-01-28,6.56,471.7,0,measured
3,2025-01-29,6.648,470.4,0,measured
3,2025-01-30,6.66,467.0,0,measured
3,2025-01-31,6.584,460.4,0,measured
3,2025-02-01,6.633,459.3,0,measured
3,2025-02-02,6.584,455.8,0,measured
3,2025-02-03,6.585,454.7,0,measured
3,2025-02-04,6.646,455.2,0,measured
3,2025-02-05,6.646,455.1,0,measured
3,2025-02-06,6.67,452.2,0,measured
3,2025-02-07,6.668,450.2,0,measured
3,2025-02-08,6.542,452.5,0,measured
3,2025-02-09,6.591,451.3,0,measured
3,2025-02-10,6.436,451.3,0,measured
3,2025-02-11,6.384,449.4,0,measured
3,2025-02-12,6.421,448.8,0,measured
3,2025-02-13,6.428,449.1,0,measured
3,2025-02-14,6.485,450.0,0,measured
3,2025-02-15,6.495,455.7,0,measured
3,2025-02-16,6.443,457.0,0,measured
3,2025-02-17,6.496,453.9,0,measured
3,2025-02-18,6.525,452.4,0,measured
3,2025-02-19,6.555,455.8,0,measured
3,2025-02-20,6.517,453.0,0,measured
3,2025-02-21,6.518,451.3,0,measured
3,2025-02-22,6.576,454.1,0,measured
3,2025-02-23,6.567,454.4,0,measured
3,2025-02-24,6.615,452.9,0,measured
3,2025-02-25,6.613,459.7,0,measured
3,2025-02-26,6.603,455.4,0,measured
3,2025-02-27,6.581,452.7,0,measured
3,2025-02-28,6.673,449.1,0,measured
3,2025-03-01,6.594,442.6,0,measured
3,2025-03-02,6.584,444.9,0,measured
3,2025-03-03,6.575,446.4,0,measured
3,2025-03-04,6.655,448.2,0,measured
3,2025-03-05,6.677,448.6,0,measured
3,2025-03-06,6.642,450.7,0,measured
3,2025-03-07,6.641,446.7,0,measured
3,2025-03-08,6.673,444.9,0,measured
3,2025-03-09,6.641,448.2,0,measured
3,2025-03-10,6.715,451.2,0,measured
3,2025-03-11,6.69,453.7,0,measured
3,2025-03-12,6.732,457.1,0,measured
3,2025-03-13,6.685,452.0,0,measured
3,2025-03-14,6.694,452.5,0,measured
3,2025-03-15,6.692,453.7,0,measured
3,2025-03-16,6.715,451.6,0,measured
3,2025-03-17,6.682,451.8,0,measured
3,2025-03-18,6.698,456.2,0,measured
3,2025-03-19,6.725,456.9,0,measured
3,2025-03-20,6.627,454.3,0,measured
3,2025-03-21,6.678,455.7,0,measured
3,2025-03-22,6.632,455.3,0,measured
3,2025-03-23,6.665,457.7,0,measured
3,2025-03-24,6.671,458.3,0,measured
3,2025-03-25,6.544,459.4,0,measured
3,2025-03-26,6.553,455.3,0,measured
3,2025-03-27,6.564,455.0,0,measured
3,2025-03-28,6.553,451.4,0,measured
3,2025-03-29,6.523,444.8,0,measured
3,2025-03-30,6.655,448.0,0,measured
3,2025-03-31,6.558,448.5,0,measured
3,2025-04-01,6.58,454.1,0,measured
3,2025-04-02,6.628,456.4,0,measured
3,2025-04-03,6.429,462.0,0,measured
3,2025-04-04,6.398,461.4,0,measured
3,2025-04-05,6.422,453.5,0,measured
3,2025-04-06,6.447,452.0,0,measured
3,2025-04-07,6.363,447.0,0,measured
3,2025-04-08,6.373,444.3,0,measured
3,2025-04-09,6.392,444.0,0,measured
3,2025-04-10,6.393,444.3,0,measured
3,2025-04-11,6.435,442.1,0,measured
3,2025-04-12,6.449,438.0,0,measured
3,2025-04-13,6.445,436.1,0,measured
3,2025-04-14,6.582,436.4,0,measured
3,2025-04-15,6.317,435.8,0,measured
3,2025-04-16,6.341,436.4,0,measured
3,2025-04-17,6.369,437.0,0,measured
3,2025-04-18,6.254,435.6,0,measured
3,2025-04-19,6.254,434.3,0,measured
3,2025-04-20,6.336,432.9,0,measured
3,2025-04-21,5.96,436.9,0,measured
3,2025-04-22,5.99,435.0,0,measured
3,2025-04-23,5.892,437.9,0,measured
3,2025-04-24,6.004,443.0,0,measured
3,2025-04-25,6.063,442.3,0,measured
3,2025-04-26,5.996,447.8,0,measured
3,2025-04-27,6.081,447.0,0,measured
3,2025-04-28,6.128,444.1,0,measured
3,2025-04-29,5.903,444.7,0,measured
3,2025-04-30,5.944,445.0,0,measured
3,2025-05-01,5.898,447.8,0,measured
3,2025-05-02,5.928,444.1,0,measured
3,2025-05-03,5.991,442.2,0,measured
3,2025-05-04,6.072,440.9,0,measured
3,2025-05-05,6.137,439.4,0,measured
3,2025-05-06,6.154,442.9,0,measured
3,2025-05-07,6.255,442.3,0,measured
3,2025-05-08,6.269,446.5,0,measured
3,2025-05-09,6.313,446.0,0,measured
3,2025-05-10,6.254,453.5,0,measured
3,2025-05-11,6.248,451.5,0,measured
3,2025-05-12,6.303,452.5,0,measured
3,2025-05-13,6.226,458.1,0,measured
3,2025-05-14,6.259,457.3,0,measured
3,2025-05-15,6.237,460.8,0,measured
3,2025-05-16,6.28,462.4,0,measured
3,2025-05-17,6.302,460.2,0,measured
3,2025-05-18,6.275,461.8,0,measured
3,2025-05-19,6.418,463.9,0,measured
3,2025-05-20,6.384,466.3,0,measured
3,2025-05-21,6.066,466.5,0,measured
3,2025-05-22,6.048,467.2,0,measured
3,2025-05-23,6.114,462.6,0,measured
3,2025-05-24,6.234,463.0,0,measured
3,2025-05-25,6.09,467.9,0,measured
3,2025-05-26,6.243,468.8,0,measured
3,2025-05-27,5.481,471.6,0,measured
3,2025-05-28,5.579,475.3,0,measured
3,2025-05-29,5.702,482.8,0,measured
3,2025-05-30,5.788,483.7,0,measured
3,2025-05-31,5.803,478.4,0,measured
3,2025-06-01,5.904,478.2,0,measured
3,2025-06-02,5.565,482.6,0,measured
3,2025-06-03,5.461,478.4,0,measured
3,2025-06-04,5.211,478.7,0,measured
3,2025-06-05,5.329,473.5,0,measured
3,2025-06-06,5.439,468.1,0,measured
3,2025-06-07,5.525,467.2,0,measured
3,2025-06-08,5.65,465.7,0,measured
3,2025-06-09,5.615,458.1,0,measured
3,2025-06-10,5.091,459.1,0,measured
3,2025-06-11,5.25,458.8,0,measured
3,2025-06-12,5.306,455.6,0,measured
3,2025-06-13,5.372,456.7,0,measured
3,2025-06-14,5.471,460.8,0,measured
3,2025-06-15,5.566,465.4,0,measured
3,2025-06-16,5.425,466.5,0,measured
3,2025-06-17,4.757,464.5,0,measured
3,2025-06-18,4.689,461.8,0,measured
3,2025-06-19,4.229,457.0,0,measured
3,2025-06-20,4.185,459.1,0,measured
3,2025-06-21,4.439,456.2,0,measured
3,2025-06-22,4.612,456.1,0,measured
3,2025-06-23,4.728,452.0,0,measured
3,2025-06-24,4.491,456.0,0,measured
3,2025-06-25,4.447,456.8,0,measured
3,2025-06-26,4.348,453.6,0,measured
3,2025-06-27,3.716,452.3,0,measured
3,2025-06-28,3.7,448.3,0,measured
3,2025-06-29,3.212,449.3,0,measured
3,2025-06-30,3.504,454.4,0,measured
3,2025-07-01,3.266,453.2,0,measured
3,2025-07-02,2.597,452.7,0,measured
3,2025-07-03,2.648,454.4,0,measured
3,2025-07-04,2.824,447.6,0,measured
3,2025-07-05,3.167,450.5,0,measured
3,2025-07-06,3.036,451.8,0,measured
3,2025-07-07,3.44,457.3,0,measured
3,2025-07-08,3.66,454.8,0,measured
3,2025-07-09,3.45,449.9,0,measured
3,2025-07-10,3.54,450.9,0,measured
3,2025-07-11,3.844,450.1,0,measured
3,2025-07-12,3.58,447.7,0,measured
3,2025-07-13,3.621,447.6,0,measured
3,2025-07-14,3.934,448.5,0,measured
3,2025-07-15,4.016,453.4,0,measured
3,2025-07-16,4.193,454.4,0,measured
3,2025-07-17,3.87,453.8,0,measured
3,2025-07-18,3.92,456.9,0,measured
3,2025-07-19,3.984,454.5,0,measured
3,2025-07-20,4.183,455.6,0,measured
3,2025-07-21,4.292,455.5,0,measured
3,2025-07-22,4.506,459.2,0,measured
3,2025-07-23,4.458,460.1,0,measured
3,2025-07-24,4.509,464.1,0,measured
3,2025-07-25,4.687,463.7,0,measured
3,2025-07-26,4.413,461.2,0,measured
3,2025-07-27,4.164,460.4,0,measured
3,2025-07-28,4.28,457.7,0,measured
3,2025-07-29,3.722,457.4,0,measured
3,2025-07-30,3.481,461.1,0,measured
3,2025-07-31,3.718,459.0,0,measured
3,2025-08-01,3.748,455.8,0,measured
3,2025-08-02,4.021,450.2,0,measured
3,2025-08-03,3.887,452.0,0,measured
3,2025-08-04,3.753,451.9,0,measured
3,2025-08-05,3.31,448.3,0,measured
3,2025-08-06,3.569,451.5,0,measured
3,2025-08-07,3.772,456.7,0,measured
3,2025-08-08,3.815,461.1,0,measured
3,2025-08-09,4.0,463.0,0,measured
3,2025-08-10,4.274,463.0,0,measured
3,2025-08-11,3.259,460.8,0,measured
3,2025-08-12,3.58,458.6,0,measured
3,2025-08-13,3.54,461.9,0,measured
3,2025-08-14,3.471,461.7,0,measured
3,2025-08-15,3.73,462.5,0,measured
3,2025-08-16,3.89,466.7,0,measured
3,2025-08-17,4.158,468.4,0,measured
3,2025-08-18,4.39,466.9,0,measured
3,2025-08-19,4.366,463.8,0,measured
3,2025-08-20,4.377,464.3,0,measured
3,2025-08-21,4.372,461.4,0,measured
3,2025-08-22,4.396,457.2,0,measured
3,2025-08-23,4.543,458.5,0,measured
3,2025-08-24,4.662,465.4,0,measured
3,2025-08-25,4.832,465.7,0,measured
3,2025-08-26,4.549,467.8,0,measured
3,2025-08-27,4.671,465.2,0,measured
3,2025-08-28,4.801,464.8,0,measured
3,2025-08-29,4.971,463.5,0,measured
3,2025-08-30,5.076,462.7,0,measured
3,2025-08-31,5.25,456.8,0,measured
3,2025-09-01,5.388,461.0,0,measured
3,2025-09-02,5.413,456.1,0,measured
3,2025-09-03,5.23,458.5,0,measured
3,2025-09-04,5.371,459.0,0,measured
3,2025-09-05,5.442,456.2,0,measured
3,2025-09-06,5.602,459.7,0,measured
3,2025-09-07,5.736,458.0,0,measured
3,2025-09-08,5.8,454.2,0,measured
3,2025-09-09,5.713,452.5,0,measured
3,2025-09-10,5.545,455.2,0,measured
3,2025-09-11,5.562,454.2,0,measured
3,2025-09-12,5.722,455.2,0,measured
3,2025-09-13,5.497,453.5,0,measured
3,2025-09-14,5.58,455.9,0,measured
3,2025-09-15,5.696,448.3,0,measured
3,2025-09-16,5.763,443.9,0,measured
3,2025-09-17,5.839,443.1,0,measured
3,2025-09-18,5.962,443.2,0,measured
3,2025-09-19,6.019,443.0,0,measured
3,2025-09-20,6.065,440.3,0,measured
3,2025-09-21,5.752,436.4,0,measured
3,2025-09-22,5.846,441.8,0,measured
3,2025-09-23,5.922,436.1,0,measured
3,2025-09-24,5.955,435.7,0,measured
3,2025-09-25,5.867,436.4,0,measured
3,2025-09-26,5.726,433.0,0,measured
3,2025-09-27,5.832,428.3,0,measured
3,2025-09-28,5.915,431.2,0,measured
3,2025-09-29,5.878,427.3,0,measured
3,2025-09-30,5.771,430.2,0,measured
3,2025-10-01,5.782,426.3,0,measured
3,2025-10-02,5.898,430.0,0,measured
3,2025-10-03,6.023,429.8,0,measured
3,2025-10-04,6.027,427.0,0,measured
3,2025-10-05,6.024,432.8,0,measured
3,2025-10-06,6.117,429.4,0,measured
3,2025-10-07,6.135,423.0,0,measured
3,2025-10-08,6.163,421.5,0,measured
3,2025-10-09,6.238,423.2,0,measured
3,2025-10-10,6.254,424.8,0,measured
3,2025-10-11,6.247,424.8,0,measured
3,2025-10-12,6.382,424.4,0,measured
3,2025-10-13,6.395,423.3,0,measured
3,2025-10-14,6.443,416.7,0,measured
3,2025-10-15,6.469,416.7,0,measured
3,2025-10-16,6.459,417.4,0,measured
3,2025-10-17,6.491,422.6,0,measured
3,2025-10-18,6.535,419.6,0,measured
3,2025-10-19,6.576,422.8,0,measured
3,2025-10-20,6.559,414.6,0,measured
3,2025-10-21,6.579,413.2,0,measured
3,2025-10-22,6.619,409.2,0,measured
3,2025-10-23,6.594,413.1,0,measured
3,2025-10-24,6.573,414.4,0,measured
3,2025-10-25,6.614,412.0,0,measured
3,2025-10-26,6.585,417.0,0,measured
3,2025-10-27,6.608,424.3,0,measured
3,2025-10-28,6.522,426.5,0,measured
3,2025-10-29,6.535,427.9,0,measured
3,2025-10-30,6.497,430.8,0,measured
3,2025-10-31,6.617,429.5,0,measured
3,2025-11-01,6.578,436.5,0,measured
3,2025-11-02,6.479,445.8,0,measured
3,2025-11-03,6.491,448.7,0,measured
3,2025-11-04,6.502,450.9,0,measured
3,2025-11-05,6.519,452.8,0,measured
3,2025-11-06,6.614,449.9,0,measured
3,2025-11-07,6.6,449.6,0,measured
3,2025-11-08,6.654,448.9,0,measured
3,2025-11-09,6.651,447.2,0,measured
3,2025-11-10,6.685,446.3,0,measured
3,2025-11-11,6.704,447.8,0,measured
3,2025-11-12,6.708,450.4,0,measured
3,2025-11-13,6.72,445.5,0,measured
3,2025-11-14,6.792,442.7,0,measured
3,2025-11-15,6.721,446.6,0,measured
3,2025-11-16,6.584,446.6,0,measured
3,2025-11-17,6.574,448.7,0,measured
3,2025-11-18,6.565,451.8,0,measured
3,2025-11-19,6.586,447.1,0,measured
3,2025-11-20,6.572,446.2,0,measured
3,2025-11-21,6.572,445.1,0,measured
3,2025-11-22,6.639,447.6,0,measured
3,2025-11-23,6.643,447.5,0,measured
3,2025-11-24,6.539,441.8,0,measured
3,2025-11-25,6.591,445.2,0,measured
3,2025-11-26,6.618,444.4,0,measured
3,2025-11-27,6.649,440.1,0,measured
3,2025-11-28,6.696,440.1,0,measured
3,2025-11-29,6.68,442.9,0,measured
3,2025-11-30,6.652,440.6,0,measured
3,2025-12-01,6.608,434.8,0,measured
3,2025-12-02,6.617,433.0,0,measured
3,2025-12-03,6.656,431.5,0,measured
3,2025-12-04,6.518,438.8,0,measured
3,2025-12-05,6.576,439.8,0,measured
3,2025-12-06,6.644,437.0,0,measured
3,2025-12-07,6.647,436.1,0,measured
3,2025-12-08,6.621,440.1,0,measured
3,2025-12-09,6.66,439.8,0,measured
3,2025-12-10,6.659,439.5,0,measured
3,2025-12-11,6.739,440.1,0,measured
3,2025-12-12,6.735,445.9,0,measured
3,2025-12-13,6.774,443.4,0,measured
3,2025-12-14,6.685,442.1,0,measured
3,2025-12-15,6.724,446.8,0,measured
3,2025-12-16,6.721,445.5,0,measured
3,2025-12-17,6.75,444.9,0,measured
3,2025-12-18,6.783,447.2,0,measured
3,2025-12-19,6.736,449.8,0,measured
3,2025-12-20,6.734,446.9,0,measured
3,2025-12-21,6.735,444.5,0,measured
3,2025-12-22,6.619,444.1,0,measured
3,2025-12-23,6.448,443.7,0,measured
3,2025-12-24,6.533,446.0,0,measured
3,2025-12-25,6.561,448.9,0,measured
3,2025-12-26,6.556,450.4,0,measured
3,2025-12-27,6.601,452.9,0,measured
3,2025-12-28,6.601,464.0,0,measured
3,2025-12-29,6.677,464.4,0,measured
3,2025-12-30,6.65,464.2,0,measured
3,2025-12-31,6.627,458.6,0,measured
3,2026-01-01,6.725,456.5,0,measured
3,2026-01-02,6.705,457.3,0,measured
3,2026-01-03,6.712,458.6,0,measured
3,2026-01-04,6.768,459.4,0,measured
3,2026-01-05,6.74,460.8,0,measured
3,2026-01-06,6.567,463.9,0,measured
3,2026-01-07,6.591,468.1,0,measured
3,2026-01-08,6.607,465.4,0,measured
3,2026-01-09,6.599,461.5,0,measured
3,2026-01-10,6.592,459.8,0,measured
3,2026-01-11,6.634,462.7,0,measured
3,2026-01-12,6.725,463.4,0,measured
3,2026-01-13,6.643,462.6,0,measured
3,2026-01-14,6.642,461.0,0,measured
3,2026-01-15,6.673,467.4,0,measured
3,2026-01-16,6.67,469.2,0,measured
3,2026-01-17,6.74,472.0,0,measured
3,2026-01-18,6.745,473.4,0,measured
3,2026-01-19,6.767,474.4,0,measured
3,2026-01-20,6.716,474.0,0,measured
3,2026-01-21,6.792,471.6,0,measured
3,2026-01-22,6.743,467.3,0,measured
3,2026-01-23,6.767,461.7,0,measured
3,2026-01-24,6.702,461.6,0,measured
3,2026-01-25,6.83,461.1,0,measured
3,2026-01-26,6.828,461.9,0,measured
3,2026-01-27,6.81,459.0,0,measured
3,2026-01-28,6.787,456.1,0,measured
3,2026-01-29,6.793,462.2,0,measured
3,2026-01-30,6.77,464.5,0,measured
3,2026-01-31,6.773,464.5,0,measured
3,2026-02-01,6.848,466.5,0,measured
3,2026-02-02,6.797,473.0,0,measured
3,2026-02-03,6.788,475.1,0,measured
3,2026-02-04,6.849,470.1,0,measured
3,2026-02-05,6.812,468.6,0,measured
3,2026-02-06,6.822,469.0,0,measured
3,2026-02-07,6.84,474.1,0,measured
3,2026-02-08,6.84,475.0,0,measured
3,2026-02-09,6.858,473.2,0,measured
3,2026-02-10,6.851,467.2,0,measured
3,2026-02-11,6.878,466.8,0,measured
3,2026-02-12,6.878,463.3,0,measured
3,2026-02-13,6.875,459.8,0,measured
3,2026-02-14,6.859,463.8,0,measured
3,2026-02-15,6.899,457.7,0,measured
3,2026-02-16,6.876,460.1,0,measured
3,2026-02-17,6.868,457.4,0,measured
3,2026-02-18,6.828,458.1,0,measured
3,2026-02-19,6.869,457.3,0,measured
3,2026-02-20,6.83,456.3,0,measured
3,2026-02-21,6.877,453.0,0,measured
3,2026-02-22,6.709,449.7,0,measured
3,2026-02-23,6.63,453.0,0,measured
3,2026-02-24,6.639,453.4,0,measured
3,2026-02-25,6.6,448.1,0,measured
3,2026-02-26,6.663,450.5,0,measured
3,2026-02-27,6.652,451.9,0,measured
3,2026-02-28,6.615,451.7,0,measured
3,2026-03-01,6.549,450.0,0,measured
3,2026-03-02,6.532,447.6,0,measured
3,2026-03-03,6.518,442.1,0,measured
3,2026-03-04,6.556,443.0,0,measured
3,2026-03-05,6.576,443.1,0,measured
3,2026-03-06,6.588,448.3,0,measured
3,2026-03-07,6.591,450.8,0,measured
3,2026-03-08,6.6,448.1,0,measured
3,2026-03-09,6.627,449.8,0,measured
3,2026-03-10,6.659,452.1,0,measured
3,2026-03-11,6.668,450.5,0,measured
3,2026-03-12,6.71,450.0,0,measured
3,2026-03-13,6.663,443.5,0,measured
3,2026-03-14,6.69,440.3,0,measured
3,2026-03-15,6.698,440.8,0,measured
3,2026-03-16,6.8,443.5,0,measured
3,2026-03-17,6.785,441.5,0,measured
3,2026-03-18,6.725,438.0,0,measured
3,2026-03-19,6.801,440.3,0,measured
3,2026-03-20,6.82,439.3,0,measured
3,2026-03-21,6.784,437.5,0,measured
3,2026-03-22,6.837,439.3,0,measured
3,2026-03-23,6.856,438.3,0,measured
3,2026-03-24,6.813,433.3,0,measured
3,2026-03-25,6.85,433.8,0,measured
3,2026-03-26,6.775,436.9,0,measured
3,2026-03-27,6.816,436.4,0,measured
3,2026-03-28,6.885,432.9,0,measured
3,2026-03-29,6.849,430.1,0,measured
3,2026-03-30,6.675,432.6,0,measured
3,2026-03-31,6.689,436.6,0,measured
3,2026-04-01,6.675,431.9,0,measured
3,2026-04-02,6.74,432.4,0,measured
3,2026-04-03,6.754,427.4,0,measured
3,2026-04-04,6.764,433.6,0,measured
3,2026-04-05,6.774,437.3,0,measured
3,2026-04-06,6.734,440.9,0,measured
3,2026-04-07,6.698,445.6,0,measured
3,2026-04-08,6.712,438.3,0,measured
3,2026-04-09,6.744,437.9,0,measured
3,2026-04-10,6.787,436.3,0,measured
3,2026-04-11,6.37,437.0,0,measured
3,2026-04-12,6.374,436.1,0,measured
3,2026-04-13,6.166,438.2,0,measured
3,2026-04-14,6.298,440.0,0,measured
3,2026-04-15,6.317,440.3,0,measured
3,2026-04-16,6.347,440.3,0,measured
3,2026-04-17,6.345,436.1,0,measured
3,2026-04-18,6.385,437.3,0,measured
3,2026-04-19,6.439,440.3,0,measured
3,2026-04-20,6.363,433.9,0,measured
3,2026-04-21,6.397,429.8,0,measured
3,2026-04-22,6.45,428.3,0,measured
3,2026-04-23,6.177,431.3,0,measured
3,2026-04-24,6.295,427.6,0,measured
3,2026-04-25,6.311,422.6,0,measured
3,2026-04-26,6.37,421.2,0,measured
3,2026-04-27,6.332,423.2,0,measured
3,2026-04-28,6.353,421.6,0,measured
3,2026-04-29,6.345,420.4,0,measured
3,2026-04-30,6.425,422.8,0,measured
3,2026-05-01,6.433,421.8,0,measured
3,2026-05-02,6.122,427.2,0,measured
3,2026-05-03,6.142,427.9,0,measured
3,2026-05-04,6.044,430.4,0,measured
3,2026-05-05,6.129,429.2,0,measured
3,2026-05-06,6.131,426.4,0,measured
3,2026-05-07,6.235,422.9,0,measured
3,2026-05-08,6.177,423.7,0,measured
3,2026-05-09,6.21,426.0,0,measured
3,2026-05-10,5.604,425.5,0,measured
3,2026-05-11,5.497,425.4,0,measured
3,2026-05-12,5.668,427.0,0,measured
3,2026-05-13,5.754,421.2,0,measured
3,2026-05-14,5.855,426.7,0,measured
3,2026-05-15,5.777,428.3,0,measured
3,2026-05-16,5.842,428.5,0,measured
3,2026-05-17,5.976,433.5,0,measured
3,2026-05-18,5.945,432.0,0,measured
3,2026-05-19,6.03,433.9,0,measured
3,2026-05-20,5.823,434.9,0,measured
3,2026-05-21,5.878,433.7,0,measured
3,2026-05-22,5.894,431.2,0,measured
3,2026-05-23,6.064,430.6,0,measured
3,2026-05-24,6.007,429.1,0,measured
3,2026-05-25,6.065,432.1,0,measured
3,2026-05-26,6.148,429.6,0,measured
3,2026-05-27,5.835,434.1,0,measured
3,2026-05-28,5.61,432.0,0,measured
3,2026-05-29,5.746,433.5,0,measured
3,2026-05-30,5.824,429.8,0,measured
3,2026-05-31,5.53,428.8,0,measured
3,2026-06-01,5.409,427.2,0,measured
3,2026-06-02,5.421,427.3,0,measured
3,2026-06-03,4.904,431.0,0,measured
3,2026-06-04,5.098,433.2,0,measured
4,2023-06-06,7.027,451.5,0,measured
4,2023-06-07,6.957,448.1,0,measured
4,2023-06-08,6.943,449.9,0,measured
4,2023-06-09,6.945,446.3,0,measured
4,2023-06-10,6.955,445.3,0,measured
4,2023-06-11,6.972,446.7,0,measured
4,2023-06-12,6.931,443.8,0,measured
4,2023-06-13,6.931,448.8,0,measured
4,2023-06-14,6.983,450.5,0,measured
4,2023-06-15,6.972,453.5,0,measured
4,2023-06-16,6.928,453.2,0,measured
4,2023-06-17,6.906,450.5,0,measured
4,2023-06-18,6.916,454.9,0,measured
4,2023-06-19,6.95,455.9,0,measured
4,2023-06-20,6.948,451.5,0,measured
4,2023-06-21,6.947,452.5,0,measured
4,2023-06-22,6.934,450.2,0,measured
4,2023-06-23,6.874,454.3,0,measured
4,2023-06-24,6.876,454.7,0,measured
4,2023-06-25,6.967,458.1,0,measured
4,2023-06-26,6.895,458.2,0,measured
4,2023-06-27,6.91,462.3,0,measured
4,2023-06-28,6.879,463.6,0,measured
4,2023-06-29,6.854,463.5,0,measured
4,2023-06-30,6.892,457.7,0,measured
4,2023-07-01,6.855,454.5,0,measured
4,2023-07-02,6.922,450.2,0,measured
4,2023-07-03,6.878,450.5,0,measured
4,2023-07-04,6.908,449.2,0,measured
4,2023-07-05,6.977,447.7,0,measured
4,2023-07-06,6.957,450.8,0,measured
4,2023-07-07,6.904,448.5,0,measured
4,2023-07-08,6.879,447.9,0,measured
4,2023-07-09,6.916,451.5,0,measured
4,2023-07-10,6.961,450.7,0,measured
4,2023-07-11,6.898,445.2,0,measured
4,2023-07-12,6.92,449.8,0,measured
4,2023-07-13,6.908,448.3,0,measured
4,2023-07-14,7.01,445.4,0,measured
4,2023-07-15,6.969,439.8,0,measured
4,2023-07-16,6.958,439.6,0,measured
4,2023-07-17,6.928,437.8,0,measured
4,2023-07-18,6.93,438.9,0,measured
4,2023-07-19,6.985,437.5,0,measured
4,2023-07-20,6.946,434.9,0,measured
4,2023-07-21,6.999,435.2,0,measured
4,2023-07-22,6.94,430.1,0,measured
4,2023-07-23,6.928,431.7,0,measured
4,2023-07-24,6.926,428.2,0,measured
4,2023-07-25,6.908,426.5,0,measured
4,2023-07-26,6.869,427.0,0,measured
4,2023-07-27,6.927,430.2,0,measured
4,2023-07-28,6.949,428.7,0,measured
4,2023-07-29,6.935,430.5,0,measured
4,2023-07-30,6.94,427.7,0,measured
4,2023-07-31,6.856,431.2,0,measured
4,2023-08-01,6.923,427.4,0,measured
4,2023-08-02,6.869,427.2,0,measured
4,2023-08-03,6.908,424.6,0,measured
4,2023-08-04,6.957,426.6,0,measured
4,2023-08-05,6.934,426.8,0,measured
4,2023-08-06,6.945,426.7,0,measured
4,2023-08-07,6.849,427.0,0,measured
4,2023-08-08,6.89,427.6,0,measured
4,2023-08-09,6.898,426.8,0,measured
4,2023-08-10,6.904,432.0,0,measured
4,2023-08-11,6.92,430.1,0,measured
4,2023-08-12,6.922,428.6,0,measured
4,2023-08-13,6.935,427.5,0,measured
4,2023-08-14,6.875,422.1,0,measured
4,2023-08-15,6.863,421.6,0,measured
4,2023-08-16,6.914,419.1,0,measured
4,2023-08-17,6.865,417.9,0,measured
4,2023-08-18,6.925,421.5,0,measured
4,2023-08-19,6.918,427.2,0,measured
4,2023-08-20,6.851,425.5,0,measured
4,2023-08-21,6.868,427.4,0,measured
4,2023-08-22,6.893,423.6,0,measured
4,2023-08-23,6.847,422.2,0,measured
4,2023-08-24,6.893,422.3,0,measured
4,2023-08-25,6.908,422.8,0,measured
4,2023-08-26,6.903,419.0,0,measured
4,2023-08-27,6.944,414.6,0,measured
4,2023-08-28,6.827,423.3,0,measured
4,2023-08-29,6.894,425.6,0,measured
4,2023-08-30,6.947,429.1,0,measured
4,2023-08-31,6.956,431.0,0,measured
4,2023-09-01,6.895,431.5,0,measured
4,2023-09-02,6.939,429.5,0,measured
4,2023-09-03,6.934,431.1,0,measured
4,2023-09-04,6.904,430.5,0,measured
4,2023-09-05,6.903,436.6,0,measured
4,2023-09-06,7.02,436.5,0,measured
4,2023-09-07,6.97,437.0,0,measured
4,2023-09-08,6.92,437.5,0,measured
4,2023-09-09,6.97,437.2,0,measured
4,2023-09-10,6.95,440.6,0,measured
4,2023-09-11,6.971,445.7,0,measured
4,2023-09-12,6.961,441.9,0,measured
4,2023-09-13,6.915,443.5,0,measured
4,2023-09-14,6.974,440.7,0,measured
4,2023-09-15,6.965,443.9,0,measured
4,2023-09-16,7.015,441.1,0,measured
4,2023-09-17,6.983,439.9,0,measured
4,2023-09-18,6.963,436.4,0,measured
4,2023-09-19,7.011,442.4,0,measured
4,2023-09-20,6.934,438.4,0,measured
4,2023-09-21,6.945,436.8,0,measured
4,2023-09-22,6.931,437.2,0,measured
4,2023-09-23,6.962,440.5,0,measured
4,2023-09-24,6.967,442.1,0,measured
4,2023-09-25,7.002,443.2,0,measured
4,2023-09-26,7.008,439.2,0,measured
4,2023-09-27,6.996,434.5,0,measured
4,2023-09-28,7.026,432.1,0,measured
4,2023-09-29,7.006,435.2,0,measured
4,2023-09-30,6.982,436.0,0,measured
4,2023-10-01,7.002,433.5,0,measured
4,2023-10-02,7.003,430.1,0,measured
4,2023-10-03,7.044,428.7,0,measured
4,2023-10-04,7.027,428.3,0,measured
4,2023-10-05,7.041,426.6,0,measured
4,2023-10-06,7.03,429.3,0,measured
4,2023-10-07,6.959,428.9,0,measured
4,2023-10-08,7.036,425.9,0,measured
4,2023-10-09,7.041,419.1,0,measured
4,2023-10-10,7.021,417.1,0,measured
4,2023-10-11,7.061,418.2,0,measured
4,2023-10-12,7.021,423.6,0,measured
4,2023-10-13,7.053,422.2,0,measured
4,2023-10-14,7.076,420.7,0,measured
4,2023-10-15,7.063,423.9,0,measured
4,2023-10-16,7.027,426.0,0,measured
4,2023-10-17,6.984,425.9,0,measured
4,2023-10-18,7.072,431.7,0,measured
4,2023-10-19,7.026,431.4,0,measured
4,2023-10-20,7.034,431.6,0,measured
4,2023-10-21,7.035,434.3,0,measured
4,2023-10-22,7.016,436.5,0,measured
4,2023-10-23,6.979,429.8,0,measured
4,2023-10-24,7.015,432.5,0,measured
4,2023-10-25,6.967,434.3,0,measured
4,2023-10-26,7.063,438.7,0,measured
4,2023-10-27,7.046,439.5,0,measured
4,2023-10-28,7.029,439.7,0,measured
4,2023-10-29,6.999,439.4,0,measured
4,2023-10-30,6.995,440.7,0,measured
4,2023-10-31,7.094,446.1,0,measured
4,2023-11-01,7.017,446.3,0,measured
4,2023-11-02,6.973,446.9,0,measured
4,2023-11-03,7.051,444.2,0,measured
4,2023-11-04,7.046,448.9,0,measured
4,2023-11-05,7.058,448.9,0,measured
4,2023-11-06,7.061,445.2,0,measured
4,2023-11-07,7.028,445.3,0,measured
4,2023-11-08,7.087,446.2,0,measured
4,2023-11-09,7.046,442.4,0,measured
4,2023-11-10,7.071,443.6,0,measured
4,2023-11-11,7.04,442.3,0,measured
4,2023-11-12,7.065,440.3,0,measured
4,2023-11-13,7.062,441.0,0,measured
4,2023-11-14,7.039,445.0,0,measured
4,2023-11-15,6.995,446.5,0,measured
4,2023-11-16,6.975,447.2,0,measured
4,2023-11-17,7.072,450.1,0,measured
4,2023-11-18,7.045,452.3,0,measured
4,2023-11-19,7.052,452.6,0,measured
4,2023-11-20,7.028,454.0,0,measured
4,2023-11-21,7.071,453.2,0,measured
4,2023-11-22,7.03,449.3,0,measured
4,2023-11-23,7.067,445.7,0,measured
4,2023-11-24,7.059,447.7,0,measured
4,2023-11-25,7.085,453.2,0,measured
4,2023-11-26,7.061,449.0,0,measured
4,2023-11-27,7.022,450.9,0,measured
4,2023-11-28,7.046,450.1,0,measured
4,2023-11-29,7.058,452.2,0,measured
4,2023-11-30,7.067,451.4,0,measured
4,2023-12-01,7.071,445.4,0,measured
4,2023-12-02,7.039,444.8,0,measured
4,2023-12-03,7.063,440.6,0,measured
4,2023-12-04,7.025,442.7,0,measured
4,2023-12-05,7.069,445.9,0,measured
4,2023-12-06,7.037,449.6,0,measured
4,2023-12-07,7.035,450.8,0,measured
4,2023-12-08,7.039,451.8,0,measured
4,2023-12-09,7.043,448.2,0,measured
4,2023-12-10,7.111,443.6,0,measured
4,2023-12-11,7.051,444.7,0,measured
4,2023-12-12,7.093,440.4,0,measured
4,2023-12-13,7.117,439.9,0,measured
4,2023-12-14,7.08,436.2,0,measured
4,2023-12-15,7.089,435.0,0,measured
4,2023-12-16,7.032,433.6,0,measured
4,2023-12-17,7.078,434.6,0,measured
4,2023-12-18,7.068,431.7,0,measured
4,2023-12-19,7.052,431.5,0,measured
4,2023-12-20,7.02,426.7,0,measured
4,2023-12-21,7.073,424.7,0,measured
4,2023-12-22,7.04,426.4,0,measured
4,2023-12-23,7.093,425.6,0,measured
4,2023-12-24,7.107,418.6,0,measured
4,2023-12-25,7.118,421.1,0,measured
4,2023-12-26,7.058,424.4,0,measured
4,2023-12-27,7.033,424.0,0,measured
4,2023-12-28,7.101,423.6,0,measured
4,2023-12-29,7.06,424.6,0,measured
4,2023-12-30,7.098,427.5,0,measured
4,2023-12-31,7.085,425.8,0,measured
4,2024-01-01,7.085,429.7,0,measured
4,2024-01-02,7.075,427.1,0,measured
4,2024-01-03,7.072,426.8,0,measured
4,2024-01-04,7.062,427.0,0,measured
4,2024-01-05,7.082,431.4,0,measured
4,2024-01-06,7.112,430.1,0,measured
4,2024-01-07,7.12,431.3,0,measured
4,2024-01-08,7.081,438.0,0,measured
4,2024-01-09,7.069,436.0,0,measured
4,2024-01-10,7.073,431.7,0,measured
4,2024-01-11,7.136,433.1,0,measured
4,2024-01-12,7.049,433.4,0,measured
4,2024-01-13,7.118,442.5,0,measured
4,2024-01-14,7.041,436.5,0,measured
4,2024-01-15,7.089,429.9,0,measured
4,2024-01-16,7.05,426.6,0,measured
4,2024-01-17,7.097,424.3,0,measured
4,2024-01-18,7.098,419.6,0,measured
4,2024-01-19,7.085,423.3,0,measured
4,2024-01-20,7.051,421.2,0,measured
4,2024-01-21,7.111,416.9,0,measured
4,2024-01-22,7.075,412.2,0,measured
4,2024-01-23,7.063,416.0,0,measured
4,2024-01-24,7.092,415.7,0,measured
4,2024-01-25,7.065,418.1,0,measured
4,2024-01-26,7.077,420.3,0,measured
4,2024-01-27,7.075,420.4,0,measured
4,2024-01-28,7.046,417.6,0,measured
4,2024-01-29,7.126,423.5,0,measured
4,2024-01-30,7.067,422.6,0,measured
4,2024-01-31,7.076,423.8,0,measured
4,2024-02-01,7.088,426.6,0,measured
4,2024-02-02,7.104,427.9,0,measured
4,2024-02-03,7.119,424.8,0,measured
4,2024-02-04,7.102,424.8,0,measured
4,2024-02-05,7.084,428.7,0,measured
4,2024-02-06,7.105,425.5,0,measured
4,2024-02-07,7.104,421.2,0,measured
4,2024-02-08,7.057,423.1,0,measured
4,2024-02-09,7.057,426.0,0,measured
4,2024-02-10,7.079,425.0,0,measured
4,2024-02-11,7.127,428.5,0,measured
4,2024-02-12,7.007,429.9,0,measured
4,2024-02-13,7.134,424.9,0,measured
4,2024-02-14,7.072,426.4,0,measured
4,2024-02-15,7.106,429.5,0,measured
4,2024-02-16,7.071,428.8,0,measured
4,2024-02-17,7.092,429.9,0,measured
4,2024-02-18,7.1,430.7,0,measured
4,2024-02-19,7.083,430.2,0,measured
4,2024-02-20,7.057,431.7,0,measured
4,2024-02-21,7.095,433.9,0,measured
4,2024-02-22,7.051,436.4,0,measured
4,2024-02-23,7.095,436.6,0,measured
4,2024-02-24,7.06,431.4,0,measured
4,2024-02-25,7.078,431.1,0,measured
4,2024-02-26,7.1,433.3,0,measured
4,2024-02-27,7.057,436.6,0,measured
4,2024-02-28,7.074,438.1,0,measured
4,2024-02-29,7.12,435.5,0,measured
4,2024-03-01,7.066,433.1,0,measured
4,2024-03-02,7.084,432.3,0,measured
4,2024-03-03,7.048,433.1,0,measured
4,2024-03-04,7.087,435.2,0,measured
4,2024-03-05,7.118,432.5,0,measured
4,2024-03-06,7.098,437.1,0,measured
4,2024-03-07,7.07,438.0,0,measured
4,2024-03-08,7.091,435.7,0,measured
4,2024-03-09,7.146,435.6,0,measured
4,2024-03-10,7.073,443.1,0,measured
4,2024-03-11,7.148,442.2,0,measured
4,2024-03-12,7.091,448.1,0,measured
4,2024-03-13,7.129,446.8,0,measured
4,2024-03-14,7.081,443.9,0,measured
4,2024-03-15,7.054,444.9,0,measured
4,2024-03-16,7.102,444.1,0,measured
4,2024-03-17,7.103,441.1,0,measured
4,2024-03-18,7.112,438.2,0,measured
4,2024-03-19,7.102,434.7,0,measured
4,2024-03-20,7.088,436.5,0,measured
4,2024-03-21,7.104,431.0,0,measured
4,2024-03-22,7.089,428.2,0,measured
4,2024-03-23,7.099,428.6,0,measured
4,2024-03-24,7.089,430.1,0,measured
4,2024-03-25,7.1,431.6,0,measured
4,2024-03-26,7.125,430.6,0,measured
4,2024-03-27,7.126,433.9,0,measured
4,2024-03-28,7.091,435.0,0,measured
4,2024-03-29,7.08,437.2,0,measured
4,2024-03-30,7.061,437.2,0,measured
4,2024-03-31,7.126,440.7,0,measured
4,2024-04-01,7.164,442.2,0,measured
4,2024-04-02,7.079,440.9,0,measured
4,2024-04-03,7.154,441.5,0,measured
4,2024-04-04,7.112,438.4,0,measured
4,2024-04-05,7.117,438.9,0,measured
4,2024-04-06,7.111,441.6,0,measured
4,2024-04-07,7.111,447.2,0,measured
4,2024-04-08,7.166,447.1,0,measured
4,2024-04-09,7.135,444.5,0,measured
4,2024-04-10,7.159,447.3,0,measured
4,2024-04-11,7.122,446.7,0,measured
4,2024-04-12,7.141,446.1,0,measured
4,2024-04-13,7.067,450.0,0,measured
4,2024-04-14,7.078,455.0,0,measured
4,2024-04-15,7.07,455.6,0,measured
4,2024-04-16,7.161,458.5,0,measured
4,2024-04-17,7.149,459.5,0,measured
4,2024-04-18,7.113,459.3,0,measured
4,2024-04-19,7.126,456.2,0,measured
4,2024-04-20,7.126,450.6,0,measured
4,2024-04-21,7.103,448.2,0,measured
4,2024-04-22,7.06,445.6,0,measured
4,2024-04-23,7.08,444.6,0,measured
4,2024-04-24,7.105,445.9,0,measured
4,2024-04-25,7.103,445.8,0,measured
4,2024-04-26,7.118,440.5,0,measured
4,2024-04-27,7.11,443.7,0,measured
4,2024-04-28,7.095,445.6,0,measured
4,2024-04-29,7.086,444.0,0,measured
4,2024-04-30,7.162,444.6,0,measured
4,2024-05-01,7.07,448.2,0,measured
4,2024-05-02,7.104,449.5,0,measured
4,2024-05-03,7.124,441.2,0,measured
4,2024-05-04,7.119,449.0,0,measured
4,2024-05-05,7.157,450.9,0,measured
4,2024-05-06,7.181,454.6,0,measured
4,2024-05-07,7.118,452.2,0,measured
4,2024-05-08,7.115,448.7,0,measured
4,2024-05-09,7.101,445.9,0,measured
4,2024-05-10,7.151,450.9,0,measured
4,2024-05-11,7.147,453.5,0,measured
4,2024-05-12,7.151,451.5,0,measured
4,2024-05-13,7.127,450.1,0,measured
4,2024-05-14,7.149,452.7,0,measured
4,2024-05-15,7.1,459.0,0,measured
4,2024-05-16,7.121,460.6,0,measured
4,2024-05-17,7.121,461.7,0,measured
4,2024-05-18,7.083,458.1,0,measured
4,2024-05-19,7.116,459.9,0,measured
4,2024-05-20,7.135,459.9,0,measured
4,2024-05-21,7.1,458.2,0,measured
4,2024-05-22,7.07,461.0,0,measured
4,2024-05-23,7.102,467.4,0,measured
4,2024-05-24,7.101,464.5,0,measured
4,2024-05-25,7.086,464.6,0,measured
4,2024-05-26,7.123,469.7,0,measured
4,2024-05-27,7.151,468.0,0,measured
4,2024-05-28,7.094,463.3,0,measured
4,2024-05-29,7.026,461.6,0,measured
4,2024-05-30,7.144,461.6,0,measured
4,2024-05-31,7.083,463.3,0,measured
4,2024-06-01,7.127,458.9,0,measured
4,2024-06-02,7.061,459.2,0,measured
4,2024-06-03,7.096,457.3,0,measured
4,2024-06-04,7.134,462.0,0,measured
4,2024-06-05,7.056,461.2,0,measured
4,2024-06-06,7.075,464.0,0,measured
4,2024-06-07,7.047,466.9,0,measured
4,2024-06-08,7.11,462.9,0,measured
4,2024-06-09,7.052,463.5,0,measured
4,2024-06-10,7.065,464.0,0,measured
4,2024-06-11,7.058,469.4,0,measured
4,2024-06-12,7.106,475.6,0,measured
4,2024-06-13,7.048,479.1,0,measured
4,2024-06-14,7.058,477.2,0,measured
4,2024-06-15,7.055,476.3,0,measured
4,2024-06-16,7.028,473.4,0,measured
4,2024-06-17,7.078,471.5,0,measured
4,2024-06-18,7.073,471.2,0,measured
4,2024-06-19,7.092,469.2,0,measured
4,2024-06-20,7.085,468.0,0,measured
4,2024-06-21,7.117,466.2,0,measured
4,2024-06-22,7.063,469.4,0,measured
4,2024-06-23,7.035,468.7,0,measured
4,2024-06-24,7.093,467.9,0,measured
4,2024-06-25,7.024,467.8,0,measured
4,2024-06-26,7.079,463.9,0,measured
4,2024-06-27,7.076,462.6,0,measured
4,2024-06-28,7.03,460.9,0,measured
4,2024-06-29,7.1,461.7,0,measured
4,2024-06-30,7.104,467.8,0,measured
4,2024-07-01,7.078,465.3,0,measured
4,2024-07-02,7.097,463.7,0,measured
4,2024-07-03,7.096,463.5,0,measured
4,2024-07-04,7.139,460.3,0,measured
4,2024-07-05,7.089,457.6,0,measured
4,2024-07-06,7.078,457.1,0,measured
4,2024-07-07,7.039,455.3,0,measured
4,2024-07-08,7.078,463.2,0,measured
4,2024-07-09,6.96,462.5,0,measured
4,2024-07-10,7.099,459.9,0,measured
4,2024-07-11,7.094,458.1,0,measured
4,2024-07-12,7.04,458.0,0,measured
4,2024-07-13,7.097,457.3,0,measured
4,2024-07-14,6.982,455.0,0,measured
4,2024-07-15,7.036,454.3,0,measured
4,2024-07-16,7.036,452.6,0,measured
4,2024-07-17,7.021,445.9,0,measured
4,2024-07-18,6.994,450.1,0,measured
4,2024-07-19,7.119,449.1,0,measured
4,2024-07-20,7.013,447.6,0,measured
4,2024-07-21,7.07,447.2,0,measured
4,2024-07-22,7.046,455.1,0,measured
4,2024-07-23,7.054,456.2,0,measured
4,2024-07-24,7.071,457.9,0,measured
4,2024-07-25,7.006,458.8,0,measured
4,2024-07-26,7.06,458.7,0,measured
4,2024-07-27,6.964,458.0,0,measured
4,2024-07-28,7.038,457.4,0,measured
4,2024-07-29,7.049,457.4,0,measured
4,2024-07-30,6.998,458.0,0,measured
4,2024-07-31,7.067,452.7,0,measured
4,2024-08-01,7.011,453.1,0,measured
4,2024-08-02,7.039,456.7,0,measured
4,2024-08-03,6.975,456.4,0,measured
4,2024-08-04,7.069,461.6,0,measured
4,2024-08-05,7.037,465.4,0,measured
4,2024-08-06,7.029,457.8,0,measured
4,2024-08-07,6.984,453.8,0,measured
4,2024-08-08,7.039,452.0,0,measured
4,2024-08-09,7.021,448.0,0,measured
4,2024-08-10,6.977,450.8,0,measured
4,2024-08-11,7.028,454.5,0,measured
4,2024-08-12,7.046,458.1,0,measured
4,2024-08-13,7.05,454.1,0,measured
4,2024-08-14,7.036,457.9,0,measured
4,2024-08-15,7.005,456.9,0,measured
4,2024-08-16,7.017,449.7,0,measured
4,2024-08-17,7.076,445.3,0,measured
4,2024-08-18,7.024,446.9,0,measured
4,2024-08-19,7.105,444.4,0,measured
4,2024-08-20,7.116,449.5,0,measured
4,2024-08-21,7.058,448.7,0,measured
4,2024-08-22,7.043,447.5,0,measured
4,2024-08-23,7.116,444.4,0,measured
4,2024-08-24,7.107,445.7,0,measured
4,2024-08-25,7.089,446.9,0,measured
4,2024-08-26,7.104,443.8,0,measured
4,2024-08-27,7.062,449.1,0,measured
4,2024-08-28,7.147,449.9,0,measured
4,2024-08-29,7.14,447.0,0,measured
4,2024-08-30,7.095,442.5,0,measured
4,2024-08-31,7.115,443.2,0,measured
4,2024-09-01,7.108,440.1,0,measured
4,2024-09-02,7.046,441.6,0,measured
4,2024-09-03,7.094,443.4,0,measured
4,2024-09-04,7.129,445.6,0,measured
4,2024-09-05,7.051,445.2,0,measured
4,2024-09-06,7.138,446.1,0,measured
4,2024-09-07,7.125,442.4,0,measured
4,2024-09-08,7.139,447.7,0,measured
4,2024-09-09,7.134,451.9,0,measured
4,2024-09-10,7.13,452.3,0,measured
4,2024-09-11,7.144,450.5,0,measured
4,2024-09-12,7.133,454.0,0,measured
4,2024-09-13,7.127,448.3,0,measured
4,2024-09-14,7.121,450.8,0,measured
4,2024-09-15,7.07,450.8,0,measured
4,2024-09-16,7.116,453.1,0,measured
4,2024-09-17,7.108,451.1,0,measured
4,2024-09-18,7.108,453.6,0,measured
4,2024-09-19,7.097,454.1,0,measured
4,2024-09-20,7.114,452.4,0,measured
4,2024-09-21,7.121,448.6,0,measured
4,2024-09-22,7.109,450.7,0,measured
4,2024-09-23,7.119,448.2,0,measured
4,2024-09-24,7.202,447.7,0,measured
4,2024-09-25,7.126,451.9,0,measured
4,2024-09-26,7.169,449.6,0,measured
4,2024-09-27,7.192,446.0,0,measured
4,2024-09-28,7.238,446.6,0,measured
4,2024-09-29,7.207,452.8,0,measured
4,2024-09-30,7.165,454.6,0,measured
4,2024-10-01,7.098,452.1,0,measured
4,2024-10-02,7.173,451.5,0,measured
4,2024-10-03,7.108,452.8,0,measured
4,2024-10-04,7.187,454.8,0,measured
4,2024-10-05,7.168,458.1,0,measured
4,2024-10-06,7.138,455.9,0,measured
4,2024-10-07,7.193,458.0,0,measured
4,2024-10-08,7.146,456.3,0,measured
4,2024-10-09,7.167,454.4,0,measured
4,2024-10-10,7.133,455.7,0,measured
4,2024-10-11,7.187,453.6,0,measured
4,2024-10-12,7.178,451.9,0,measured
4,2024-10-13,7.187,448.6,0,measured
4,2024-10-14,7.169,450.8,0,measured
4,2024-10-15,7.272,452.7,0,measured
4,2024-10-16,7.189,456.6,0,measured
4,2024-10-17,7.182,451.4,0,measured
4,2024-10-18,7.187,447.8,0,measured
4,2024-10-19,7.178,453.9,0,measured
4,2024-10-20,7.161,454.8,0,measured
4,2024-10-21,7.198,453.2,0,measured
4,2024-10-22,7.186,451.5,0,measured
4,2024-10-23,7.198,450.2,0,measured
4,2024-10-24,7.166,452.0,0,measured
4,2024-10-25,7.202,450.6,0,measured
4,2024-10-26,7.2,447.0,0,measured
4,2024-10-27,7.208,447.3,0,measured
4,2024-10-28,7.191,450.5,0,measured
4,2024-10-29,7.176,447.5,0,measured
4,2024-10-30,7.176,444.6,0,measured
4,2024-10-31,7.209,447.5,0,measured
4,2024-11-01,7.22,444.1,0,measured
4,2024-11-02,7.226,444.7,0,measured
4,2024-11-03,7.235,447.3,0,measured
4,2024-11-04,7.194,452.0,0,measured
4,2024-11-05,7.196,459.4,0,measured
4,2024-11-06,7.225,461.3,0,measured
4,2024-11-07,7.22,465.3,0,measured
4,2024-11-08,7.182,468.5,0,measured
4,2024-11-09,7.203,466.4,0,measured
4,2024-11-10,7.199,469.3,0,measured
4,2024-11-11,7.206,469.0,0,measured
4,2024-11-12,7.196,469.8,0,measured
4,2024-11-13,7.154,470.0,0,measured
4,2024-11-14,7.188,475.1,0,measured
4,2024-11-15,7.137,477.3,0,measured
4,2024-11-16,7.228,476.6,0,measured
4,2024-11-17,7.202,475.9,0,measured
4,2024-11-18,7.182,478.0,0,measured
4,2024-11-19,7.219,481.7,0,measured
4,2024-11-20,7.193,479.7,0,measured
4,2024-11-21,7.265,485.8,0,measured
4,2024-11-22,7.169,489.0,0,measured
4,2024-11-23,7.19,484.6,0,measured
4,2024-11-24,7.212,482.5,0,measured
4,2024-11-25,7.24,478.3,0,measured
4,2024-11-26,7.253,479.7,0,measured
4,2024-11-27,7.198,478.5,0,measured
4,2024-11-28,7.18,480.2,0,measured
4,2024-11-29,7.159,482.7,0,measured
4,2024-11-30,7.162,487.5,0,measured
4,2024-12-01,7.195,492.3,0,measured
4,2024-12-02,7.203,494.1,0,measured
4,2024-12-03,7.207,492.6,0,measured
4,2024-12-04,7.25,497.3,0,measured
4,2024-12-05,7.183,494.3,0,measured
4,2024-12-06,7.266,494.6,0,measured
4,2024-12-07,7.191,487.2,0,measured
4,2024-12-08,7.226,486.2,0,measured
4,2024-12-09,7.234,483.1,0,measured
4,2024-12-10,7.239,479.7,0,measured
4,2024-12-11,7.17,476.7,0,measured
4,2024-12-12,7.224,480.3,0,measured
4,2024-12-13,7.237,474.6,0,measured
4,2024-12-14,7.23,474.3,0,measured
4,2024-12-15,7.181,470.8,0,measured
4,2024-12-16,7.255,469.6,0,measured
4,2024-12-17,7.21,467.1,0,measured
4,2024-12-18,7.205,465.9,0,measured
4,2024-12-19,7.218,465.8,0,measured
4,2024-12-20,7.195,468.8,0,measured
4,2024-12-21,7.195,474.3,0,measured
4,2024-12-22,7.204,471.3,0,measured
4,2024-12-23,7.2,474.0,0,measured
4,2024-12-24,7.263,471.6,0,measured
4,2024-12-25,7.156,472.3,0,measured
4,2024-12-26,7.205,475.8,0,measured
4,2024-12-27,7.252,476.4,0,measured
4,2024-12-28,7.284,477.7,0,measured
4,2024-12-29,7.225,468.1,0,measured
4,2024-12-30,7.242,464.2,0,measured
4,2024-12-31,7.214,455.9,0,measured
4,2025-01-01,7.232,457.0,0,measured
4,2025-01-02,7.186,457.7,0,measured
4,2025-01-03,7.211,458.6,0,measured
4,2025-01-04,7.207,454.9,0,measured
4,2025-01-05,7.247,453.8,0,measured
4,2025-01-06,7.226,451.5,0,measured
4,2025-01-07,7.25,446.5,0,measured
4,2025-01-08,7.147,446.1,0,measured
4,2025-01-09,7.178,442.7,0,measured
4,2025-01-10,7.186,441.6,0,measured
4,2025-01-11,7.181,439.7,0,measured
4,2025-01-12,7.202,440.2,0,measured
4,2025-01-13,7.204,442.0,0,measured
4,2025-01-14,7.17,444.4,0,measured
4,2025-01-15,7.236,444.2,0,measured
4,2025-01-16,7.225,434.2,0,measured
4,2025-01-17,7.217,436.0,0,measured
4,2025-01-18,7.213,434.2,0,measured
4,2025-01-19,7.241,438.4,0,measured
4,2025-01-20,7.2,436.1,0,measured
4,2025-01-21,7.26,432.1,0,measured
4,2025-01-22,7.16,436.0,0,measured
4,2025-01-23,7.263,434.7,0,measured
4,2025-01-24,7.254,436.0,0,measured
4,2025-01-25,7.233,435.2,0,measured
4,2025-01-26,7.238,432.6,0,measured
4,2025-01-27,7.199,434.1,0,measured
4,2025-01-28,7.272,432.9,0,measured
4,2025-01-29,7.263,433.4,0,measured
4,2025-01-30,7.174,432.8,0,measured
4,2025-01-31,7.236,435.6,0,measured
4,2025-02-01,7.201,433.6,0,measured
4,2025-02-02,7.225,433.2,0,measured
4,2025-02-03,7.251,435.2,0,measured
4,2025-02-04,7.265,432.4,0,measured
4,2025-02-05,7.239,435.1,0,measured
4,2025-02-06,7.234,435.2,0,measured
4,2025-02-07,7.252,433.9,0,measured
4,2025-02-08,7.224,433.1,0,measured
4,2025-02-09,7.199,433.8,0,measured
4,2025-02-10,7.21,429.1,0,measured
4,2025-02-11,7.213,428.0,0,measured
4,2025-02-12,7.226,427.7,0,measured
4,2025-02-13,7.26,432.4,0,measured
4,2025-02-14,7.282,432.6,0,measured
4,2025-02-15,7.218,433.7,0,measured
4,2025-02-16,7.298,430.5,0,measured
4,2025-02-17,7.237,434.7,0,measured
4,2025-02-18,7.259,432.7,0,measured
4,2025-02-19,7.203,436.4,0,measured
4,2025-02-20,7.198,438.7,0,measured
4,2025-02-21,7.183,437.3,0,measured
4,2025-02-22,7.236,433.7,0,measured
4,2025-02-23,7.224,429.9,0,measured
4,2025-02-24,7.236,430.6,0,measured
4,2025-02-25,7.215,431.5,0,measured
4,2025-02-26,7.284,432.9,0,measured
4,2025-02-27,7.207,433.5,0,measured
4,2025-02-28,7.22,432.3,0,measured
4,2025-03-01,7.31,432.1,0,measured
4,2025-03-02,7.215,432.7,0,measured
4,2025-03-03,7.272,432.5,0,measured
4,2025-03-04,7.258,434.4,0,measured
4,2025-03-05,7.269,432.4,0,measured
4,2025-03-06,7.248,437.9,0,measured
4,2025-03-07,7.242,433.9,0,measured
4,2025-03-08,7.247,436.7,0,measured
4,2025-03-09,7.231,432.7,0,measured
4,2025-03-10,7.206,435.9,0,measured
4,2025-03-11,7.225,434.7,0,measured
4,2025-03-12,7.291,434.1,0,measured
4,2025-03-13,7.238,431.9,0,measured
4,2025-03-14,7.261,432.3,0,measured
4,2025-03-15,7.268,430.1,0,measured
4,2025-03-16,7.283,431.3,0,measured
4,2025-03-17,7.249,434.4,0,measured
4,2025-03-18,7.247,438.5,0,measured
4,2025-03-19,7.289,439.4,0,measured
4,2025-03-20,7.251,440.6,0,measured
4,2025-03-21,7.234,436.6,0,measured
4,2025-03-22,7.344,441.0,0,measured
4,2025-03-23,7.262,441.4,0,measured
4,2025-03-24,7.304,434.2,0,measured
4,2025-03-25,7.289,436.3,0,measured
4,2025-03-26,7.285,438.0,0,measured
4,2025-03-27,7.237,432.6,0,measured
4,2025-03-28,7.258,432.8,0,measured
4,2025-03-29,7.257,434.3,0,measured
4,2025-03-30,7.29,434.5,0,measured
4,2025-03-31,7.234,432.8,0,measured
4,2025-04-01,7.286,438.7,0,measured
4,2025-04-02,7.246,440.5,0,measured
4,2025-04-03,7.184,435.8,0,measured
4,2025-04-04,7.2,438.0,0,measured
4,2025-04-05,7.287,443.0,0,measured
4,2025-04-06,7.249,444.4,0,measured
4,2025-04-07,7.253,442.7,0,measured
4,2025-04-08,7.278,439.3,0,measured
4,2025-04-09,7.216,436.8,0,measured
4,2025-04-10,7.263,433.6,0,measured
4,2025-04-11,7.29,433.8,0,measured
4,2025-04-12,7.264,434.5,0,measured
4,2025-04-13,7.278,436.5,0,measured
4,2025-04-14,7.213,441.1,0,measured
4,2025-04-15,7.26,441.1,0,measured
4,2025-04-16,7.26,440.3,0,measured
4,2025-04-17,7.247,441.4,0,measured
4,2025-04-18,7.235,434.5,0,measured
4,2025-04-19,7.281,435.3,0,measured
4,2025-04-20,7.205,435.8,0,measured
4,2025-04-21,7.245,437.6,0,measured
4,2025-04-22,7.275,440.7,0,measured
4,2025-04-23,7.26,438.6,0,measured
4,2025-04-24,7.248,438.9,0,measured
4,2025-04-25,7.28,439.0,0,measured
4,2025-04-26,7.22,444.4,0,measured
4,2025-04-27,7.285,446.1,0,measured
4,2025-04-28,7.265,442.6,0,measured
4,2025-04-29,7.257,443.1,0,measured
4,2025-04-30,7.236,441.7,0,measured
4,2025-05-01,7.206,440.7,0,measured
4,2025-05-02,7.252,438.6,0,measured
4,2025-05-03,7.229,432.9,0,measured
4,2025-05-04,7.223,434.6,0,measured
4,2025-05-05,7.198,429.2,0,measured
4,2025-05-06,7.209,433.8,0,measured
4,2025-05-07,7.237,432.7,0,measured
4,2025-05-08,7.328,429.8,0,measured
4,2025-05-09,7.228,429.4,0,measured
4,2025-05-10,7.247,431.1,0,measured
4,2025-05-11,7.263,434.3,0,measured
4,2025-05-12,7.236,431.1,0,measured
4,2025-05-13,7.265,431.0,0,measured
4,2025-05-14,7.317,428.7,0,measured
4,2025-05-15,7.233,428.2,0,measured
4,2025-05-16,7.195,424.7,0,measured
4,2025-05-17,7.232,426.1,0,measured
4,2025-05-18,7.23,427.2,0,measured
4,2025-05-19,7.33,432.3,0,measured
4,2025-05-20,7.235,434.2,0,measured
4,2025-05-21,7.267,434.4,0,measured
4,2025-05-22,7.262,438.9,0,measured
4,2025-05-23,7.23,437.2,0,measured
4,2025-05-24,7.223,437.6,0,measured
4,2025-05-25,7.275,435.9,0,measured
4,2025-05-26,7.249,433.2,0,measured
4,2025-05-27,7.213,433.8,0,measured
4,2025-05-28,7.223,434.7,0,measured
4,2025-05-29,7.21,434.9,0,measured
4,2025-05-30,7.268,441.3,0,measured
4,2025-05-31,7.213,443.1,0,measured
4,2025-06-01,7.317,441.4,0,measured
4,2025-06-02,7.226,439.0,0,measured
4,2025-06-03,7.209,446.0,0,measured
4,2025-06-04,7.287,447.5,0,measured
4,2025-06-05,7.193,448.1,0,measured
4,2025-06-06,7.273,447.4,0,measured
4,2025-06-07,7.259,450.5,0,measured
4,2025-06-08,7.191,450.6,0,measured
4,2025-06-09,7.239,447.6,0,measured
4,2025-06-10,7.259,454.2,0,measured
4,2025-06-11,7.227,454.3,0,measured
4,2025-06-12,7.173,460.0,0,measured
4,2025-06-13,7.216,460.0,0,measured
4,2025-06-14,7.231,461.1,0,measured
4,2025-06-15,7.261,459.9,0,measured
4,2025-06-16,7.243,459.9,0,measured
4,2025-06-17,7.194,461.0,0,measured
4,2025-06-18,7.2,463.9,0,measured
4,2025-06-19,7.148,461.1,0,measured
4,2025-06-20,7.208,455.8,0,measured
4,2025-06-21,7.14,453.2,0,measured
4,2025-06-22,7.221,457.1,0,measured
4,2025-06-23,7.209,454.5,0,measured
4,2025-06-24,7.143,452.1,0,measured
4,2025-06-25,7.241,450.8,0,measured
4,2025-06-26,7.171,453.6,0,measured
4,2025-06-27,7.146,452.9,0,measured
4,2025-06-28,7.127,452.1,0,measured
4,2025-06-29,7.055,448.2,0,measured
4,2025-06-30,7.176,449.9,0,measured
4,2025-07-01,7.175,449.8,0,measured
4,2025-07-02,7.102,449.7,0,measured
4,2025-07-03,7.116,447.6,0,measured
4,2025-07-04,7.052,444.7,0,measured
4,2025-07-05,7.147,442.9,0,measured
4,2025-07-06,7.152,444.0,0,measured
4,2025-07-07,7.124,444.3,0,measured
4,2025-07-08,7.137,442.6,0,measured
4,2025-07-09,7.157,443.4,0,measured
4,2025-07-10,7.115,441.0,0,measured
4,2025-07-11,7.14,439.2,0,measured
4,2025-07-12,7.237,438.7,0,measured
4,2025-07-13,7.151,437.2,0,measured
4,2025-07-14,7.171,435.3,0,measured
4,2025-07-15,7.205,434.2,0,measured
4,2025-07-16,7.207,432.0,0,measured
4,2025-07-17,7.143,429.0,0,measured
4,2025-07-18,7.168,431.5,0,measured
4,2025-07-19,7.163,432.1,0,measured
4,2025-07-20,7.141,432.4,0,measured
4,2025-07-21,7.212,434.1,0,measured
4,2025-07-22,7.188,433.6,0,measured
4,2025-07-23,7.208,436.5,0,measured
4,2025-07-24,7.177,438.8,0,measured
4,2025-07-25,7.211,439.4,0,measured
4,2025-07-26,7.209,439.3,0,measured
4,2025-07-27,7.17,441.9,0,measured
4,2025-07-28,7.222,439.1,0,measured
4,2025-07-29,7.169,443.3,0,measured
4,2025-07-30,7.224,441.7,0,measured
4,2025-07-31,7.205,443.8,0,measured
4,2025-08-01,7.172,442.4,0,measured
4,2025-08-02,7.173,443.5,0,measured
4,2025-08-03,7.206,438.9,0,measured
4,2025-08-04,7.158,435.4,0,measured
4,2025-08-05,7.183,430.1,0,measured
4,2025-08-06,7.15,432.9,0,measured
4,2025-08-07,7.195,430.8,0,measured
4,2025-08-08,7.143,433.9,0,measured
4,2025-08-09,7.167,431.1,0,measured
4,2025-08-10,7.246,431.6,0,measured
4,2025-08-11,7.172,429.4,0,measured
4,2025-08-12,7.143,432.2,0,measured
4,2025-08-13,7.14,433.3,0,measured
4,2025-08-14,7.14,429.5,0,measured
4,2025-08-15,7.168,428.5,0,measured
4,2025-08-16,7.147,428.0,0,measured
4,2025-08-17,7.178,422.4,0,measured
4,2025-08-18,7.187,426.1,0,measured
4,2025-08-19,7.216,426.7,0,measured
4,2025-08-20,7.187,426.6,0,measured
4,2025-08-21,7.197,429.4,0,measured
4,2025-08-22,7.174,430.3,0,measured
4,2025-08-23,7.192,430.9,0,measured
4,2025-08-24,7.251,432.8,0,measured
4,2025-08-25,7.254,435.5,0,measured
4,2025-08-26,7.22,434.0,0,measured
4,2025-08-27,7.228,434.9,0,measured
4,2025-08-28,7.241,438.0,0,measured
4,2025-08-29,7.281,443.3,0,measured
4,2025-08-30,7.259,445.3,0,measured
4,2025-08-31,7.273,441.1,0,measured
4,2025-09-01,7.248,443.6,0,measured
4,2025-09-02,7.279,444.2,0,measured
4,2025-09-03,7.207,442.0,0,measured
4,2025-09-04,7.194,442.7,0,measured
4,2025-09-05,7.272,447.4,0,measured
4,2025-09-06,7.281,447.2,0,measured
4,2025-09-07,7.306,445.5,0,measured
4,2025-09-08,7.188,445.0,0,measured
4,2025-09-09,7.276,444.9,0,measured
4,2025-09-10,7.291,453.7,0,measured
4,2025-09-11,7.259,452.3,0,measured
4,2025-09-12,7.289,452.0,0,measured
4,2025-09-13,7.277,452.6,0,measured
4,2025-09-14,7.287,452.9,0,measured
4,2025-09-15,7.332,450.2,0,measured
4,2025-09-16,7.318,453.7,0,measured
4,2025-09-17,7.335,455.0,0,measured
4,2025-09-18,7.28,449.7,0,measured
4,2025-09-19,7.273,444.3,0,measured
4,2025-09-20,7.311,446.9,0,measured
4,2025-09-21,7.292,452.3,0,measured
4,2025-09-22,7.272,452.1,0,measured
4,2025-09-23,7.271,446.2,0,measured
4,2025-09-24,7.335,448.0,0,measured
4,2025-09-25,7.247,447.0,0,measured
4,2025-09-26,7.272,445.5,0,measured
4,2025-09-27,7.307,443.5,0,measured
4,2025-09-28,7.278,445.3,0,measured
4,2025-09-29,7.285,450.7,0,measured
4,2025-09-30,7.282,449.1,0,measured
4,2025-10-01,7.291,449.5,0,measured
4,2025-10-02,7.266,452.7,0,measured
4,2025-10-03,7.35,451.7,0,measured
4,2025-10-04,7.266,452.6,0,measured
4,2025-10-05,7.223,454.8,0,measured
4,2025-10-06,7.285,450.6,0,measured
4,2025-10-07,7.327,451.8,0,measured
4,2025-10-08,7.33,454.1,0,measured
4,2025-10-09,7.314,455.8,0,measured
4,2025-10-10,7.283,456.8,0,measured
4,2025-10-11,7.298,453.5,0,measured
4,2025-10-12,7.345,456.1,0,measured
4,2025-10-13,7.334,455.8,0,measured
4,2025-10-14,7.331,454.9,0,measured
4,2025-10-15,7.263,452.8,0,measured
4,2025-10-16,7.309,448.9,0,measured
4,2025-10-17,7.367,447.7,0,measured
4,2025-10-18,7.331,448.6,0,measured
4,2025-10-19,7.345,448.4,0,measured
4,2025-10-20,7.352,451.1,0,measured
4,2025-10-21,7.314,451.9,0,measured
4,2025-10-22,7.349,456.2,0,measured
4,2025-10-23,7.303,453.3,0,measured
4,2025-10-24,7.379,452.8,0,measured
4,2025-10-25,7.321,454.2,0,measured
4,2025-10-26,7.264,454.4,0,measured
4,2025-10-27,7.338,450.9,0,measured
4,2025-10-28,7.299,449.0,0,measured
4,2025-10-29,7.398,449.2,0,measured
4,2025-10-30,7.306,451.0,0,measured
4,2025-10-31,7.329,450.9,0,measured
4,2025-11-01,7.379,451.2,0,measured
4,2025-11-02,7.324,446.7,0,measured
4,2025-11-03,7.303,447.7,0,measured
4,2025-11-04,7.271,446.5,0,measured
4,2025-11-05,7.317,445.1,0,measured
4,2025-11-06,7.336,442.8,0,measured
4,2025-11-07,7.343,449.1,0,measured
4,2025-11-08,7.419,450.0,0,measured
4,2025-11-09,7.333,451.6,0,measured
4,2025-11-10,7.388,452.9,0,measured
4,2025-11-11,7.306,452.3,0,measured
4,2025-11-12,7.359,450.9,0,measured
4,2025-11-13,7.373,449.4,0,measured
4,2025-11-14,7.387,449.0,0,measured
4,2025-11-15,7.349,449.3,0,measured
4,2025-11-16,7.371,445.9,0,measured
4,2025-11-17,7.363,442.8,0,measured
4,2025-11-18,7.373,441.4,0,measured
4,2025-11-19,7.361,447.3,0,measured
4,2025-11-20,7.325,448.5,0,measured
4,2025-11-21,7.382,444.0,0,measured
4,2025-11-22,7.37,446.7,0,measured
4,2025-11-23,7.284,444.3,0,measured
4,2025-11-24,7.362,446.8,0,measured
4,2025-11-25,7.406,446.2,0,measured
4,2025-11-26,7.353,445.7,0,measured
4,2025-11-27,7.384,448.3,0,measured
4,2025-11-28,7.383,445.5,0,measured
4,2025-11-29,7.314,446.2,0,measured
4,2025-11-30,7.31,446.8,0,measured
4,2025-12-01,7.344,451.1,0,measured
4,2025-12-02,7.304,453.6,0,measured
4,2025-12-03,7.397,448.1,0,measured
4,2025-12-04,7.36,446.9,0,measured
4,2025-12-05,7.278,441.8,0,measured
4,2025-12-06,7.36,439.9,0,measured
4,2025-12-07,7.369,440.2,0,measured
4,2025-12-08,7.357,436.0,0,measured
4,2025-12-09,7.387,440.9,0,measured
4,2025-12-10,7.373,440.2,0,measured
4,2025-12-11,7.379,439.0,0,measured
4,2025-12-12,7.383,442.7,0,measured
4,2025-12-13,7.422,445.1,0,measured
4,2025-12-14,7.343,445.3,0,measured
4,2025-12-15,7.346,446.1,0,measured
4,2025-12-16,7.318,447.3,0,measured
4,2025-12-17,7.35,445.4,0,measured
4,2025-12-18,7.428,444.5,0,measured
4,2025-12-19,7.407,447.0,0,measured
4,2025-12-20,7.379,445.6,0,measured
4,2025-12-21,7.277,447.3,0,measured
4,2025-12-22,7.41,443.5,0,measured
4,2025-12-23,7.329,446.1,0,measured
4,2025-12-24,7.379,445.5,0,measured
4,2025-12-25,7.337,441.3,0,measured
4,2025-12-26,7.332,441.3,0,measured
4,2025-12-27,7.378,437.5,0,measured
4,2025-12-28,7.37,439.9,0,measured
4,2025-12-29,7.328,437.9,0,measured
4,2025-12-30,7.38,437.1,0,measured
4,2025-12-31,7.329,438.8,0,measured
4,2026-01-01,7.36,438.7,0,measured
4,2026-01-02,7.381,433.9,0,measured
4,2026-01-03,7.325,431.6,0,measured
4,2026-01-04,7.369,434.2,0,measured
4,2026-01-05,7.359,430.5,0,measured
4,2026-01-06,7.361,430.3,0,measured
4,2026-01-07,7.38,432.4,0,measured
4,2026-01-08,7.327,429.0,0,measured
4,2026-01-09,7.31,429.0,0,measured
4,2026-01-10,7.351,424.3,0,measured
4,2026-01-11,7.349,427.0,0,measured
4,2026-01-12,7.36,426.1,0,measured
4,2026-01-13,7.351,429.0,0,measured
4,2026-01-14,7.361,427.8,0,measured
4,2026-01-15,7.364,428.1,0,measured
4,2026-01-16,7.396,430.5,0,measured
4,2026-01-17,7.342,431.6,0,measured
4,2026-01-18,7.378,434.7,0,measured
4,2026-01-19,7.357,436.9,0,measured
4,2026-01-20,7.381,438.2,0,measured
4,2026-01-21,7.383,437.6,0,measured
4,2026-01-22,7.39,432.5,0,measured
4,2026-01-23,7.358,428.6,0,measured
4,2026-01-24,7.379,426.7,0,measured
4,2026-01-25,7.42,431.1,0,measured
4,2026-01-26,7.425,432.9,0,measured
4,2026-01-27,7.389,435.5,0,measured
4,2026-01-28,7.382,430.7,0,measured
4,2026-01-29,7.424,432.5,0,measured
4,2026-01-30,7.362,429.7,0,measured
4,2026-01-31,7.39,432.0,0,measured
4,2026-02-01,7.366,437.1,0,measured
4,2026-02-02,7.376,434.2,0,measured
4,2026-02-03,7.378,434.5,0,measured
4,2026-02-04,7.403,431.8,0,measured
4,2026-02-05,7.373,428.0,0,measured
4,2026-02-06,7.411,423.8,0,measured
4,2026-02-07,7.358,423.8,0,measured
4,2026-02-08,7.364,427.1,0,measured
4,2026-02-09,7.374,429.0,0,measured
4,2026-02-10,7.373,429.0,0,measured
4,2026-02-11,7.402,426.5,0,measured
4,2026-02-12,7.394,427.5,0,measured
4,2026-02-13,7.361,431.7,0,measured
4,2026-02-14,7.41,429.1,0,measured
4,2026-02-15,7.354,431.9,0,measured
4,2026-02-16,7.386,431.2,0,measured
4,2026-02-17,7.442,427.2,0,measured
4,2026-02-18,7.375,420.8,0,measured
4,2026-02-19,7.366,422.6,0,measured
4,2026-02-20,7.34,418.7,0,measured
4,2026-02-21,7.397,415.4,0,measured
4,2026-02-22,7.363,415.8,0,measured
4,2026-02-23,7.395,414.1,0,measured
4,2026-02-24,7.388,414.4,0,measured
4,2026-02-25,7.415,413.9,0,measured
4,2026-02-26,7.395,410.2,0,measured
4,2026-02-27,7.361,409.9,0,measured
4,2026-02-28,7.382,413.5,0,measured
4,2026-03-01,7.392,412.7,0,measured
4,2026-03-02,7.411,415.8,0,measured
4,2026-03-03,7.441,415.3,0,measured
4,2026-03-04,7.391,417.7,0,measured
4,2026-03-05,7.406,416.5,0,measured
4,2026-03-06,7.41,418.2,0,measured
4,2026-03-07,7.368,416.8,0,measured
4,2026-03-08,7.413,416.5,0,measured
4,2026-03-09,7.397,416.7,0,measured
4,2026-03-10,7.441,421.7,0,measured
4,2026-03-11,7.387,422.5,0,measured
4,2026-03-12,7.465,422.6,0,measured
4,2026-03-13,7.358,419.4,0,measured
4,2026-03-14,7.397,417.1,0,measured
4,2026-03-15,7.398,420.2,0,measured
4,2026-03-16,7.391,417.2,0,measured
4,2026-03-17,7.38,418.6,0,measured
4,2026-03-18,7.396,418.4,0,measured
4,2026-03-19,7.368,419.6,0,measured
4,2026-03-20,7.338,418.1,0,measured
4,2026-03-21,7.355,417.9,0,measured
4,2026-03-22,7.405,416.9,0,measured
4,2026-03-23,7.328,416.7,0,measured
4,2026-03-24,7.397,419.8,0,measured
4,2026-03-25,7.387,425.1,0,measured
4,2026-03-26,7.431,426.3,0,measured
4,2026-03-27,7.402,433.3,0,measured
4,2026-03-28,7.425,435.3,0,measured
4,2026-03-29,7.385,435.3,0,measured
4,2026-03-30,7.394,435.6,0,measured
4,2026-03-31,7.426,433.0,0,measured
4,2026-04-01,7.443,437.7,0,measured
4,2026-04-02,7.419,438.3,0,measured
4,2026-04-03,7.403,437.4,0,measured
4,2026-04-04,7.403,434.7,0,measured
4,2026-04-05,7.354,436.3,0,measured
4,2026-04-06,7.448,438.1,0,measured
4,2026-04-07,7.41,442.4,0,measured
4,2026-04-08,7.39,443.5,0,measured
4,2026-04-09,7.43,447.7,0,measured
4,2026-04-10,7.426,451.9,0,measured
4,2026-04-11,7.399,450.7,0,measured
4,2026-04-12,7.383,445.6,0,measured
4,2026-04-13,7.367,443.1,0,measured
4,2026-04-14,7.431,442.0,0,measured
4,2026-04-15,7.366,445.4,0,measured
4,2026-04-16,7.335,440.6,0,measured
4,2026-04-17,7.387,441.4,0,measured
4,2026-04-18,7.387,442.9,0,measured
4,2026-04-19,7.408,443.2,0,measured
4,2026-04-20,7.379,448.9,0,measured
4,2026-04-21,7.373,449.2,0,measured
4,2026-04-22,7.39,450.2,0,measured
4,2026-04-23,7.439,451.8,0,measured
4,2026-04-24,7.388,453.8,0,measured
4,2026-04-25,7.381,451.0,0,measured
4,2026-04-26,7.442,452.5,0,measured
4,2026-04-27,7.382,454.0,0,measured
4,2026-04-28,7.367,452.9,0,measured
4,2026-04-29,7.346,453.1,0,measured
4,2026-04-30,7.416,449.7,0,measured
4,2026-05-01,7.394,451.5,0,measured
4,2026-05-02,7.381,453.5,0,measured
4,2026-05-03,7.399,449.6,0,measured
4,2026-05-04,7.323,451.6,0,measured
4,2026-05-05,7.37,447.1,0,measured
4,2026-05-06,7.381,445.9,0,measured
4,2026-05-07,7.373,447.8,0,measured
4,2026-05-08,7.427,445.3,0,measured
4,2026-05-09,7.431,448.4,0,measured
4,2026-05-10,7.339,447.1,0,measured
4,2026-05-11,7.403,451.0,0,measured
4,2026-05-12,7.331,448.0,0,measured
4,2026-05-13,7.368,444.6,0,measured
4,2026-05-14,7.428,448.3,0,measured
4,2026-05-15,7.383,451.4,0,measured
4,2026-05-16,7.386,448.8,0,measured
4,2026-05-17,7.412,445.4,0,measured
4,2026-05-18,7.368,440.4,0,measured
4,2026-05-19,7.393,441.9,0,measured
4,2026-05-20,7.382,441.5,0,measured
4,2026-05-21,7.374,442.9,0,measured
4,2026-05-22,7.323,444.3,0,measured
4,2026-05-23,7.364,444.3,0,measured
4,2026-05-24,7.392,445.9,0,measured
4,2026-05-25,7.447,448.2,0,measured
4,2026-05-26,7.372,446.6,0,measured
4,2026-05-27,7.416,444.1,0,measured
4,2026-05-28,7.39,443.7,0,measured
4,2026-05-29,7.387,440.6,0,measured
4,2026-05-30,7.364,442.1,0,measured
4,2026-05-31,7.389,445.4,0,measured
4,2026-06-01,7.362,446.4,0,measured
4,2026-06-02,7.299,443.9,0,measured
4,2026-06-03,7.351,444.9,0,measured
4,2026-06-04,7.339,438.8,0,measured
5,2023-06-06,7.508,651.5,0,measured
5,2023-06-07,7.346,652.3,0,measured
5,2023-06-08,6.931,656.3,0,measured
5,2023-06-09,7.014,653.4,0,measured
5,2023-06-10,7.084,653.1,0,measured
5,2023-06-11,6.859,649.9,0,measured
5,2023-06-12,6.76,653.6,0,measured
5,2023-06-13,6.642,651.0,0,measured
5,2023-06-14,6.372,648.9,0,measured
5,2023-06-15,6.519,652.5,0,measured
5,2023-06-16,6.211,648.3,0,measured
5,2023-06-17,6.336,646.2,0,measured
5,2023-06-18,5.989,650.4,0,measured
5,2023-06-19,6.082,653.1,0,measured
5,2023-06-20,6.033,654.8,0,measured
5,2023-06-21,6.174,651.9,0,measured
5,2023-06-22,6.182,651.3,0,measured
5,2023-06-23,5.681,653.1,0,measured
5,2023-06-24,5.86,650.3,0,measured
5,2023-06-25,5.929,649.3,0,measured
5,2023-06-26,6.052,649.5,0,measured
5,2023-06-27,5.235,651.3,0,measured
5,2023-06-28,5.073,658.1,0,measured
5,2023-06-29,5.322,656.7,0,measured
5,2023-06-30,5.508,656.2,0,measured
5,2023-07-01,5.662,659.6,0,measured
5,2023-07-02,5.756,659.5,0,measured
5,2023-07-03,5.92,664.5,0,measured
5,2023-07-04,5.861,659.5,0,measured
5,2023-07-05,5.845,661.4,0,measured
5,2023-07-06,5.89,658.5,0,measured
5,2023-07-07,5.576,658.1,0,measured
5,2023-07-08,5.617,655.5,0,measured
5,2023-07-09,5.563,660.1,0,measured
5,2023-07-10,5.693,660.5,0,measured
5,2023-07-11,5.835,659.3,0,measured
5,2023-07-12,5.943,661.2,0,measured
5,2023-07-13,5.665,660.8,0,measured
5,2023-07-14,5.5,660.7,0,measured
5,2023-07-15,5.671,663.4,0,measured
5,2023-07-16,5.824,661.5,0,measured
5,2023-07-17,6.016,661.6,0,measured
5,2023-07-18,6.082,663.5,0,measured
5,2023-07-19,6.249,661.3,0,measured
5,2023-07-20,6.409,661.1,0,measured
5,2023-07-21,6.33,661.5,0,measured
5,2023-07-22,6.23,660.2,0,measured
5,2023-07-23,5.447,653.7,0,measured
5,2023-07-24,5.725,646.8,0,measured
5,2023-07-25,5.454,651.4,0,measured
5,2023-07-26,4.934,652.3,0,measured
5,2023-07-27,4.932,650.4,0,measured
5,2023-07-28,4.845,648.4,0,measured
5,2023-07-29,4.755,651.5,0,measured
5,2023-07-30,4.962,648.9,0,measured
5,2023-07-31,4.998,648.5,0,measured
5,2023-08-01,5.179,646.5,0,measured
5,2023-08-02,5.249,645.9,0,measured
5,2023-08-03,5.345,641.3,0,measured
5,2023-08-04,5.457,641.5,0,measured
5,2023-08-05,5.636,642.8,0,measured
5,2023-08-06,5.667,645.4,0,measured
5,2023-08-07,4.459,643.0,0,measured
5,2023-08-08,4.754,645.8,0,measured
5,2023-08-09,4.945,642.3,0,measured
5,2023-08-10,5.136,643.0,0,measured
5,2023-08-11,4.969,641.0,0,measured
5,2023-08-12,5.101,639.0,0,measured
5,2023-08-13,5.39,639.9,0,measured
5,2023-08-14,5.24,640.7,0,measured
5,2023-08-15,5.222,641.2,0,measured
5,2023-08-16,4.621,638.9,0,measured
5,2023-08-17,4.85,640.3,0,measured
5,2023-08-18,4.842,643.1,0,measured
5,2023-08-19,4.508,642.2,0,measured
5,2023-08-20,4.736,641.3,0,measured
5,2023-08-21,4.71,643.0,0,measured
5,2023-08-22,4.87,639.0,0,measured
5,2023-08-23,4.697,641.1,0,measured
5,2023-08-24,4.96,638.9,0,measured
5,2023-08-25,5.119,637.3,0,measured
5,2023-08-26,5.319,640.5,0,measured
5,2023-08-27,5.398,641.7,0,measured
5,2023-08-28,5.016,638.7,0,measured
5,2023-08-29,5.113,640.5,0,measured
5,2023-08-30,5.344,647.5,0,measured
5,2023-08-31,5.39,653.8,0,measured
5,2023-09-01,5.568,660.2,0,measured
5,2023-09-02,5.749,656.4,0,measured
5,2023-09-03,5.722,655.3,0,measured
5,2023-09-04,5.549,653.1,0,measured
5,2023-09-05,5.726,648.7,0,measured
5,2023-09-06,5.689,646.0,0,measured
5,2023-09-07,5.828,647.2,0,measured
5,2023-09-08,5.526,647.3,0,measured
5,2023-09-09,5.739,643.7,0,measured
5,2023-09-10,5.642,646.6,0,measured
5,2023-09-11,5.852,643.8,0,measured
5,2023-09-12,5.888,646.1,0,measured
5,2023-09-13,5.951,651.5,0,measured
5,2023-09-14,6.116,656.1,0,measured
5,2023-09-15,6.243,654.9,0,measured
5,2023-09-16,6.356,656.2,0,measured
5,2023-09-17,6.333,660.8,0,measured
5,2023-09-18,6.28,656.5,0,measured
5,2023-09-19,6.322,658.4,0,measured
5,2023-09-20,6.307,655.2,0,measured
5,2023-09-21,6.001,657.8,0,measured
5,2023-09-22,6.109,663.0,0,measured
5,2023-09-23,6.199,667.8,0,measured
5,2023-09-24,6.313,667.6,0,measured
5,2023-09-25,6.321,668.9,0,measured
5,2023-09-26,6.457,665.8,0,measured
5,2023-09-27,6.479,657.6,0,measured
5,2023-09-28,6.631,656.9,0,measured
5,2023-09-29,6.663,651.6,0,measured
5,2023-09-30,6.73,651.4,0,measured
5,2023-10-01,6.762,649.2,0,measured
5,2023-10-02,6.829,652.1,0,measured
5,2023-10-03,6.935,655.0,0,measured
5,2023-10-04,6.946,649.8,0,measured
5,2023-10-05,7.019,645.5,0,measured
5,2023-10-06,7.026,644.9,0,measured
5,2023-10-07,7.08,646.3,0,measured
5,2023-10-08,7.11,649.6,0,measured
5,2023-10-09,7.154,652.3,0,measured
5,2023-10-10,7.152,652.5,0,measured
5,2023-10-11,7.146,654.2,0,measured
5,2023-10-12,7.223,655.2,0,measured
5,2023-10-13,7.244,661.3,0,measured
5,2023-10-14,7.296,656.2,0,measured
5,2023-10-15,7.077,650.4,0,measured
5,2023-10-16,7.137,651.4,0,measured
5,2023-10-17,7.126,649.2,0,measured
5,2023-10-18,7.146,649.1,0,measured
5,2023-10-19,6.66,647.5,0,measured
5,2023-10-20,6.709,650.1,0,measured
5,2023-10-21,6.784,655.4,0,measured
5,2023-10-22,6.83,648.7,0,measured
5,2023-10-23,6.883,650.7,0,measured
5,2023-10-24,6.873,650.9,0,measured
5,2023-10-25,6.912,649.3,0,measured
5,2023-10-26,6.949,648.6,0,measured
5,2023-10-27,6.972,643.2,0,measured
5,2023-10-28,6.943,644.8,0,measured
5,2023-10-29,7.063,640.2,0,measured
5,2023-10-30,7.109,641.6,0,measured
5,2023-10-31,7.184,643.1,0,measured
5,2023-11-01,7.128,643.6,0,measured
5,2023-11-02,7.227,643.7,0,measured
5,2023-11-03,7.241,640.9,0,measured
5,2023-11-04,7.24,641.2,0,measured
5,2023-11-05,7.221,639.5,0,measured
5,2023-11-06,7.249,635.7,0,measured
5,2023-11-07,7.279,637.4,0,measured
5,2023-11-08,7.355,634.2,0,measured
5,2023-11-09,7.308,633.7,0,measured
5,2023-11-10,7.305,634.0,0,measured
5,2023-11-11,7.344,629.8,0,measured
5,2023-11-12,7.278,623.8,0,measured
5,2023-11-13,7.108,630.8,0,measured
5,2023-11-14,7.052,629.0,0,measured
5,2023-11-15,7.136,633.6,0,measured
5,2023-11-16,7.157,634.3,0,measured
5,2023-11-17,7.193,639.2,0,measured
5,2023-11-18,7.209,643.3,0,measured
5,2023-11-19,7.198,643.2,0,measured
5,2023-11-20,7.292,643.9,0,measured
5,2023-11-21,7.231,639.0,0,measured
5,2023-11-22,7.315,636.4,0,measured
5,2023-11-23,7.368,638.6,0,measured
5,2023-11-24,7.295,636.4,0,measured
5,2023-11-25,7.243,637.9,0,measured
5,2023-11-26,7.212,634.7,0,measured
5,2023-11-27,7.248,639.7,0,measured
5,2023-11-28,7.256,638.1,0,measured
5,2023-11-29,7.305,638.4,0,measured
5,2023-11-30,7.339,635.9,0,measured
5,2023-12-01,7.305,637.4,0,measured
5,2023-12-02,7.235,636.2,0,measured
5,2023-12-03,7.345,638.0,0,measured
5,2023-12-04,7.371,633.6,0,measured
5,2023-12-05,7.322,631.4,0,measured
5,2023-12-06,7.323,629.4,0,measured
5,2023-12-07,7.385,632.6,0,measured
5,2023-12-08,7.474,632.5,0,measured
5,2023-12-09,7.39,634.0,0,measured
5,2023-12-10,7.293,634.5,0,measured
5,2023-12-11,7.261,635.6,0,measured
5,2023-12-12,7.353,636.0,0,measured
5,2023-12-13,7.336,637.1,0,measured
5,2023-12-14,7.405,639.5,0,measured
5,2023-12-15,7.195,636.5,0,measured
5,2023-12-16,7.262,632.1,0,measured
5,2023-12-17,7.269,633.3,0,measured
5,2023-12-18,7.301,634.1,0,measured
5,2023-12-19,7.312,629.3,0,measured
5,2023-12-20,7.272,633.0,0,measured
5,2023-12-21,7.344,634.2,0,measured
5,2023-12-22,7.299,635.4,0,measured
5,2023-12-23,7.363,640.9,0,measured
5,2023-12-24,7.345,644.5,0,measured
5,2023-12-25,7.312,641.2,0,measured
5,2023-12-26,7.296,639.6,0,measured
5,2023-12-27,7.378,644.1,0,measured
5,2023-12-28,7.379,641.1,0,measured
5,2023-12-29,7.354,645.6,0,measured
5,2023-12-30,7.462,645.0,0,measured
5,2023-12-31,7.272,646.7,0,measured
5,2024-01-01,7.356,641.1,0,measured
5,2024-01-02,7.327,647.1,0,measured
5,2024-01-03,7.367,644.7,0,measured
5,2024-01-04,7.399,644.7,0,measured
5,2024-01-05,7.345,642.8,0,measured
5,2024-01-06,7.356,644.1,0,measured
5,2024-01-07,7.437,647.0,0,measured
5,2024-01-08,7.426,654.3,0,measured
5,2024-01-09,7.423,651.3,0,measured
5,2024-01-10,7.438,650.6,0,measured
5,2024-01-11,7.461,644.6,0,measured
5,2024-01-12,7.454,644.9,0,measured
5,2024-01-13,7.531,638.7,0,measured
5,2024-01-14,7.483,638.4,0,measured
5,2024-01-15,7.448,641.0,0,measured
5,2024-01-16,7.569,646.6,0,measured
5,2024-01-17,7.501,645.9,0,measured
5,2024-01-18,7.516,649.2,0,measured
5,2024-01-19,7.392,649.8,0,measured
5,2024-01-20,7.405,655.0,0,measured
5,2024-01-21,7.436,660.3,0,measured
5,2024-01-22,7.434,659.3,0,measured
5,2024-01-23,7.173,658.3,0,measured
5,2024-01-24,7.217,656.9,0,measured
5,2024-01-25,7.325,656.5,0,measured
5,2024-01-26,7.32,653.9,0,measured
5,2024-01-27,7.336,655.8,0,measured
5,2024-01-28,7.249,657.0,0,measured
5,2024-01-29,7.301,657.7,0,measured
5,2024-01-30,7.294,657.5,0,measured
5,2024-01-31,7.335,653.9,0,measured
5,2024-02-01,7.294,651.7,0,measured
5,2024-02-02,7.347,651.1,0,measured
5,2024-02-03,7.391,651.4,0,measured
5,2024-02-04,7.446,651.1,0,measured
5,2024-02-05,7.229,649.4,0,measured
5,2024-02-06,7.285,648.7,0,measured
5,2024-02-07,7.16,642.3,0,measured
5,2024-02-08,7.234,637.7,0,measured
5,2024-02-09,7.295,634.2,0,measured
5,2024-02-10,7.29,638.7,0,measured
5,2024-02-11,7.246,640.8,0,measured
5,2024-02-12,7.319,645.2,0,measured
5,2024-02-13,7.319,641.2,0,measured
5,2024-02-14,7.294,645.6,0,measured
5,2024-02-15,7.357,646.0,0,measured
5,2024-02-16,7.362,651.7,0,measured
5,2024-02-17,7.391,650.0,0,measured
5,2024-02-18,7.409,653.4,0,measured
5,2024-02-19,7.404,655.4,0,measured
5,2024-02-20,7.462,651.5,0,measured
5,2024-02-21,7.145,650.5,0,measured
5,2024-02-22,6.943,650.9,0,measured
5,2024-02-23,6.98,645.7,0,measured
5,2024-02-24,6.997,644.8,0,measured
5,2024-02-25,7.056,641.9,0,measured
5,2024-02-26,7.096,643.0,0,measured
5,2024-02-27,7.135,648.3,0,measured
5,2024-02-28,7.193,647.5,0,measured
5,2024-02-29,7.183,645.4,0,measured
5,2024-03-01,7.25,651.5,0,measured
5,2024-03-02,7.302,652.3,0,measured
5,2024-03-03,7.316,655.5,0,measured
5,2024-03-04,7.151,654.5,0,measured
5,2024-03-05,7.171,657.2,0,measured
5,2024-03-06,7.205,656.5,0,measured
5,2024-03-07,7.241,654.6,0,measured
5,2024-03-08,7.23,653.8,0,measured
5,2024-03-09,7.319,659.7,0,measured
5,2024-03-10,7.21,660.5,0,measured
5,2024-03-11,7.283,658.7,0,measured
5,2024-03-12,7.28,658.8,0,measured
5,2024-03-13,7.344,649.3,0,measured
5,2024-03-14,7.306,650.2,0,measured
5,2024-03-15,7.335,650.6,0,measured
5,2024-03-16,7.407,648.5,0,measured
5,2024-03-17,7.426,652.6,0,measured
5,2024-03-18,7.411,650.9,0,measured
5,2024-03-19,7.408,650.5,0,measured
5,2024-03-20,7.426,649.7,0,measured
5,2024-03-21,7.459,651.0,0,measured
5,2024-03-22,7.478,646.5,0,measured
5,2024-03-23,7.453,646.9,0,measured
5,2024-03-24,7.528,644.5,0,measured
5,2024-03-25,7.515,640.0,0,measured
5,2024-03-26,7.485,637.0,0,measured
5,2024-03-27,7.462,635.1,0,measured
5,2024-03-28,7.511,631.1,0,measured
5,2024-03-29,7.499,631.6,0,measured
5,2024-03-30,7.538,631.3,0,measured
5,2024-03-31,7.518,632.7,0,measured
5,2024-04-01,7.501,634.4,0,measured
5,2024-04-02,7.443,633.5,0,measured
5,2024-04-03,7.499,624.3,0,measured
5,2024-04-04,7.457,624.8,0,measured
5,2024-04-05,7.531,627.5,0,measured
5,2024-04-06,7.529,627.9,0,measured
5,2024-04-07,7.519,628.2,0,measured
5,2024-04-08,7.461,628.2,0,measured
5,2024-04-09,7.555,625.6,0,measured
5,2024-04-10,7.552,629.6,0,measured
5,2024-04-11,7.571,626.1,0,measured
5,2024-04-12,7.553,623.8,0,measured
5,2024-04-13,7.477,627.7,0,measured
5,2024-04-14,7.496,632.9,0,measured
5,2024-04-15,7.528,635.7,0,measured
5,2024-04-16,7.523,636.4,0,measured
5,2024-04-17,7.527,638.6,0,measured
5,2024-04-18,7.332,639.5,0,measured
5,2024-04-19,7.345,639.2,0,measured
5,2024-04-20,7.231,637.1,0,measured
5,2024-04-21,7.109,637.4,0,measured
5,2024-04-22,7.154,641.0,0,measured
5,2024-04-23,7.005,640.8,0,measured
5,2024-04-24,6.744,638.5,0,measured
5,2024-04-25,6.802,644.5,0,measured
5,2024-04-26,6.83,642.9,0,measured
5,2024-04-27,6.929,644.7,0,measured
5,2024-04-28,6.922,642.6,0,measured
5,2024-04-29,6.979,642.1,0,measured
5,2024-04-30,7.081,641.6,0,measured
5,2024-05-01,7.077,638.8,0,measured
5,2024-05-02,7.173,637.8,0,measured
5,2024-05-03,7.189,636.6,0,measured
5,2024-05-04,7.221,633.9,0,measured
5,2024-05-05,7.214,630.9,0,measured
5,2024-05-06,7.294,629.3,0,measured
5,2024-05-07,7.279,624.2,0,measured
5,2024-05-08,7.299,628.2,0,measured
5,2024-05-09,7.383,627.5,0,measured
5,2024-05-10,7.383,623.6,0,measured
5,2024-05-11,7.417,629.1,0,measured
5,2024-05-12,7.401,626.3,0,measured
5,2024-05-13,7.371,622.7,0,measured
5,2024-05-14,7.312,619.5,0,measured
5,2024-05-15,7.35,622.5,0,measured
5,2024-05-16,7.445,625.6,0,measured
5,2024-05-17,7.382,623.1,0,measured
5,2024-05-18,7.351,621.6,0,measured
5,2024-05-19,7.222,620.9,0,measured
5,2024-05-20,7.033,623.6,0,measured
5,2024-05-21,6.959,624.8,0,measured
5,2024-05-22,6.968,630.2,0,measured
5,2024-05-23,7.086,628.1,0,measured
5,2024-05-24,6.929,630.2,0,measured
5,2024-05-25,7.016,630.3,0,measured
5,2024-05-26,6.889,630.2,0,measured
5,2024-05-27,6.391,633.5,0,measured
5,2024-05-28,6.532,637.0,0,measured
5,2024-05-29,6.57,638.1,0,measured
5,2024-05-30,6.646,638.5,0,measured
5,2024-05-31,6.777,641.9,0,measured
5,2024-06-01,6.715,641.5,0,measured
5,2024-06-02,6.407,638.8,0,measured
5,2024-06-03,6.502,639.1,0,measured
5,2024-06-04,6.641,637.2,0,measured
5,2024-06-05,6.303,641.7,0,measured
5,2024-06-06,6.459,644.4,0,measured
5,2024-06-07,6.518,640.4,0,measured
5,2024-06-08,6.442,641.1,0,measured
5,2024-06-09,6.421,641.4,0,measured
5,2024-06-10,6.2,640.3,0,measured
5,2024-06-11,6.215,645.6,0,measured
5,2024-06-12,6.126,646.4,0,measured
5,2024-06-13,6.293,648.6,0,measured
5,2024-06-14,6.154,652.5,0,measured
5,2024-06-15,6.28,656.1,0,measured
5,2024-06-16,6.074,664.1,0,measured
5,2024-06-17,5.918,662.5,0,measured
5,2024-06-18,5.832,663.7,0,measured
5,2024-06-19,5.817,668.5,0,measured
5,2024-06-20,5.932,667.4,0,measured
5,2024-06-21,5.597,670.0,0,measured
5,2024-06-22,5.759,670.4,0,measured
5,2024-06-23,5.758,671.1,0,measured
5,2024-06-24,5.628,675.7,0,measured
5,2024-06-25,5.801,678.7,0,measured
5,2024-06-26,5.623,676.5,0,measured
5,2024-06-27,5.772,676.1,0,measured
5,2024-06-28,5.952,680.3,0,measured
5,2024-06-29,6.055,675.6,0,measured
5,2024-06-30,6.19,675.3,0,measured
5,2024-07-01,6.213,674.3,0,measured
5,2024-07-02,6.107,678.1,0,measured
5,2024-07-03,6.2,676.2,0,measured
5,2024-07-04,6.365,676.2,0,measured
5,2024-07-05,6.057,675.8,0,measured
5,2024-07-06,6.276,679.2,0,measured
5,2024-07-07,5.946,676.9,0,measured
5,2024-07-08,6.058,679.1,0,measured
5,2024-07-09,5.657,680.9,0,measured
5,2024-07-10,5.832,679.6,0,measured
5,2024-07-11,5.856,677.1,0,measured
5,2024-07-12,5.635,680.2,0,measured
5,2024-07-13,5.78,680.0,0,measured
5,2024-07-14,5.522,680.9,0,measured
5,2024-07-15,5.312,682.7,0,measured
5,2024-07-16,5.482,677.0,0,measured
5,2024-07-17,5.129,673.9,0,measured
5,2024-07-18,5.365,679.8,0,measured
5,2024-07-19,5.534,679.8,0,measured
5,2024-07-20,4.607,677.9,0,measured
5,2024-07-21,4.85,673.2,0,measured
5,2024-07-22,4.819,669.3,0,measured
5,2024-07-23,4.841,668.8,0,measured
5,2024-07-24,4.456,670.9,0,measured
5,2024-07-25,4.676,667.0,0,measured
5,2024-07-26,4.137,668.2,0,measured
5,2024-07-27,4.357,662.6,0,measured
5,2024-07-28,4.615,659.2,0,measured
5,2024-07-29,4.865,661.3,0,measured
5,2024-07-30,4.698,660.2,0,measured
5,2024-07-31,4.954,663.1,0,measured
5,2024-08-01,4.66,665.0,0,measured
5,2024-08-02,4.914,664.8,0,measured
5,2024-08-03,4.882,662.9,0,measured
5,2024-08-04,5.096,664.1,0,measured
5,2024-08-05,4.784,666.4,0,measured
5,2024-08-06,5.048,667.5,0,measured
5,2024-08-07,4.675,667.8,0,measured
5,2024-08-08,4.616,668.1,0,measured
5,2024-08-09,4.857,667.2,0,measured
5,2024-08-10,5.012,668.1,0,measured
5,2024-08-11,5.185,664.6,0,measured
5,2024-08-12,5.275,664.8,0,measured
5,2024-08-13,5.407,669.7,0,measured
5,2024-08-14,5.101,669.7,0,measured
5,2024-08-15,5.287,667.4,0,measured
5,2024-08-16,5.314,664.3,0,measured
5,2024-08-17,5.542,666.1,0,measured
5,2024-08-18,5.374,667.7,0,measured
5,2024-08-19,5.567,673.1,0,measured
5,2024-08-20,5.774,672.2,0,measured
5,2024-08-21,5.91,672.0,0,measured
5,2024-08-22,6.043,674.0,0,measured
5,2024-08-23,6.175,673.9,0,measured
5,2024-08-24,6.276,674.8,0,measured
5,2024-08-25,6.294,673.9,0,measured
5,2024-08-26,6.336,670.4,0,measured
5,2024-08-27,6.236,664.7,0,measured
5,2024-08-28,6.371,664.8,0,measured
5,2024-08-29,6.493,661.6,0,measured
5,2024-08-30,6.246,656.8,0,measured
5,2024-08-31,6.067,660.7,0,measured
5,2024-09-01,6.055,657.4,0,measured
5,2024-09-02,6.073,653.4,0,measured
5,2024-09-03,6.045,657.3,0,measured
5,2024-09-04,6.122,657.2,0,measured
5,2024-09-05,6.116,654.0,0,measured
5,2024-09-06,6.329,652.3,0,measured
5,2024-09-07,6.411,651.7,0,measured
5,2024-09-08,6.504,645.4,0,measured
5,2024-09-09,6.62,650.4,0,measured
5,2024-09-10,6.609,647.2,0,measured
5,2024-09-11,6.572,648.0,0,measured
5,2024-09-12,6.674,646.8,0,measured
5,2024-09-13,6.695,651.1,0,measured
5,2024-09-14,6.202,649.1,0,measured
5,2024-09-15,6.359,648.9,0,measured
5,2024-09-16,6.457,654.4,0,measured
5,2024-09-17,6.23,652.9,0,measured
5,2024-09-18,6.378,649.2,0,measured
5,2024-09-19,6.424,654.2,0,measured
5,2024-09-20,6.567,654.9,0,measured
5,2024-09-21,6.595,646.4,0,measured
5,2024-09-22,6.742,650.6,0,measured
5,2024-09-23,6.739,655.5,0,measured
5,2024-09-24,6.826,656.7,0,measured
5,2024-09-25,6.911,655.4,0,measured
5,2024-09-26,6.913,652.5,0,measured
5,2024-09-27,7.006,651.2,0,measured
5,2024-09-28,6.923,653.0,0,measured
5,2024-09-29,6.968,655.1,0,measured
5,2024-09-30,7.015,654.4,0,measured
5,2024-10-01,7.086,651.0,0,measured
5,2024-10-02,7.124,650.7,0,measured
5,2024-10-03,7.001,652.0,0,measured
5,2024-10-04,7.043,655.0,0,measured
5,2024-10-05,7.215,656.5,0,measured
5,2024-10-06,7.108,651.0,0,measured
5,2024-10-07,7.122,655.6,0,measured
5,2024-10-08,7.166,656.0,0,measured
5,2024-10-09,7.253,656.9,0,measured
5,2024-10-10,7.283,660.0,0,measured
5,2024-10-11,7.31,659.4,0,measured
5,2024-10-12,7.344,657.3,0,measured
5,2024-10-13,7.323,661.0,0,measured
5,2024-10-14,7.434,661.2,0,measured
5,2024-10-15,7.409,661.1,0,measured
5,2024-10-16,7.374,658.3,0,measured
5,2024-10-17,7.44,656.2,0,measured
5,2024-10-18,7.47,654.2,0,measured
5,2024-10-19,7.451,653.4,0,measured
5,2024-10-20,7.479,655.8,0,measured
5,2024-10-21,7.536,656.5,0,measured
5,2024-10-22,7.583,657.0,0,measured
5,2024-10-23,7.425,657.2,0,measured
5,2024-10-24,7.43,656.7,0,measured
5,2024-10-25,7.493,658.4,0,measured
5,2024-10-26,7.515,654.8,0,measured
5,2024-10-27,7.477,651.4,0,measured
5,2024-10-28,7.549,652.5,0,measured
5,2024-10-29,7.528,658.2,0,measured
5,2024-10-30,7.523,661.0,0,measured
5,2024-10-31,7.561,664.0,0,measured
5,2024-11-01,7.64,664.3,0,measured
5,2024-11-02,7.582,666.0,0,measured
5,2024-11-03,7.625,663.8,0,measured
5,2024-11-04,7.649,664.2,0,measured
5,2024-11-05,7.648,668.0,0,measured
5,2024-11-06,7.582,669.6,0,measured
5,2024-11-07,7.579,663.3,0,measured
5,2024-11-08,7.646,658.0,0,measured
5,2024-11-09,7.663,656.8,0,measured
5,2024-11-10,7.635,656.9,0,measured
5,2024-11-11,7.506,655.7,0,measured
5,2024-11-12,7.565,653.3,0,measured
5,2024-11-13,7.55,655.1,0,measured
5,2024-11-14,7.548,654.2,0,measured
5,2024-11-15,7.656,657.7,0,measured
5,2024-11-16,7.596,656.3,0,measured
5,2024-11-17,7.633,656.0,0,measured
5,2024-11-18,7.599,660.7,0,measured
5,2024-11-19,7.638,661.6,0,measured
5,2024-11-20,7.377,662.7,0,measured
5,2024-11-21,7.418,659.8,0,measured
5,2024-11-22,7.418,658.6,0,measured
5,2024-11-23,7.425,659.6,0,measured
5,2024-11-24,7.471,657.9,0,measured
5,2024-11-25,7.514,655.7,0,measured
5,2024-11-26,7.495,653.7,0,measured
5,2024-11-27,7.455,656.7,0,measured
5,2024-11-28,7.44,657.1,0,measured
5,2024-11-29,7.506,655.2,0,measured
5,2024-11-30,7.477,653.2,0,measured
5,2024-12-01,7.436,654.6,0,measured
5,2024-12-02,7.49,650.5,0,measured
5,2024-12-03,7.505,654.2,0,measured
5,2024-12-04,7.482,653.5,0,measured
5,2024-12-05,7.452,652.0,0,measured
5,2024-12-06,7.488,652.0,0,measured
5,2024-12-07,7.487,646.8,0,measured
5,2024-12-08,7.49,647.1,0,measured
5,2024-12-09,7.512,650.4,0,measured
5,2024-12-10,7.553,653.0,0,measured
5,2024-12-11,7.561,654.6,0,measured
5,2024-12-12,7.624,653.0,0,measured
5,2024-12-13,7.619,647.2,0,measured
5,2024-12-14,7.609,646.9,0,measured
5,2024-12-15,7.572,650.0,0,measured
5,2024-12-16,7.68,659.1,0,measured
5,2024-12-17,7.647,659.7,0,measured
5,2024-12-18,7.588,657.4,0,measured
5,2024-12-19,7.652,654.3,0,measured
5,2024-12-20,7.657,652.6,0,measured
5,2024-12-21,7.705,650.5,0,measured
5,2024-12-22,7.695,648.9,0,measured
5,2024-12-23,7.663,647.0,0,measured
5,2024-12-24,7.592,647.4,0,measured
5,2024-12-25,7.641,645.3,0,measured
5,2024-12-26,7.679,648.7,0,measured
5,2024-12-27,7.751,643.4,0,measured
5,2024-12-28,7.62,641.7,0,measured
5,2024-12-29,7.562,639.3,0,measured
5,2024-12-30,7.649,640.9,0,measured
5,2024-12-31,7.624,640.1,0,measured
5,2025-01-01,7.38,635.5,0,measured
5,2025-01-02,7.376,637.6,0,measured
5,2025-01-03,7.439,637.0,0,measured
5,2025-01-04,7.455,637.9,0,measured
5,2025-01-05,7.461,641.9,0,measured
5,2025-01-06,7.136,639.2,0,measured
5,2025-01-07,7.176,638.1,0,measured
5,2025-01-08,7.171,636.6,0,measured
5,2025-01-09,7.117,632.5,0,measured
5,2025-01-10,7.162,634.1,0,measured
5,2025-01-11,7.172,635.6,0,measured
5,2025-01-12,7.269,634.9,0,measured
5,2025-01-13,7.223,632.2,0,measured
5,2025-01-14,7.315,627.4,0,measured
5,2025-01-15,7.321,624.5,0,measured
5,2025-01-16,7.291,632.2,0,measured
5,2025-01-17,7.334,629.2,0,measured
5,2025-01-18,7.403,627.5,0,measured
5,2025-01-19,7.312,627.8,0,measured
5,2025-01-20,7.373,620.5,0,measured
5,2025-01-21,7.476,618.9,0,measured
5,2025-01-22,7.479,623.1,0,measured
5,2025-01-23,7.536,625.6,0,measured
5,2025-01-24,7.531,633.9,0,measured
5,2025-01-25,7.533,634.1,0,measured
5,2025-01-26,7.572,638.0,0,measured
5,2025-01-27,7.58,634.9,0,measured
5,2025-01-28,7.672,634.5,0,measured
5,2025-01-29,7.65,639.3,0,measured
5,2025-01-30,7.605,637.5,0,measured
5,2025-01-31,7.658,635.3,0,measured
5,2025-02-01,7.666,636.2,0,measured
5,2025-02-02,7.566,640.9,0,measured
5,2025-02-03,7.598,637.5,0,measured
5,2025-02-04,7.558,640.8,0,measured
5,2025-02-05,7.59,636.3,0,measured
5,2025-02-06,7.631,627.9,0,measured
5,2025-02-07,7.654,628.6,0,measured
5,2025-02-08,7.554,625.3,0,measured
5,2025-02-09,7.57,623.2,0,measured
5,2025-02-10,7.416,625.4,0,measured
5,2025-02-11,7.372,629.6,0,measured
5,2025-02-12,7.451,632.0,0,measured
5,2025-02-13,7.456,635.0,0,measured
5,2025-02-14,7.458,633.4,0,measured
5,2025-02-15,7.462,637.4,0,measured
5,2025-02-16,7.52,638.3,0,measured
5,2025-02-17,7.513,636.0,0,measured
5,2025-02-18,7.493,637.3,0,measured
5,2025-02-19,7.477,636.9,0,measured
5,2025-02-20,7.503,640.6,0,measured
5,2025-02-21,7.52,647.3,0,measured
5,2025-02-22,7.586,649.3,0,measured
5,2025-02-23,7.589,649.7,0,measured
5,2025-02-24,7.635,644.4,0,measured
5,2025-02-25,7.637,647.1,0,measured
5,2025-02-26,7.598,647.1,0,measured
5,2025-02-27,7.594,649.3,0,measured
5,2025-02-28,7.596,655.5,0,measured
5,2025-03-01,7.602,658.8,0,measured
5,2025-03-02,7.61,660.1,0,measured
5,2025-03-03,7.583,656.5,0,measured
5,2025-03-04,7.584,657.7,0,measured
5,2025-03-05,7.629,651.0,0,measured
5,2025-03-06,7.623,649.7,0,measured
5,2025-03-07,7.694,651.9,0,measured
5,2025-03-08,7.623,650.7,0,measured
5,2025-03-09,7.639,649.0,0,measured
5,2025-03-10,7.67,651.9,0,measured
5,2025-03-11,7.622,652.9,0,measured
5,2025-03-12,7.667,654.0,0,measured
5,2025-03-13,7.666,658.8,0,measured
5,2025-03-14,7.738,659.6,0,measured
5,2025-03-15,7.704,658.9,0,measured
5,2025-03-16,7.664,658.5,0,measured
5,2025-03-17,7.752,655.8,0,measured
5,2025-03-18,7.726,653.5,0,measured
5,2025-03-19,7.685,654.1,0,measured
5,2025-03-20,7.666,654.3,0,measured
5,2025-03-21,7.691,656.4,0,measured
5,2025-03-22,7.619,658.1,0,measured
5,2025-03-23,7.725,660.2,0,measured
5,2025-03-24,7.679,659.0,0,measured
5,2025-03-25,7.574,659.1,0,measured
5,2025-03-26,7.605,663.0,0,measured
5,2025-03-27,7.624,662.0,0,measured
5,2025-03-28,7.535,660.8,0,measured
5,2025-03-29,7.529,660.0,0,measured
5,2025-03-30,7.528,657.3,0,measured
5,2025-03-31,7.577,655.1,0,measured
5,2025-04-01,7.557,656.7,0,measured
5,2025-04-02,7.637,661.2,0,measured
5,2025-04-03,7.47,668.0,0,measured
5,2025-04-04,7.433,662.2,0,measured
5,2025-04-05,7.458,663.4,0,measured
5,2025-04-06,7.443,661.5,0,measured
5,2025-04-07,7.347,659.6,0,measured
5,2025-04-08,7.392,657.8,0,measured
5,2025-04-09,7.363,654.9,0,measured
5,2025-04-10,7.404,654.0,0,measured
5,2025-04-11,7.419,653.7,0,measured
5,2025-04-12,7.447,651.8,0,measured
5,2025-04-13,7.477,657.2,0,measured
5,2025-04-14,7.444,660.8,0,measured
5,2025-04-15,7.354,662.5,0,measured
5,2025-04-16,7.313,662.8,0,measured
5,2025-04-17,7.378,662.3,0,measured
5,2025-04-18,7.29,658.5,0,measured
5,2025-04-19,7.258,660.1,0,measured
5,2025-04-20,7.381,659.1,0,measured
5,2025-04-21,6.938,660.7,0,measured
5,2025-04-22,7.035,660.4,0,measured
5,2025-04-23,6.97,661.0,0,measured
5,2025-04-24,6.989,666.4,0,measured
5,2025-04-25,7.094,668.4,0,measured
5,2025-04-26,7.004,669.3,0,measured
5,2025-04-27,7.046,667.5,0,measured
5,2025-04-28,7.129,669.1,0,measured
5,2025-04-29,6.945,670.8,0,measured
5,2025-04-30,6.949,668.9,0,measured
5,2025-05-01,6.881,667.5,0,measured
5,2025-05-02,6.937,668.2,0,measured
5,2025-05-03,7.012,671.0,0,measured
5,2025-05-04,7.052,667.1,0,measured
5,2025-05-05,7.156,666.9,0,measured
5,2025-05-06,7.234,663.2,0,measured
5,2025-05-07,7.229,662.8,0,measured
5,2025-05-08,7.299,665.8,0,measured
5,2025-05-09,7.277,665.4,0,measured
5,2025-05-10,7.205,665.6,0,measured
5,2025-05-11,7.228,668.0,0,measured
5,2025-05-12,7.326,667.9,0,measured
5,2025-05-13,7.231,667.5,0,measured
5,2025-05-14,7.288,672.5,0,measured
5,2025-05-15,7.191,669.3,0,measured
5,2025-05-16,7.277,666.2,0,measured
5,2025-05-17,7.258,661.0,0,measured
5,2025-05-18,7.34,655.2,0,measured
5,2025-05-19,7.37,659.3,0,measured
5,2025-05-20,7.381,660.1,0,measured
5,2025-05-21,7.068,660.4,0,measured
5,2025-05-22,7.112,663.2,0,measured
5,2025-05-23,7.195,663.4,0,measured
5,2025-05-24,7.242,666.0,0,measured
5,2025-05-25,7.192,667.4,0,measured
5,2025-05-26,7.234,669.0,0,measured
5,2025-05-27,6.531,662.6,0,measured
5,2025-05-28,6.618,668.3,0,measured
5,2025-05-29,6.688,671.0,0,measured
5,2025-05-30,6.819,671.5,0,measured
5,2025-05-31,6.85,674.0,0,measured
5,2025-06-01,6.969,676.7,0,measured
5,2025-06-02,6.579,676.5,0,measured
5,2025-06-03,6.36,672.7,0,measured
5,2025-06-04,6.229,671.0,0,measured
5,2025-06-05,6.289,669.8,0,measured
5,2025-06-06,6.434,664.5,0,measured
5,2025-06-07,6.498,663.4,0,measured
5,2025-06-08,6.622,666.4,0,measured
5,2025-06-09,6.575,667.5,0,measured
5,2025-06-10,6.066,669.6,0,measured
5,2025-06-11,6.26,662.9,0,measured
5,2025-06-12,6.367,663.4,0,measured
5,2025-06-13,6.32,667.0,0,measured
5,2025-06-14,6.465,663.1,0,measured
5,2025-06-15,6.583,665.8,0,measured
5,2025-06-16,6.507,665.7,0,measured
5,2025-06-17,5.774,667.1,0,measured
5,2025-06-18,5.665,668.1,0,measured
5,2025-06-19,5.221,664.5,0,measured
5,2025-06-20,5.218,666.5,0,measured
5,2025-06-21,5.365,666.3,0,measured
5,2025-06-22,5.68,665.8,0,measured
5,2025-06-23,5.743,661.2,0,measured
5,2025-06-24,5.51,662.5,0,measured
5,2025-06-25,5.463,663.6,0,measured
5,2025-06-26,5.361,662.2,0,measured
5,2025-06-27,4.753,665.3,0,measured
5,2025-06-28,4.763,662.7,0,measured
5,2025-06-29,4.153,662.7,0,measured
5,2025-06-30,4.466,659.3,0,measured
5,2025-07-01,4.345,657.1,0,measured
5,2025-07-02,3.562,649.0,0,measured
5,2025-07-03,3.712,653.3,0,measured
5,2025-07-04,3.902,656.5,0,measured
5,2025-07-05,4.176,661.2,0,measured
5,2025-07-06,4.076,658.2,0,measured
5,2025-07-07,4.372,661.4,0,measured
5,2025-07-08,4.618,658.0,0,measured
5,2025-07-09,4.436,655.2,0,measured
5,2025-07-10,4.569,652.9,0,measured
5,2025-07-11,4.801,657.2,0,measured
5,2025-07-12,4.528,655.0,0,measured
5,2025-07-13,4.661,650.5,0,measured
5,2025-07-14,4.902,652.0,0,measured
5,2025-07-15,4.917,649.7,0,measured
5,2025-07-16,5.203,651.5,0,measured
5,2025-07-17,4.804,652.7,0,measured
5,2025-07-18,4.939,654.7,0,measured
5,2025-07-19,4.993,657.3,0,measured
5,2025-07-20,5.239,658.1,0,measured
5,2025-07-21,5.299,660.9,0,measured
5,2025-07-22,5.549,656.0,0,measured
5,2025-07-23,5.473,653.0,0,measured
5,2025-07-24,5.503,656.4,0,measured
5,2025-07-25,5.696,655.3,0,measured
5,2025-07-26,5.493,654.0,0,measured
5,2025-07-27,5.189,655.6,0,measured
5,2025-07-28,5.227,654.7,0,measured
5,2025-07-29,4.635,654.6,0,measured
5,2025-07-30,4.411,659.7,0,measured
5,2025-07-31,4.668,660.6,0,measured
5,2025-08-01,4.69,657.5,0,measured
5,2025-08-02,4.941,658.1,0,measured
5,2025-08-03,4.934,656.8,0,measured
5,2025-08-04,4.735,651.4,0,measured
5,2025-08-05,4.385,653.6,0,measured
5,2025-08-06,4.558,655.2,0,measured
5,2025-08-07,4.78,655.7,0,measured
5,2025-08-08,4.901,653.7,0,measured
5,2025-08-09,5.099,655.1,0,measured
5,2025-08-10,5.377,650.8,0,measured
5,2025-08-11,4.281,651.2,0,measured
5,2025-08-12,4.566,648.9,0,measured
5,2025-08-13,4.533,645.6,0,measured
5,2025-08-14,4.406,645.9,0,measured
5,2025-08-15,4.715,644.5,0,measured
5,2025-08-16,4.925,646.8,0,measured
5,2025-08-17,5.202,648.2,0,measured
5,2025-08-18,5.405,645.3,0,measured
5,2025-08-19,5.395,642.3,0,measured
5,2025-08-20,5.42,644.6,0,measured
5,2025-08-21,5.417,641.0,0,measured
5,2025-08-22,5.387,641.3,0,measured
5,2025-08-23,5.555,638.6,0,measured
5,2025-08-24,5.632,638.0,0,measured
5,2025-08-25,5.795,634.3,0,measured
5,2025-08-26,5.563,636.1,0,measured
5,2025-08-27,5.609,637.3,0,measured
5,2025-08-28,5.874,638.9,0,measured
5,2025-08-29,5.996,636.8,0,measured
5,2025-08-30,6.125,640.7,0,measured
5,2025-08-31,6.273,642.2,0,measured
5,2025-09-01,6.366,643.6,0,measured
5,2025-09-02,6.425,639.9,0,measured
5,2025-09-03,6.249,644.4,0,measured
5,2025-09-04,6.375,648.6,0,measured
5,2025-09-05,6.542,650.7,0,measured
5,2025-09-06,6.649,657.7,0,measured
5,2025-09-07,6.721,664.2,0,measured
5,2025-09-08,6.814,665.9,0,measured
5,2025-09-09,6.67,658.7,0,measured
5,2025-09-10,6.528,654.5,0,measured
5,2025-09-11,6.565,655.4,0,measured
5,2025-09-12,6.66,656.3,0,measured
5,2025-09-13,6.554,656.4,0,measured
5,2025-09-14,6.689,656.5,0,measured
5,2025-09-15,6.72,663.4,0,measured
5,2025-09-16,6.81,664.3,0,measured
5,2025-09-17,6.831,662.0,0,measured
5,2025-09-18,6.951,661.7,0,measured
5,2025-09-19,7.005,660.9,0,measured
5,2025-09-20,7.089,658.7,0,measured
5,2025-09-21,6.73,658.0,0,measured
5,2025-09-22,6.881,651.5,0,measured
5,2025-09-23,6.889,649.3,0,measured
5,2025-09-24,6.962,650.9,0,measured
5,2025-09-25,6.937,654.8,0,measured
5,2025-09-26,6.8,654.9,0,measured
5,2025-09-27,6.867,656.7,0,measured
5,2025-09-28,6.931,652.4,0,measured
5,2025-09-29,6.811,649.2,0,measured
5,2025-09-30,6.788,651.3,0,measured
5,2025-10-01,6.797,650.0,0,measured
5,2025-10-02,6.888,657.2,0,measured
5,2025-10-03,6.967,655.6,0,measured
5,2025-10-04,6.977,654.7,0,measured
5,2025-10-05,7.069,661.9,0,measured
5,2025-10-06,7.143,656.0,0,measured
5,2025-10-07,7.206,659.7,0,measured
5,2025-10-08,7.162,659.3,0,measured
5,2025-10-09,7.284,657.3,0,measured
5,2025-10-10,7.203,661.6,0,measured
5,2025-10-11,7.324,665.0,0,measured
5,2025-10-12,7.377,667.4,0,measured
5,2025-10-13,7.384,666.8,0,measured
5,2025-10-14,7.414,663.2,0,measured
5,2025-10-15,7.509,658.0,0,measured
5,2025-10-16,7.478,663.9,0,measured
5,2025-10-17,7.451,657.5,0,measured
5,2025-10-18,7.482,656.8,0,measured
5,2025-10-19,7.512,663.8,0,measured
5,2025-10-20,7.566,661.9,0,measured
5,2025-10-21,7.509,660.0,0,measured
5,2025-10-22,7.557,658.0,0,measured
5,2025-10-23,7.582,658.5,0,measured
5,2025-10-24,7.562,656.5,0,measured
5,2025-10-25,7.659,658.5,0,measured
5,2025-10-26,7.63,657.7,0,measured
5,2025-10-27,7.524,659.3,0,measured
5,2025-10-28,7.522,656.3,0,measured
5,2025-10-29,7.525,657.0,0,measured
5,2025-10-30,7.603,657.1,0,measured
5,2025-10-31,7.64,661.5,0,measured
5,2025-11-01,7.618,659.2,0,measured
5,2025-11-02,7.469,659.0,0,measured
5,2025-11-03,7.494,659.4,0,measured
5,2025-11-04,7.506,653.8,0,measured
5,2025-11-05,7.53,653.9,0,measured
5,2025-11-06,7.573,656.2,0,measured
5,2025-11-07,7.626,652.8,0,measured
5,2025-11-08,7.656,653.7,0,measured
5,2025-11-09,7.672,654.4,0,measured
5,2025-11-10,7.679,654.1,0,measured
5,2025-11-11,7.686,659.6,0,measured
5,2025-11-12,7.732,656.3,0,measured
5,2025-11-13,7.735,658.1,0,measured
5,2025-11-14,7.747,657.9,0,measured
5,2025-11-15,7.78,662.2,0,measured
5,2025-11-16,7.675,660.5,0,measured
5,2025-11-17,7.527,659.9,0,measured
5,2025-11-18,7.578,655.7,0,measured
5,2025-11-19,7.631,655.8,0,measured
5,2025-11-20,7.617,655.3,0,measured
5,2025-11-21,7.676,657.0,0,measured
5,2025-11-22,7.69,659.8,0,measured
5,2025-11-23,7.57,655.4,0,measured
5,2025-11-24,7.563,658.2,0,measured
5,2025-11-25,7.642,660.9,0,measured
5,2025-11-26,7.62,660.6,0,measured
5,2025-11-27,7.589,659.9,0,measured
5,2025-11-28,7.677,659.0,0,measured
5,2025-11-29,7.696,660.3,0,measured
5,2025-11-30,7.688,661.3,0,measured
5,2025-12-01,7.569,664.7,0,measured
5,2025-12-02,7.577,664.6,0,measured
5,2025-12-03,7.697,663.6,0,measured
5,2025-12-04,7.533,663.0,0,measured
5,2025-12-05,7.576,662.5,0,measured
5,2025-12-06,7.634,662.9,0,measured
5,2025-12-07,7.633,658.9,0,measured
5,2025-12-08,7.653,657.0,0,measured
5,2025-12-09,7.647,658.2,0,measured
5,2025-12-10,7.702,655.4,0,measured
5,2025-12-11,7.686,656.1,0,measured
5,2025-12-12,7.687,652.2,0,measured
5,2025-12-13,7.711,653.7,0,measured
5,2025-12-14,7.734,655.0,0,measured
5,2025-12-15,7.736,653.9,0,measured
5,2025-12-16,7.757,652.5,0,measured
5,2025-12-17,7.763,654.7,0,measured
5,2025-12-18,7.725,652.6,0,measured
5,2025-12-19,7.688,651.7,0,measured
5,2025-12-20,7.742,648.2,0,measured
5,2025-12-21,7.726,648.2,0,measured
5,2025-12-22,7.61,648.2,0,measured
5,2025-12-23,7.47,650.9,0,measured
5,2025-12-24,7.52,655.7,0,measured
5,2025-12-25,7.52,652.4,0,measured
5,2025-12-26,7.543,647.6,0,measured
5,2025-12-27,7.595,641.4,0,measured
5,2025-12-28,7.605,639.5,0,measured
5,2025-12-29,7.608,640.4,0,measured
5,2025-12-30,7.643,640.1,0,measured
5,2025-12-31,7.727,639.7,0,measured
5,2026-01-01,7.67,642.7,0,measured
5,2026-01-02,7.697,642.3,0,measured
5,2026-01-03,7.728,645.4,0,measured
5,2026-01-04,7.74,647.0,0,measured
5,2026-01-05,7.709,651.6,0,measured
5,2026-01-06,7.551,654.1,0,measured
5,2026-01-07,7.558,654.6,0,measured
5,2026-01-08,7.594,649.9,0,measured
5,2026-01-09,7.652,649.6,0,measured
5,2026-01-10,7.669,651.3,0,measured
5,2026-01-11,7.631,650.3,0,measured
5,2026-01-12,7.652,649.4,0,measured
5,2026-01-13,7.678,644.8,0,measured
5,2026-01-14,7.648,647.0,0,measured
5,2026-01-15,7.687,649.3,0,measured
5,2026-01-16,7.701,649.0,0,measured
5,2026-01-17,7.662,649.8,0,measured
5,2026-01-18,7.751,649.9,0,measured
5,2026-01-19,7.702,650.5,0,measured
5,2026-01-20,7.738,647.1,0,measured
5,2026-01-21,7.762,649.0,0,measured
5,2026-01-22,7.777,647.6,0,measured
5,2026-01-23,7.797,647.4,0,measured
5,2026-01-24,7.832,645.6,0,measured
5,2026-01-25,7.787,648.7,0,measured
5,2026-01-26,7.78,645.7,0,measured
5,2026-01-27,7.802,644.1,0,measured
5,2026-01-28,7.858,642.1,0,measured
5,2026-01-29,7.814,640.5,0,measured
5,2026-01-30,7.811,646.6,0,measured
5,2026-01-31,7.788,645.4,0,measured
5,2026-02-01,7.768,642.7,0,measured
5,2026-02-02,7.791,642.7,0,measured
5,2026-02-03,7.837,643.8,0,measured
5,2026-02-04,7.783,642.6,0,measured
5,2026-02-05,7.801,640.9,0,measured
5,2026-02-06,7.879,644.6,0,measured
5,2026-02-07,7.82,644.0,0,measured
5,2026-02-08,7.857,643.8,0,measured
5,2026-02-09,7.868,645.9,0,measured
5,2026-02-10,7.857,649.1,0,measured
5,2026-02-11,7.832,651.2,0,measured
5,2026-02-12,7.881,646.0,0,measured
5,2026-02-13,7.843,644.5,0,measured
5,2026-02-14,7.842,645.9,0,measured
5,2026-02-15,7.896,645.6,0,measured
5,2026-02-16,7.899,643.6,0,measured
5,2026-02-17,7.844,643.0,0,measured
5,2026-02-18,7.886,647.0,0,measured
5,2026-02-19,7.842,652.4,0,measured
5,2026-02-20,7.886,657.5,0,measured
5,2026-02-21,7.864,655.9,0,measured
5,2026-02-22,7.734,650.8,0,measured
5,2026-02-23,7.596,652.4,0,measured
5,2026-02-24,7.689,653.1,0,measured
5,2026-02-25,7.615,655.7,0,measured
5,2026-02-26,7.663,655.3,0,measured
5,2026-02-27,7.646,655.2,0,measured
5,2026-02-28,7.663,653.6,0,measured
5,2026-03-01,7.494,647.9,0,measured
5,2026-03-02,7.62,650.6,0,measured
5,2026-03-03,7.577,650.3,0,measured
5,2026-03-04,7.587,648.1,0,measured
5,2026-03-05,7.572,649.3,0,measured
5,2026-03-06,7.625,652.0,0,measured
5,2026-03-07,7.585,653.2,0,measured
5,2026-03-08,7.608,649.7,0,measured
5,2026-03-09,7.566,645.5,0,measured
5,2026-03-10,7.668,647.3,0,measured
5,2026-03-11,7.722,645.3,0,measured
5,2026-03-12,7.679,640.6,0,measured
5,2026-03-13,7.698,642.2,0,measured
5,2026-03-14,7.756,641.2,0,measured
5,2026-03-15,7.751,642.1,0,measured
5,2026-03-16,7.752,639.9,0,measured
5,2026-03-17,7.713,635.2,0,measured
5,2026-03-18,7.802,637.0,0,measured
5,2026-03-19,7.819,630.6,0,measured
5,2026-03-20,7.826,626.3,0,measured
5,2026-03-21,7.815,626.2,0,measured
5,2026-03-22,7.827,626.6,0,measured
5,2026-03-23,7.806,626.7,0,measured
5,2026-03-24,7.889,628.5,0,measured
5,2026-03-25,7.878,628.2,0,measured
5,2026-03-26,7.825,625.8,0,measured
5,2026-03-27,7.83,626.0,0,measured
5,2026-03-28,7.823,626.8,0,measured
5,2026-03-29,7.82,627.8,0,measured
5,2026-03-30,7.724,629.7,0,measured
5,2026-03-31,7.729,629.3,0,measured
5,2026-04-01,7.707,629.3,0,measured
5,2026-04-02,7.723,626.7,0,measured
5,2026-04-03,7.743,626.7,0,measured
5,2026-04-04,7.784,625.3,0,measured
5,2026-04-05,7.712,623.9,0,measured
5,2026-04-06,7.803,625.4,0,measured
5,2026-04-07,7.75,623.2,0,measured
5,2026-04-08,7.725,623.9,0,measured
5,2026-04-09,7.724,623.4,0,measured
5,2026-04-10,7.784,623.6,0,measured
5,2026-04-11,7.315,628.2,0,measured
5,2026-04-12,7.311,631.3,0,measured
5,2026-04-13,7.213,635.3,0,measured
5,2026-04-14,7.234,636.2,0,measured
5,2026-04-15,7.269,638.9,0,measured
5,2026-04-16,7.321,634.3,0,measured
5,2026-04-17,7.353,637.0,0,measured
5,2026-04-18,7.372,643.6,0,measured
5,2026-04-19,7.388,647.3,0,measured
5,2026-04-20,7.334,643.5,0,measured
5,2026-04-21,7.36,645.4,0,measured
5,2026-04-22,7.412,649.0,0,measured
5,2026-04-23,7.207,643.0,0,measured
5,2026-04-24,7.29,641.6,0,measured
5,2026-04-25,7.283,640.1,0,measured
5,2026-04-26,7.333,640.3,0,measured
5,2026-04-27,7.319,639.7,0,measured
5,2026-04-28,7.356,644.2,0,measured
5,2026-04-29,7.35,648.0,0,measured
5,2026-04-30,7.451,648.6,0,measured
5,2026-05-01,7.508,647.2,0,measured
5,2026-05-02,7.107,644.1,0,measured
5,2026-05-03,7.181,647.9,0,measured
5,2026-05-04,7.097,650.9,0,measured
5,2026-05-05,7.089,654.9,0,measured
5,2026-05-06,7.098,658.1,0,measured
5,2026-05-07,7.244,658.9,0,measured
5,2026-05-08,7.131,660.9,0,measured
5,2026-05-09,7.193,666.4,0,measured
5,2026-05-10,6.651,664.3,0,measured
5,2026-05-11,6.509,669.5,0,measured
5,2026-05-12,6.611,675.6,0,measured
5,2026-05-13,6.765,684.1,0,measured
5,2026-05-14,6.838,687.2,0,measured
5,2026-05-15,6.799,693.5,0,measured
5,2026-05-16,6.81,697.0,0,measured
5,2026-05-17,6.942,698.7,0,measured
5,2026-05-18,6.946,700.7,0,measured
5,2026-05-19,6.993,711.0,0,measured
5,2026-05-20,6.743,716.5,0,measured
5,2026-05-21,6.862,719.4,0,measured
5,2026-05-22,6.969,726.8,0,measured
5,2026-05-23,7.048,733.9,0,measured
5,2026-05-24,7.024,736.4,0,measured
5,2026-05-25,7.091,741.2,0,measured
5,2026-05-26,7.171,747.6,0,measured
5,2026-05-27,6.884,752.6,0,measured
5,2026-05-28,6.606,761.0,0,measured
5,2026-05-29,6.672,762.6,0,measured
5,2026-05-30,6.808,768.1,0,measured
5,2026-05-31,6.477,772.1,0,measured
5,2026-06-01,6.437,773.0,0,measured
5,2026-06-02,6.432,771.5,0,measured
5,2026-06-03,5.901,774.3,0,measured
5,2026-06-04,6.061,775.6,0,measured
6,2023-06-06,7.995,647.4,0,measured
6,2023-06-07,7.816,648.5,0,measured
6,2023-06-08,7.451,649.9,0,measured
6,2023-06-09,7.507,651.3,0,measured
6,2023-06-10,7.563,649.2,0,measured
6,2023-06-11,7.366,650.8,0,measured
6,2023-06-12,7.262,652.0,0,measured
6,2023-06-13,7.176,648.0,0,measured
6,2023-06-14,6.97,649.7,0,measured
6,2023-06-15,7.016,650.9,0,measured
6,2023-06-16,6.814,646.7,0,measured
6,2023-06-17,6.897,644.4,0,measured
6,2023-06-18,6.466,643.3,0,measured
6,2023-06-19,6.568,640.6,0,measured
6,2023-06-20,6.564,643.1,0,measured
6,2023-06-21,6.708,642.2,0,measured
6,2023-06-22,6.674,639.9,0,measured
6,2023-06-23,6.244,634.0,0,measured
6,2023-06-24,6.382,634.1,0,measured
6,2023-06-25,6.488,641.5,0,measured
6,2023-06-26,6.583,641.7,0,measured
6,2023-06-27,5.743,646.3,0,measured
6,2023-06-28,5.607,648.9,0,measured
6,2023-06-29,5.813,645.3,0,measured
6,2023-06-30,5.997,645.8,0,measured
6,2023-07-01,6.157,644.9,0,measured
6,2023-07-02,6.251,644.3,0,measured
6,2023-07-03,6.429,652.8,0,measured
6,2023-07-04,6.406,657.7,0,measured
6,2023-07-05,6.399,659.3,0,measured
6,2023-07-06,6.364,653.7,0,measured
6,2023-07-07,6.19,651.9,0,measured
6,2023-07-08,6.076,649.9,0,measured
6,2023-07-09,5.983,652.6,0,measured
6,2023-07-10,6.136,655.0,0,measured
6,2023-07-11,6.287,653.6,0,measured
6,2023-07-12,6.453,658.7,0,measured
6,2023-07-13,6.177,663.9,0,measured
6,2023-07-14,6.057,657.9,0,measured
6,2023-07-15,6.181,658.2,0,measured
6,2023-07-16,6.367,662.5,0,measured
6,2023-07-17,6.502,665.3,0,measured
6,2023-07-18,6.593,664.5,0,measured
6,2023-07-19,6.74,667.0,0,measured
6,2023-07-20,6.874,668.4,0,measured
6,2023-07-21,6.819,669.2,0,measured
6,2023-07-22,6.752,668.7,0,measured
6,2023-07-23,5.952,666.4,0,measured
6,2023-07-24,6.16,665.2,0,measured
6,2023-07-25,5.968,661.1,0,measured
6,2023-07-26,5.462,660.9,0,measured
6,2023-07-27,5.44,657.3,0,measured
6,2023-07-28,5.329,657.1,0,measured
6,2023-07-29,5.242,655.8,0,measured
6,2023-07-30,5.428,659.6,0,measured
6,2023-07-31,5.523,657.2,0,measured
6,2023-08-01,5.726,655.2,0,measured
6,2023-08-02,5.74,657.1,0,measured
6,2023-08-03,5.815,657.5,0,measured
6,2023-08-04,5.942,661.0,0,measured
6,2023-08-05,6.12,659.9,0,measured
6,2023-08-06,6.2,662.4,0,measured
6,2023-08-07,4.978,663.1,0,measured
6,2023-08-08,5.218,665.8,0,measured
6,2023-08-09,5.412,666.4,0,measured
6,2023-08-10,5.689,667.6,0,measured
6,2023-08-11,5.49,667.6,0,measured
6,2023-08-12,5.668,671.2,0,measured
6,2023-08-13,5.901,671.3,0,measured
6,2023-08-14,5.689,671.7,0,measured
6,2023-08-15,5.663,667.0,0,measured
6,2023-08-16,5.141,668.6,0,measured
6,2023-08-17,5.365,667.3,0,measured
6,2023-08-18,5.347,666.8,0,measured
6,2023-08-19,4.958,665.3,0,measured
6,2023-08-20,5.232,668.2,0,measured
6,2023-08-21,5.105,666.2,0,measured
6,2023-08-22,5.376,669.5,0,measured
6,2023-08-23,5.243,672.7,0,measured
6,2023-08-24,5.441,672.3,0,measured
6,2023-08-25,5.602,667.7,0,measured
6,2023-08-26,5.831,667.1,0,measured
6,2023-08-27,5.872,668.2,0,measured
6,2023-08-28,5.438,670.2,0,measured
6,2023-08-29,5.642,670.4,0,measured
6,2023-08-30,5.841,672.1,0,measured
6,2023-08-31,5.891,675.2,0,measured
6,2023-09-01,6.151,677.9,0,measured
6,2023-09-02,6.322,679.3,0,measured
6,2023-09-03,6.239,678.6,0,measured
6,2023-09-04,6.015,676.2,0,measured
6,2023-09-05,6.175,670.0,0,measured
6,2023-09-06,6.161,670.8,0,measured
6,2023-09-07,6.333,669.9,0,measured
6,2023-09-08,6.101,672.7,0,measured
6,2023-09-09,6.299,675.6,0,measured
6,2023-09-10,6.163,677.4,0,measured
6,2023-09-11,6.37,675.6,0,measured
6,2023-09-12,6.399,674.8,0,measured
6,2023-09-13,6.468,676.3,0,measured
6,2023-09-14,6.603,682.9,0,measured
6,2023-09-15,6.698,686.1,0,measured
6,2023-09-16,6.88,688.7,0,measured
6,2023-09-17,6.836,687.2,0,measured
6,2023-09-18,6.83,686.0,0,measured
6,2023-09-19,6.762,681.5,0,measured
6,2023-09-20,6.689,682.2,0,measured
6,2023-09-21,6.501,683.7,0,measured
6,2023-09-22,6.592,683.1,0,measured
6,2023-09-23,6.662,682.7,0,measured
6,2023-09-24,6.784,684.8,0,measured
6,2023-09-25,6.866,682.4,0,measured
6,2023-09-26,6.976,681.3,0,measured
6,2023-09-27,7.089,682.3,0,measured
6,2023-09-28,7.14,681.7,0,measured
6,2023-09-29,7.189,674.3,0,measured
6,2023-09-30,7.235,670.2,0,measured
6,2023-10-01,7.316,667.0,0,measured
6,2023-10-02,7.33,668.6,0,measured
6,2023-10-03,7.445,664.8,0,measured
6,2023-10-04,7.495,660.5,0,measured
6,2023-10-05,7.514,658.9,0,measured
6,2023-10-06,7.529,658.0,0,measured
6,2023-10-07,7.613,653.5,0,measured
6,2023-10-08,7.562,656.3,0,measured
6,2023-10-09,7.617,657.4,0,measured
6,2023-10-10,7.662,655.3,0,measured
6,2023-10-11,7.719,654.2,0,measured
6,2023-10-12,7.702,662.0,0,measured
6,2023-10-13,7.759,663.2,0,measured
6,2023-10-14,7.75,668.1,0,measured
6,2023-10-15,7.621,669.6,0,measured
6,2023-10-16,7.607,666.5,0,measured
6,2023-10-17,7.657,670.6,0,measured
6,2023-10-18,7.669,666.2,0,measured
6,2023-10-19,7.129,664.2,0,measured
6,2023-10-20,7.142,666.8,0,measured
6,2023-10-21,7.279,674.4,0,measured
6,2023-10-22,7.375,674.9,0,measured
6,2023-10-23,7.343,670.7,0,measured
6,2023-10-24,7.386,668.4,0,measured
6,2023-10-25,7.433,664.2,0,measured
6,2023-10-26,7.44,665.1,0,measured
6,2023-10-27,7.487,665.2,0,measured
6,2023-10-28,7.549,666.6,0,measured
6,2023-10-29,7.565,667.3,0,measured
6,2023-10-30,7.604,669.7,0,measured
6,2023-10-31,7.633,665.9,0,measured
6,2023-11-01,7.705,662.2,0,measured
6,2023-11-02,7.686,659.3,0,measured
6,2023-11-03,7.71,658.5,0,measured
6,2023-11-04,7.76,661.7,0,measured
6,2023-11-05,7.748,662.6,0,measured
6,2023-11-06,7.714,667.3,0,measured
6,2023-11-07,7.762,665.6,0,measured
6,2023-11-08,7.833,669.4,0,measured
6,2023-11-09,7.81,670.7,0,measured
6,2023-11-10,7.852,671.5,0,measured
6,2023-11-11,7.778,674.4,0,measured
6,2023-11-12,7.832,672.2,0,measured
6,2023-11-13,7.598,669.7,0,measured
6,2023-11-14,7.598,669.3,0,measured
6,2023-11-15,7.69,670.7,0,measured
6,2023-11-16,7.664,668.5,0,measured
6,2023-11-17,7.675,673.1,0,measured
6,2023-11-18,7.721,673.3,0,measured
6,2023-11-19,7.657,668.7,0,measured
6,2023-11-20,7.668,672.9,0,measured
6,2023-11-21,7.755,670.1,0,measured
6,2023-11-22,7.79,665.7,0,measured
6,2023-11-23,7.819,669.2,0,measured
6,2023-11-24,7.837,674.6,0,measured
6,2023-11-25,7.769,676.2,0,measured
6,2023-11-26,7.716,675.5,0,measured
6,2023-11-27,7.793,673.3,0,measured
6,2023-11-28,7.772,677.4,0,measured
6,2023-11-29,7.807,675.1,0,measured
6,2023-11-30,7.805,673.5,0,measured
6,2023-12-01,7.799,665.2,0,measured
6,2023-12-02,7.79,667.9,0,measured
6,2023-12-03,7.86,664.4,0,measured
6,2023-12-04,7.833,661.4,0,measured
6,2023-12-05,7.871,660.2,0,measured
6,2023-12-06,7.883,658.5,0,measured
6,2023-12-07,7.884,661.9,0,measured
6,2023-12-08,7.886,663.1,0,measured
6,2023-12-09,7.973,663.2,0,measured
6,2023-12-10,7.777,660.4,0,measured
6,2023-12-11,7.797,659.7,0,measured
6,2023-12-12,7.814,662.3,0,measured
6,2023-12-13,7.854,666.8,0,measured
6,2023-12-14,7.821,667.2,0,measured
6,2023-12-15,7.753,666.2,0,measured
6,2023-12-16,7.781,659.8,0,measured
6,2023-12-17,7.779,657.9,0,measured
6,2023-12-18,7.828,654.5,0,measured
6,2023-12-19,7.845,654.6,0,measured
6,2023-12-20,7.802,655.6,0,measured
6,2023-12-21,7.825,657.2,0,measured
6,2023-12-22,7.861,658.2,0,measured
6,2023-12-23,7.876,660.5,0,measured
6,2023-12-24,7.797,659.4,0,measured
6,2023-12-25,7.818,666.9,0,measured
6,2023-12-26,7.796,668.9,0,measured
6,2023-12-27,7.877,670.8,0,measured
6,2023-12-28,7.847,672.5,0,measured
6,2023-12-29,7.867,674.5,0,measured
6,2023-12-30,7.878,667.6,0,measured
6,2023-12-31,7.77,669.1,0,measured
6,2024-01-01,7.791,671.2,0,measured
6,2024-01-02,7.832,670.7,0,measured
6,2024-01-03,7.827,665.7,0,measured
6,2024-01-04,7.862,671.1,0,measured
6,2024-01-05,7.838,673.2,0,measured
6,2024-01-06,7.837,675.0,0,measured
6,2024-01-07,7.925,671.6,0,measured
6,2024-01-08,7.933,668.4,0,measured
6,2024-01-09,7.926,668.0,0,measured
6,2024-01-10,7.992,671.0,0,measured
6,2024-01-11,7.922,672.4,0,measured
6,2024-01-12,7.936,671.4,0,measured
6,2024-01-13,7.975,668.9,0,measured
6,2024-01-14,7.992,670.6,0,measured
6,2024-01-15,8.02,667.4,0,measured
6,2024-01-16,7.983,667.6,0,measured
6,2024-01-17,7.988,664.9,0,measured
6,2024-01-18,7.979,666.9,0,measured
6,2024-01-19,7.901,666.3,0,measured
6,2024-01-20,7.905,669.5,0,measured
6,2024-01-21,7.904,665.0,0,measured
6,2024-01-22,7.961,669.2,0,measured
6,2024-01-23,7.783,667.8,0,measured
6,2024-01-24,7.79,668.4,0,measured
6,2024-01-25,7.803,669.7,0,measured
6,2024-01-26,7.813,667.6,0,measured
6,2024-01-27,7.872,668.6,0,measured
6,2024-01-28,7.774,667.1,0,measured
6,2024-01-29,7.744,667.2,0,measured
6,2024-01-30,7.788,666.2,0,measured
6,2024-01-31,7.862,664.8,0,measured
6,2024-02-01,7.869,662.2,0,measured
6,2024-02-02,7.921,662.4,0,measured
6,2024-02-03,7.894,664.6,0,measured
6,2024-02-04,7.9,665.5,0,measured
6,2024-02-05,7.743,664.8,0,measured
6,2024-02-06,7.802,666.0,0,measured
6,2024-02-07,7.696,668.3,0,measured
6,2024-02-08,7.698,672.3,0,measured
6,2024-02-09,7.673,672.0,0,measured
6,2024-02-10,7.764,669.5,0,measured
6,2024-02-11,7.816,670.1,0,measured
6,2024-02-12,7.726,662.9,0,measured
6,2024-02-13,7.753,661.7,0,measured
6,2024-02-14,7.861,662.6,0,measured
6,2024-02-15,7.869,662.8,0,measured
6,2024-02-16,7.909,668.1,0,measured
6,2024-02-17,7.839,672.8,0,measured
6,2024-02-18,7.956,670.2,0,measured
6,2024-02-19,7.922,673.0,0,measured
6,2024-02-20,7.969,673.0,0,measured
6,2024-02-21,7.702,676.6,0,measured
6,2024-02-22,7.477,673.8,0,measured
6,2024-02-23,7.533,677.1,0,measured
6,2024-02-24,7.476,672.9,0,measured
6,2024-02-25,7.545,673.3,0,measured
6,2024-02-26,7.629,672.2,0,measured
6,2024-02-27,7.632,671.8,0,measured
6,2024-02-28,7.71,673.8,0,measured
6,2024-02-29,7.704,672.2,0,measured
6,2024-03-01,7.778,673.7,0,measured
6,2024-03-02,7.805,669.1,0,measured
6,2024-03-03,7.775,670.7,0,measured
6,2024-03-04,7.653,672.4,0,measured
6,2024-03-05,7.653,672.0,0,measured
6,2024-03-06,7.735,673.0,0,measured
6,2024-03-07,7.714,667.9,0,measured
6,2024-03-08,7.782,663.2,0,measured
6,2024-03-09,7.764,660.4,0,measured
6,2024-03-10,7.7,663.6,0,measured
6,2024-03-11,7.73,660.7,0,measured
6,2024-03-12,7.814,660.4,0,measured
6,2024-03-13,7.801,656.6,0,measured
6,2024-03-14,7.836,656.6,0,measured
6,2024-03-15,7.951,661.8,0,measured
6,2024-03-16,7.876,666.0,0,measured
6,2024-03-17,7.875,665.2,0,measured
6,2024-03-18,7.908,657.2,0,measured
6,2024-03-19,7.927,656.3,0,measured
6,2024-03-20,7.871,649.3,0,measured
6,2024-03-21,7.919,646.7,0,measured
6,2024-03-22,7.951,648.7,0,measured
6,2024-03-23,7.988,649.7,0,measured
6,2024-03-24,7.938,653.4,0,measured
6,2024-03-25,7.982,651.1,0,measured
6,2024-03-26,7.973,656.4,0,measured
6,2024-03-27,7.998,652.3,0,measured
6,2024-03-28,8.053,658.4,0,measured
6,2024-03-29,7.987,660.6,0,measured
6,2024-03-30,8.014,658.1,0,measured
6,2024-03-31,8.015,657.6,0,measured
6,2024-04-01,7.997,658.7,0,measured
6,2024-04-02,8.031,662.1,0,measured
6,2024-04-03,7.969,660.0,0,measured
6,2024-04-04,8.028,662.3,0,measured
6,2024-04-05,7.981,661.1,0,measured
6,2024-04-06,8.016,659.3,0,measured
6,2024-04-07,8.01,659.8,0,measured
6,2024-04-08,8.058,666.0,0,measured
6,2024-04-09,8.022,668.7,0,measured
6,2024-04-10,8.056,667.0,0,measured
6,2024-04-11,8.061,665.6,0,measured
6,2024-04-12,8.115,670.5,0,measured
6,2024-04-13,7.981,665.0,0,measured
6,2024-04-14,8.001,670.9,0,measured
6,2024-04-15,8.045,674.3,0,measured
6,2024-04-16,7.972,674.2,0,measured
6,2024-04-17,7.981,678.1,0,measured
6,2024-04-18,7.819,678.5,0,measured
6,2024-04-19,7.84,679.0,0,measured
6,2024-04-20,7.767,678.0,0,measured
6,2024-04-21,7.596,677.9,0,measured
6,2024-04-22,7.66,679.6,0,measured
6,2024-04-23,7.612,685.0,0,measured
6,2024-04-24,7.23,685.0,0,measured
6,2024-04-25,7.298,686.4,0,measured
6,2024-04-26,7.28,684.3,0,measured
6,2024-04-27,7.345,685.4,0,measured
6,2024-04-28,7.411,689.2,0,measured
6,2024-04-29,7.475,686.3,0,measured
6,2024-04-30,7.515,683.0,0,measured
6,2024-05-01,7.583,685.8,0,measured
6,2024-05-02,7.617,682.4,0,measured
6,2024-05-03,7.642,684.4,0,measured
6,2024-05-04,7.735,687.9,0,measured
6,2024-05-05,7.764,687.1,0,measured
6,2024-05-06,7.798,686.3,0,measured
6,2024-05-07,7.824,686.2,0,measured
6,2024-05-08,7.822,687.6,0,measured
6,2024-05-09,7.817,690.7,0,measured
6,2024-05-10,7.883,688.0,0,measured
6,2024-05-11,7.906,688.8,0,measured
6,2024-05-12,7.938,689.6,0,measured
6,2024-05-13,7.841,687.7,0,measured
6,2024-05-14,7.866,686.1,0,measured
6,2024-05-15,7.853,685.3,0,measured
6,2024-05-16,7.943,685.6,0,measured
6,2024-05-17,7.939,683.0,0,measured
6,2024-05-18,7.826,681.5,0,measured
6,2024-05-19,7.778,678.4,0,measured
6,2024-05-20,7.547,682.0,0,measured
6,2024-05-21,7.455,677.9,0,measured
6,2024-05-22,7.558,678.3,0,measured
6,2024-05-23,7.583,673.2,0,measured
6,2024-05-24,7.397,668.4,0,measured
6,2024-05-25,7.534,668.9,0,measured
6,2024-05-26,7.42,668.9,0,measured
6,2024-05-27,6.911,667.1,0,measured
6,2024-05-28,7.031,657.6,0,measured
6,2024-05-29,7.077,660.7,0,measured
6,2024-05-30,7.199,663.6,0,measured
6,2024-05-31,7.205,665.4,0,measured
6,2024-06-01,7.199,664.6,0,measured
6,2024-06-02,6.87,666.8,0,measured
6,2024-06-03,7.007,670.2,0,measured
6,2024-06-04,7.067,667.5,0,measured
6,2024-06-05,6.79,663.5,0,measured
6,2024-06-06,6.95,663.6,0,measured
6,2024-06-07,6.987,669.5,0,measured
6,2024-06-08,6.927,668.8,0,measured
6,2024-06-09,6.969,670.3,0,measured
6,2024-06-10,6.697,670.1,0,measured
6,2024-06-11,6.585,661.8,0,measured
6,2024-06-12,6.639,665.3,0,measured
6,2024-06-13,6.807,665.0,0,measured
6,2024-06-14,6.654,664.4,0,measured
6,2024-06-15,6.763,665.3,0,measured
6,2024-06-16,6.566,664.9,0,measured
6,2024-06-17,6.399,666.5,0,measured
6,2024-06-18,6.337,670.8,0,measured
6,2024-06-19,6.284,672.8,0,measured
6,2024-06-20,6.394,669.7,0,measured
6,2024-06-21,6.127,669.7,0,measured
6,2024-06-22,6.257,670.4,0,measured
6,2024-06-23,6.222,668.9,0,measured
6,2024-06-24,6.142,673.9,0,measured
6,2024-06-25,6.331,679.4,0,measured
6,2024-06-26,6.083,678.7,0,measured
6,2024-06-27,6.298,676.6,0,measured
6,2024-06-28,6.399,676.6,0,measured
6,2024-06-29,6.545,671.5,0,measured
6,2024-06-30,6.727,669.3,0,measured
6,2024-07-01,6.566,668.4,0,measured
6,2024-07-02,6.647,667.0,0,measured
6,2024-07-03,6.767,664.3,0,measured
6,2024-07-04,6.847,664.2,0,measured
6,2024-07-05,6.566,667.9,0,measured
6,2024-07-06,6.674,666.7,0,measured
6,2024-07-07,6.416,670.7,0,measured
6,2024-07-08,6.547,671.2,0,measured
6,2024-07-09,6.229,671.1,0,measured
6,2024-07-10,6.355,670.6,0,measured
6,2024-07-11,6.384,668.3,0,measured
6,2024-07-12,6.124,672.6,0,measured
6,2024-07-13,6.323,670.6,0,measured
6,2024-07-14,6.078,665.0,0,measured
6,2024-07-15,5.75,664.2,0,measured
6,2024-07-16,5.986,661.8,0,measured
6,2024-07-17,5.69,664.6,0,measured
6,2024-07-18,5.827,659.6,0,measured
6,2024-07-19,6.06,656.3,0,measured
6,2024-07-20,5.169,659.5,0,measured
6,2024-07-21,5.431,659.8,0,measured
6,2024-07-22,5.299,665.2,0,measured
6,2024-07-23,5.3,666.9,0,measured
6,2024-07-24,4.961,667.8,0,measured
6,2024-07-25,5.192,664.3,0,measured
6,2024-07-26,4.585,665.5,0,measured
6,2024-07-27,4.851,664.6,0,measured
6,2024-07-28,5.138,664.3,0,measured
6,2024-07-29,5.442,665.3,0,measured
6,2024-07-30,5.185,655.8,0,measured
6,2024-07-31,5.423,655.1,0,measured
6,2024-08-01,5.16,654.4,0,measured
6,2024-08-02,5.419,656.4,0,measured
6,2024-08-03,5.348,654.1,0,measured
6,2024-08-04,5.648,650.9,0,measured
6,2024-08-05,5.288,653.9,0,measured
6,2024-08-06,5.519,651.8,0,measured
6,2024-08-07,5.194,656.8,0,measured
6,2024-08-08,5.121,654.4,0,measured
6,2024-08-09,5.352,650.1,0,measured
6,2024-08-10,5.478,649.8,0,measured
6,2024-08-11,5.711,649.5,0,measured
6,2024-08-12,5.807,646.3,0,measured
6,2024-08-13,6.027,647.7,0,measured
6,2024-08-14,5.548,647.7,0,measured
6,2024-08-15,5.86,649.7,0,measured
6,2024-08-16,5.892,651.5,0,measured
6,2024-08-17,6.114,656.0,0,measured
6,2024-08-18,5.854,653.4,0,measured
6,2024-08-19,6.057,657.5,0,measured
6,2024-08-20,6.246,659.4,0,measured
6,2024-08-21,6.419,662.7,0,measured
6,2024-08-22,6.577,663.6,0,measured
6,2024-08-23,6.62,667.0,0,measured
6,2024-08-24,6.818,665.3,0,measured
6,2024-08-25,6.767,664.9,0,measured
6,2024-08-26,6.87,660.8,0,measured
6,2024-08-27,6.714,659.3,0,measured
6,2024-08-28,6.856,660.6,0,measured
6,2024-08-29,6.977,659.2,0,measured
6,2024-08-30,6.731,657.1,0,measured
6,2024-08-31,6.586,657.8,0,measured
6,2024-09-01,6.561,662.7,0,measured
6,2024-09-02,6.544,663.5,0,measured
6,2024-09-03,6.557,664.1,0,measured
6,2024-09-04,6.631,661.3,0,measured
6,2024-09-05,6.63,659.2,0,measured
6,2024-09-06,6.78,656.3,0,measured
6,2024-09-07,6.92,653.3,0,measured
6,2024-09-08,6.985,656.4,0,measured
6,2024-09-09,7.125,655.6,0,measured
6,2024-09-10,7.139,657.1,0,measured
6,2024-09-11,7.188,657.8,0,measured
6,2024-09-12,7.137,656.3,0,measured
6,2024-09-13,7.237,657.5,0,measured
6,2024-09-14,6.792,654.4,0,measured
6,2024-09-15,6.861,655.2,0,measured
6,2024-09-16,6.96,655.5,0,measured
6,2024-09-17,6.692,653.4,0,measured
6,2024-09-18,6.878,651.7,0,measured
6,2024-09-19,6.932,648.5,0,measured
6,2024-09-20,7.046,650.2,0,measured
6,2024-09-21,7.123,653.1,0,measured
6,2024-09-22,7.208,653.7,0,measured
6,2024-09-23,7.278,659.5,0,measured
6,2024-09-24,7.305,659.0,0,measured
6,2024-09-25,7.372,661.3,0,measured
6,2024-09-26,7.499,663.5,0,measured
6,2024-09-27,7.502,665.0,0,measured
6,2024-09-28,7.467,670.4,0,measured
6,2024-09-29,7.437,667.5,0,measured
6,2024-09-30,7.554,667.0,0,measured
6,2024-10-01,7.588,664.5,0,measured
6,2024-10-02,7.623,666.4,0,measured
6,2024-10-03,7.544,661.0,0,measured
6,2024-10-04,7.527,660.4,0,measured
6,2024-10-05,7.623,658.8,0,measured
6,2024-10-06,7.583,661.5,0,measured
6,2024-10-07,7.685,664.1,0,measured
6,2024-10-08,7.712,663.0,0,measured
6,2024-10-09,7.739,661.7,0,measured
6,2024-10-10,7.792,660.8,0,measured
6,2024-10-11,7.789,657.5,0,measured
6,2024-10-12,7.8,656.4,0,measured
6,2024-10-13,7.887,655.7,0,measured
6,2024-10-14,7.882,654.8,0,measured
6,2024-10-15,7.96,653.0,0,measured
6,2024-10-16,7.927,653.9,0,measured
6,2024-10-17,7.962,650.5,0,measured
6,2024-10-18,7.988,651.2,0,measured
6,2024-10-19,7.936,644.4,0,measured
6,2024-10-20,7.986,640.7,0,measured
6,2024-10-21,8.067,639.1,0,measured
6,2024-10-22,7.999,637.6,0,measured
6,2024-10-23,7.939,633.2,0,measured
6,2024-10-24,7.945,637.4,0,measured
6,2024-10-25,8.057,636.9,0,measured
6,2024-10-26,8.02,636.3,0,measured
6,2024-10-27,7.987,637.8,0,measured
6,2024-10-28,8.015,642.6,0,measured
6,2024-10-29,8.049,642.6,0,measured
6,2024-10-30,8.028,641.7,0,measured
6,2024-10-31,8.071,639.7,0,measured
6,2024-11-01,8.045,643.8,0,measured
6,2024-11-02,8.092,642.8,0,measured
6,2024-11-03,8.09,646.9,0,measured
6,2024-11-04,8.124,641.9,0,measured
6,2024-11-05,8.135,642.3,0,measured
6,2024-11-06,8.08,645.5,0,measured
6,2024-11-07,8.165,642.3,0,measured
6,2024-11-08,8.114,649.2,0,measured
6,2024-11-09,8.125,644.5,0,measured
6,2024-11-10,8.126,644.1,0,measured
6,2024-11-11,8.057,642.0,0,measured
6,2024-11-12,8.062,640.5,0,measured
6,2024-11-13,8.07,644.2,0,measured
6,2024-11-14,8.055,646.9,0,measured
6,2024-11-15,8.152,650.9,0,measured
6,2024-11-16,8.132,652.3,0,measured
6,2024-11-17,8.106,653.2,0,measured
6,2024-11-18,8.078,657.0,0,measured
6,2024-11-19,8.146,655.7,0,measured
6,2024-11-20,7.877,657.7,0,measured
6,2024-11-21,7.907,662.4,0,measured
6,2024-11-22,7.924,662.9,0,measured
6,2024-11-23,7.929,663.5,0,measured
6,2024-11-24,7.958,665.3,0,measured
6,2024-11-25,7.978,661.5,0,measured
6,2024-11-26,7.955,659.4,0,measured
6,2024-11-27,7.947,657.4,0,measured
6,2024-11-28,7.954,653.7,0,measured
6,2024-11-29,7.946,653.9,0,measured
6,2024-11-30,7.944,655.1,0,measured
6,2024-12-01,7.913,649.1,0,measured
6,2024-12-02,7.959,651.0,0,measured
6,2024-12-03,8.046,648.9,0,measured
6,2024-12-04,7.951,648.7,0,measured
6,2024-12-05,7.974,646.6,0,measured
6,2024-12-06,8.049,649.1,0,measured
6,2024-12-07,7.986,647.6,0,measured
6,2024-12-08,7.996,651.4,0,measured
6,2024-12-09,8.047,648.3,0,measured
6,2024-12-10,8.021,648.3,0,measured
6,2024-12-11,8.041,651.8,0,measured
6,2024-12-12,8.155,650.1,0,measured
6,2024-12-13,8.158,651.7,0,measured
6,2024-12-14,8.093,655.2,0,measured
6,2024-12-15,8.076,652.3,0,measured
6,2024-12-16,8.152,651.3,0,measured
6,2024-12-17,8.132,647.6,0,measured
6,2024-12-18,8.135,648.8,0,measured
6,2024-12-19,8.14,650.5,0,measured
6,2024-12-20,8.151,646.5,0,measured
6,2024-12-21,8.171,644.7,0,measured
6,2024-12-22,8.188,644.6,0,measured
6,2024-12-23,8.155,645.3,0,measured
6,2024-12-24,8.166,651.1,0,measured
6,2024-12-25,8.137,650.5,0,measured
6,2024-12-26,8.192,652.4,0,measured
6,2024-12-27,8.15,654.7,0,measured
6,2024-12-28,8.12,653.3,0,measured
6,2024-12-29,8.105,648.7,0,measured
6,2024-12-30,8.1,653.5,0,measured
6,2024-12-31,8.12,655.3,0,measured
6,2025-01-01,7.859,656.2,0,measured
6,2025-01-02,7.857,657.6,0,measured
6,2025-01-03,7.895,653.8,0,measured
6,2025-01-04,7.941,650.2,0,measured
6,2025-01-05,7.967,651.4,0,measured
6,2025-01-06,7.557,653.9,0,measured
6,2025-01-07,7.695,656.5,0,measured
6,2025-01-08,7.7,657.9,0,measured
6,2025-01-09,7.598,654.2,0,measured
6,2025-01-10,7.586,655.8,0,measured
6,2025-01-11,7.711,655.4,0,measured
6,2025-01-12,7.712,655.0,0,measured
6,2025-01-13,7.777,656.5,0,measured
6,2025-01-14,7.765,655.5,0,measured
6,2025-01-15,7.897,654.8,0,measured
6,2025-01-16,7.83,651.8,0,measured
6,2025-01-17,7.833,651.0,0,measured
6,2025-01-18,7.896,651.5,0,measured
6,2025-01-19,7.869,648.5,0,measured
6,2025-01-20,7.953,648.6,0,measured
6,2025-01-21,8.008,646.7,0,measured
6,2025-01-22,7.988,645.7,0,measured
6,2025-01-23,8.059,651.7,0,measured
6,2025-01-24,8.057,654.1,0,measured
6,2025-01-25,8.091,654.2,0,measured
6,2025-01-26,8.091,651.4,0,measured
6,2025-01-27,8.066,655.6,0,measured
6,2025-01-28,8.061,652.4,0,measured
6,2025-01-29,8.097,655.8,0,measured
6,2025-01-30,8.076,655.1,0,measured
6,2025-01-31,8.153,658.1,0,measured
6,2025-02-01,8.13,656.0,0,measured
6,2025-02-02,8.088,655.8,0,measured
6,2025-02-03,8.119,654.3,0,measured
6,2025-02-04,8.087,661.9,0,measured
6,2025-02-05,8.16,657.0,0,measured
6,2025-02-06,8.145,657.7,0,measured
6,2025-02-07,8.147,654.0,0,measured
6,2025-02-08,8.046,655.2,0,measured
6,2025-02-09,8.012,652.0,0,measured
6,2025-02-10,7.946,655.1,0,measured
6,2025-02-11,7.961,653.1,0,measured
6,2025-02-12,7.918,654.4,0,measured
6,2025-02-13,7.933,659.6,0,measured
6,2025-02-14,7.989,655.5,0,measured
6,2025-02-15,7.986,655.6,0,measured
6,2025-02-16,7.981,659.8,0,measured
6,2025-02-17,8.074,654.4,0,measured
6,2025-02-18,8.043,656.3,0,measured
6,2025-02-19,8.027,658.5,0,measured
6,2025-02-20,8.098,658.6,0,measured
6,2025-02-21,8.029,656.9,0,measured
6,2025-02-22,8.04,653.8,0,measured
6,2025-02-23,8.059,656.2,0,measured
6,2025-02-24,8.076,654.0,0,measured
6,2025-02-25,8.102,651.9,0,measured
6,2025-02-26,8.149,652.2,0,measured
6,2025-02-27,8.136,652.5,0,measured
6,2025-02-28,8.147,649.9,0,measured
6,2025-03-01,8.095,649.4,0,measured
6,2025-03-02,8.048,652.3,0,measured
6,2025-03-03,8.111,647.4,0,measured
6,2025-03-04,8.121,648.4,0,measured
6,2025-03-05,8.216,647.1,0,measured
6,2025-03-06,8.15,651.6,0,measured
6,2025-03-07,8.169,649.3,0,measured
6,2025-03-08,8.203,652.1,0,measured
6,2025-03-09,8.221,649.6,0,measured
6,2025-03-10,8.168,653.9,0,measured
6,2025-03-11,8.169,656.0,0,measured
6,2025-03-12,8.236,656.7,0,measured
6,2025-03-13,8.233,660.3,0,measured
6,2025-03-14,8.208,656.5,0,measured
6,2025-03-15,8.212,659.8,0,measured
6,2025-03-16,8.214,665.7,0,measured
6,2025-03-17,8.253,663.6,0,measured
6,2025-03-18,8.188,668.4,0,measured
6,2025-03-19,8.252,666.7,0,measured
6,2025-03-20,8.178,672.3,0,measured
6,2025-03-21,8.17,674.0,0,measured
6,2025-03-22,8.168,670.3,0,measured
6,2025-03-23,8.172,673.6,0,measured
6,2025-03-24,8.209,673.8,0,measured
6,2025-03-25,8.066,670.4,0,measured
6,2025-03-26,8.06,666.8,0,measured
6,2025-03-27,8.071,667.4,0,measured
6,2025-03-28,8.067,665.9,0,measured
6,2025-03-29,8.07,668.6,0,measured
6,2025-03-30,8.046,668.7,0,measured
6,2025-03-31,8.109,664.1,0,measured
6,2025-04-01,8.128,659.1,0,measured
6,2025-04-02,8.107,658.1,0,measured
6,2025-04-03,7.889,654.1,0,measured
6,2025-04-04,7.907,655.9,0,measured
6,2025-04-05,7.87,660.0,0,measured
6,2025-04-06,7.983,656.7,0,measured
6,2025-04-07,7.855,652.5,0,measured
6,2025-04-08,7.924,653.1,0,measured
6,2025-04-09,7.962,655.2,0,measured
6,2025-04-10,7.887,660.0,0,measured
6,2025-04-11,7.956,659.5,0,measured
6,2025-04-12,7.94,665.1,0,measured
6,2025-04-13,7.946,666.7,0,measured
6,2025-04-14,8.024,659.2,0,measured
6,2025-04-15,7.852,663.7,0,measured
6,2025-04-16,7.806,666.3,0,measured
6,2025-04-17,7.884,667.0,0,measured
6,2025-04-18,7.851,666.6,0,measured
6,2025-04-19,7.824,668.0,0,measured
6,2025-04-20,7.862,667.8,0,measured
6,2025-04-21,7.441,667.7,0,measured
6,2025-04-22,7.479,666.9,0,measured
6,2025-04-23,7.485,668.1,0,measured
6,2025-04-24,7.535,670.2,0,measured
6,2025-04-25,7.604,670.9,0,measured
6,2025-04-26,7.465,674.1,0,measured
6,2025-04-27,7.581,676.3,0,measured
6,2025-04-28,7.56,678.8,0,measured
6,2025-04-29,7.489,681.6,0,measured
6,2025-04-30,7.514,677.7,0,measured
6,2025-05-01,7.349,675.8,0,measured
6,2025-05-02,7.458,678.5,0,measured
6,2025-05-03,7.479,682.5,0,measured
6,2025-05-04,7.6,683.7,0,measured
6,2025-05-05,7.613,682.1,0,measured
6,2025-05-06,7.634,679.7,0,measured
6,2025-05-07,7.704,676.8,0,measured
6,2025-05-08,7.82,675.9,0,measured
6,2025-05-09,7.862,675.1,0,measured
6,2025-05-10,7.775,674.4,0,measured
6,2025-05-11,7.782,673.3,0,measured
6,2025-05-12,7.825,674.6,0,measured
6,2025-05-13,7.703,672.0,0,measured
6,2025-05-14,7.786,668.1,0,measured
6,2025-05-15,7.714,664.6,0,measured
6,2025-05-16,7.743,663.9,0,measured
6,2025-05-17,7.759,663.1,0,measured
6,2025-05-18,7.829,668.5,0,measured
6,2025-05-19,7.895,667.6,0,measured
6,2025-05-20,7.897,664.4,0,measured
6,2025-05-21,7.563,657.7,0,measured
6,2025-05-22,7.585,662.0,0,measured
6,2025-05-23,7.637,662.1,0,measured
6,2025-05-24,7.69,659.9,0,measured
6,2025-05-25,7.588,659.2,0,measured
6,2025-05-26,7.7,659.5,0,measured
6,2025-05-27,7.025,660.2,0,measured
6,2025-05-28,7.089,660.4,0,measured
6,2025-05-29,7.243,664.0,0,measured
6,2025-05-30,7.25,669.6,0,measured
6,2025-05-31,7.388,665.8,0,measured
6,2025-06-01,7.424,665.3,0,measured
6,2025-06-02,7.098,662.0,0,measured
6,2025-06-03,6.987,665.4,0,measured
6,2025-06-04,6.731,664.0,0,measured
6,2025-06-05,6.822,664.8,0,measured
6,2025-06-06,6.978,665.7,0,measured
6,2025-06-07,7.083,669.4,0,measured
6,2025-06-08,7.159,665.7,0,measured
6,2025-06-09,7.028,663.9,0,measured
6,2025-06-10,6.56,667.2,0,measured
6,2025-06-11,6.736,668.2,0,measured
6,2025-06-12,6.856,668.7,0,measured
6,2025-06-13,6.858,663.0,0,measured
6,2025-06-14,6.997,664.5,0,measured
6,2025-06-15,7.067,658.9,0,measured
6,2025-06-16,6.929,652.0,0,measured
6,2025-06-17,6.292,649.0,0,measured
6,2025-06-18,6.162,646.4,0,measured
6,2025-06-19,5.748,648.0,0,measured
6,2025-06-20,5.694,651.6,0,measured
6,2025-06-21,5.896,654.3,0,measured
6,2025-06-22,6.071,654.9,0,measured
6,2025-06-23,6.281,659.0,0,measured
6,2025-06-24,5.975,655.0,0,measured
6,2025-06-25,5.935,650.2,0,measured
6,2025-06-26,5.839,656.9,0,measured
6,2025-06-27,5.281,660.3,0,measured
6,2025-06-28,5.212,658.7,0,measured
6,2025-06-29,4.723,655.7,0,measured
6,2025-06-30,4.92,662.6,0,measured
6,2025-07-01,4.839,659.6,0,measured
6,2025-07-02,4.052,662.6,0,measured
6,2025-07-03,4.161,664.4,0,measured
6,2025-07-04,4.284,666.2,0,measured
6,2025-07-05,4.73,667.6,0,measured
6,2025-07-06,4.581,669.0,0,measured
6,2025-07-07,4.838,670.8,0,measured
6,2025-07-08,5.122,672.0,0,measured
6,2025-07-09,4.909,669.9,0,measured
6,2025-07-10,5.024,672.8,0,measured
6,2025-07-11,5.269,673.0,0,measured
6,2025-07-12,5.094,675.0,0,measured
6,2025-07-13,5.147,675.4,0,measured
6,2025-07-14,5.415,675.7,0,measured
6,2025-07-15,5.499,673.0,0,measured
6,2025-07-16,5.703,667.1,0,measured
6,2025-07-17,5.354,670.5,0,measured
6,2025-07-18,5.406,669.9,0,measured
6,2025-07-19,5.481,672.5,0,measured
6,2025-07-20,5.726,667.6,0,measured
6,2025-07-21,5.795,668.6,0,measured
6,2025-07-22,5.986,668.4,0,measured
6,2025-07-23,5.97,667.4,0,measured
6,2025-07-24,6.056,667.4,0,measured
6,2025-07-25,6.219,667.6,0,measured
6,2025-07-26,5.933,664.7,0,measured
6,2025-07-27,5.669,662.1,0,measured
6,2025-07-28,5.769,662.9,0,measured
6,2025-07-29,5.168,665.1,0,measured
6,2025-07-30,4.996,667.6,0,measured
6,2025-07-31,5.246,660.4,0,measured
6,2025-08-01,5.195,656.5,0,measured
6,2025-08-02,5.423,659.1,0,measured
6,2025-08-03,5.451,657.5,0,measured
6,2025-08-04,5.345,658.3,0,measured
6,2025-08-05,4.831,660.4,0,measured
6,2025-08-06,5.01,654.7,0,measured
6,2025-08-07,5.269,658.4,0,measured
6,2025-08-08,5.356,662.4,0,measured
6,2025-08-09,5.564,661.3,0,measured
6,2025-08-10,5.832,664.8,0,measured
6,2025-08-11,4.841,663.3,0,measured
6,2025-08-12,5.024,663.4,0,measured
6,2025-08-13,4.981,666.7,0,measured
6,2025-08-14,4.922,667.8,0,measured
6,2025-08-15,5.219,670.2,0,measured
6,2025-08-16,5.504,673.0,0,measured
6,2025-08-17,5.707,670.4,0,measured
6,2025-08-18,5.918,669.6,0,measured
6,2025-08-19,5.853,667.5,0,measured
6,2025-08-20,5.846,667.3,0,measured
6,2025-08-21,5.923,661.8,0,measured
6,2025-08-22,5.919,661.5,0,measured
6,2025-08-23,6.049,664.3,0,measured
6,2025-08-24,6.12,662.8,0,measured
6,2025-08-25,6.319,662.1,0,measured
6,2025-08-26,6.045,661.2,0,measured
6,2025-08-27,6.118,660.8,0,measured
6,2025-08-28,6.306,657.8,0,measured
6,2025-08-29,6.494,662.9,0,measured
6,2025-08-30,6.694,668.7,0,measured
6,2025-08-31,6.758,665.2,0,measured
6,2025-09-01,6.876,667.0,0,measured
6,2025-09-02,6.931,667.9,0,measured
6,2025-09-03,6.789,672.3,0,measured
6,2025-09-04,6.878,674.0,0,measured
6,2025-09-05,7.003,669.1,0,measured
6,2025-09-06,7.114,664.9,0,measured
6,2025-09-07,7.199,661.5,0,measured
6,2025-09-08,7.313,661.0,0,measured
6,2025-09-09,7.168,662.4,0,measured
6,2025-09-10,7.082,665.4,0,measured
6,2025-09-11,7.06,662.6,0,measured
6,2025-09-12,7.144,664.1,0,measured
6,2025-09-13,7.001,658.7,0,measured
6,2025-09-14,7.094,655.0,0,measured
6,2025-09-15,7.167,655.4,0,measured
6,2025-09-16,7.288,653.6,0,measured
6,2025-09-17,7.38,649.6,0,measured
6,2025-09-18,7.429,647.4,0,measured
6,2025-09-19,7.538,649.3,0,measured
6,2025-09-20,7.629,648.3,0,measured
6,2025-09-21,7.268,644.8,0,measured
6,2025-09-22,7.323,644.7,0,measured
6,2025-09-23,7.378,645.1,0,measured
6,2025-09-24,7.452,645.1,0,measured
6,2025-09-25,7.46,640.6,0,measured
6,2025-09-26,7.316,648.7,0,measured
6,2025-09-27,7.366,658.1,0,measured
6,2025-09-28,7.369,654.2,0,measured
6,2025-09-29,7.399,654.3,0,measured
6,2025-09-30,7.275,655.6,0,measured
6,2025-10-01,7.236,654.2,0,measured
6,2025-10-02,7.332,649.1,0,measured
6,2025-10-03,7.397,648.8,0,measured
6,2025-10-04,7.488,649.0,0,measured
6,2025-10-05,7.566,651.5,0,measured
6,2025-10-06,7.64,650.8,0,measured
6,2025-10-07,7.71,648.2,0,measured
6,2025-10-08,7.7,649.4,0,measured
6,2025-10-09,7.668,651.2,0,measured
6,2025-10-10,7.736,657.2,0,measured
6,2025-10-11,7.799,653.7,0,measured
6,2025-10-12,7.859,652.2,0,measured
6,2025-10-13,7.84,651.1,0,measured
6,2025-10-14,7.919,652.5,0,measured
6,2025-10-15,7.93,650.9,0,measured
6,2025-10-16,7.93,653.3,0,measured
6,2025-10-17,8.02,652.9,0,measured
6,2025-10-18,8.057,654.6,0,measured
6,2025-10-19,8.025,653.7,0,measured
6,2025-10-20,8.014,653.5,0,measured
6,2025-10-21,8.075,654.6,0,measured
6,2025-10-22,8.045,653.8,0,measured
6,2025-10-23,8.08,649.5,0,measured
6,2025-10-24,8.011,649.3,0,measured
6,2025-10-25,8.096,645.2,0,measured
6,2025-10-26,8.078,641.2,0,measured
6,2025-10-27,8.006,641.6,0,measured
6,2025-10-28,8.001,638.5,0,measured
6,2025-10-29,8.071,635.9,0,measured
6,2025-10-30,8.103,636.2,0,measured
6,2025-10-31,8.122,635.4,0,measured
6,2025-11-01,8.086,636.1,0,measured
6,2025-11-02,7.968,642.6,0,measured
6,2025-11-03,8.01,642.5,0,measured
6,2025-11-04,7.989,645.4,0,measured
6,2025-11-05,8.039,649.5,0,measured
6,2025-11-06,8.077,652.8,0,measured
6,2025-11-07,8.113,650.5,0,measured
6,2025-11-08,8.152,649.2,0,measured
6,2025-11-09,8.14,647.3,0,measured
6,2025-11-10,8.219,648.2,0,measured
6,2025-11-11,8.121,642.7,0,measured
6,2025-11-12,8.195,649.2,0,measured
6,2025-11-13,8.221,646.3,0,measured
6,2025-11-14,8.17,642.3,0,measured
6,2025-11-15,8.248,637.2,0,measured
6,2025-11-16,8.055,636.9,0,measured
6,2025-11-17,8.068,634.9,0,measured
6,2025-11-18,8.036,631.9,0,measured
6,2025-11-19,8.058,632.0,0,measured
6,2025-11-20,8.196,636.8,0,measured
6,2025-11-21,8.149,642.1,0,measured
6,2025-11-22,8.15,641.0,0,measured
6,2025-11-23,8.098,648.7,0,measured
6,2025-11-24,8.05,650.4,0,measured
6,2025-11-25,8.126,650.1,0,measured
6,2025-11-26,8.128,645.3,0,measured
6,2025-11-27,8.076,643.9,0,measured
6,2025-11-28,8.11,644.0,0,measured
6,2025-11-29,8.134,636.9,0,measured
6,2025-11-30,8.174,633.9,0,measured
6,2025-12-01,8.11,634.9,0,measured
6,2025-12-02,8.139,632.9,0,measured
6,2025-12-03,8.11,639.1,0,measured
6,2025-12-04,8.064,638.0,0,measured
6,2025-12-05,8.081,636.2,0,measured
6,2025-12-06,8.089,636.5,0,measured
6,2025-12-07,8.133,636.1,0,measured
6,2025-12-08,8.111,633.1,0,measured
6,2025-12-09,8.147,634.0,0,measured
6,2025-12-10,8.218,632.7,0,measured
6,2025-12-11,8.186,629.0,0,measured
6,2025-12-12,8.207,631.8,0,measured
6,2025-12-13,8.231,635.0,0,measured
6,2025-12-14,8.242,633.7,0,measured
6,2025-12-15,8.277,632.3,0,measured
6,2025-12-16,8.203,628.7,0,measured
6,2025-12-17,8.224,629.9,0,measured
6,2025-12-18,8.278,625.0,0,measured
6,2025-12-19,8.271,622.8,0,measured
6,2025-12-20,8.227,622.6,0,measured
6,2025-12-21,8.242,619.6,0,measured
6,2025-12-22,8.085,620.1,0,measured
6,2025-12-23,7.95,620.5,0,measured
6,2025-12-24,7.974,621.2,0,measured
6,2025-12-25,8.007,623.8,0,measured
6,2025-12-26,8.102,620.8,0,measured
6,2025-12-27,8.047,620.4,0,measured
6,2025-12-28,8.116,621.1,0,measured
6,2025-12-29,8.113,627.7,0,measured
6,2025-12-30,8.111,629.4,0,measured
6,2025-12-31,8.158,633.4,0,measured
6,2026-01-01,8.177,635.5,0,measured
6,2026-01-02,8.219,638.1,0,measured
6,2026-01-03,8.242,637.7,0,measured
6,2026-01-04,8.299,640.9,0,measured
6,2026-01-05,8.245,642.8,0,measured
6,2026-01-06,8.067,644.2,0,measured
6,2026-01-07,8.126,641.5,0,measured
6,2026-01-08,8.116,637.7,0,measured
6,2026-01-09,8.12,634.2,0,measured
6,2026-01-10,8.207,637.7,0,measured
6,2026-01-11,8.197,642.2,0,measured
6,2026-01-12,8.189,642.2,0,measured
6,2026-01-13,8.166,645.6,0,measured
6,2026-01-14,8.112,645.2,0,measured
6,2026-01-15,8.167,647.9,0,measured
6,2026-01-16,8.211,649.5,0,measured
6,2026-01-17,8.232,651.7,0,measured
6,2026-01-18,8.25,651.9,0,measured
6,2026-01-19,8.299,651.1,0,measured
6,2026-01-20,8.286,650.4,0,measured
6,2026-01-21,8.264,658.8,0,measured
6,2026-01-22,8.27,659.2,0,measured
6,2026-01-23,8.304,655.0,0,measured
6,2026-01-24,8.317,658.5,0,measured
6,2026-01-25,8.306,656.8,0,measured
6,2026-01-26,8.343,655.5,0,measured
6,2026-01-27,8.328,654.2,0,measured
6,2026-01-28,8.303,652.3,0,measured
6,2026-01-29,8.336,648.0,0,measured
6,2026-01-30,8.279,652.7,0,measured
6,2026-01-31,8.287,651.4,0,measured
6,2026-02-01,8.36,654.8,0,measured
6,2026-02-02,8.343,654.6,0,measured
6,2026-02-03,8.363,652.3,0,measured
6,2026-02-04,8.318,655.3,0,measured
6,2026-02-05,8.284,654.9,0,measured
6,2026-02-06,8.325,657.0,0,measured
6,2026-02-07,8.337,653.2,0,measured
6,2026-02-08,8.389,652.5,0,measured
6,2026-02-09,8.345,652.5,0,measured
6,2026-02-10,8.371,652.7,0,measured
6,2026-02-11,8.352,652.8,0,measured
6,2026-02-12,8.345,651.4,0,measured
6,2026-02-13,8.366,651.1,0,measured
6,2026-02-14,8.368,656.3,0,measured
6,2026-02-15,8.339,649.5,0,measured
6,2026-02-16,8.379,646.9,0,measured
6,2026-02-17,8.321,643.7,0,measured
6,2026-02-18,8.346,647.1,0,measured
6,2026-02-19,8.379,644.9,0,measured
6,2026-02-20,8.387,648.2,0,measured
6,2026-02-21,8.367,647.7,0,measured
6,2026-02-22,8.22,646.1,0,measured
6,2026-02-23,8.142,643.5,0,measured
6,2026-02-24,8.171,642.2,0,measured
6,2026-02-25,8.118,642.1,0,measured
6,2026-02-26,8.135,642.7,0,measured
6,2026-02-27,8.121,646.3,0,measured
6,2026-02-28,8.184,646.7,0,measured
6,2026-03-01,8.072,647.0,0,measured
6,2026-03-02,8.093,645.9,0,measured
6,2026-03-03,8.122,647.0,0,measured
6,2026-03-04,8.085,645.8,0,measured
6,2026-03-05,8.048,645.7,0,measured
6,2026-03-06,8.12,645.4,0,measured
6,2026-03-07,8.11,645.1,0,measured
6,2026-03-08,8.132,646.5,0,measured
6,2026-03-09,8.122,645.1,0,measured
6,2026-03-10,8.186,646.5,0,measured
6,2026-03-11,8.195,644.8,0,measured
6,2026-03-12,8.18,645.6,0,measured
6,2026-03-13,8.213,642.4,0,measured
6,2026-03-14,8.2,642.0,0,measured
6,2026-03-15,8.269,643.9,0,measured
6,2026-03-16,8.272,645.6,0,measured
6,2026-03-17,8.272,640.2,0,measured
6,2026-03-18,8.268,639.2,0,measured
6,2026-03-19,8.238,641.5,0,measured
6,2026-03-20,8.3,645.0,0,measured
6,2026-03-21,8.286,643.1,0,measured
6,2026-03-22,8.304,646.1,0,measured
6,2026-03-23,8.356,646.8,0,measured
6,2026-03-24,8.328,651.1,0,measured
6,2026-03-25,8.352,651.5,0,measured
6,2026-03-26,8.261,651.9,0,measured
6,2026-03-27,8.359,650.4,0,measured
6,2026-03-28,8.347,650.4,0,measured
6,2026-03-29,8.308,644.7,0,measured
6,2026-03-30,8.181,644.2,0,measured
6,2026-03-31,8.189,642.2,0,measured
6,2026-04-01,8.23,640.4,0,measured
6,2026-04-02,8.248,637.7,0,measured
6,2026-04-03,8.236,639.0,0,measured
6,2026-04-04,8.255,639.7,0,measured
6,2026-04-05,8.252,637.9,0,measured
6,2026-04-06,8.272,640.2,0,measured
6,2026-04-07,8.241,641.9,0,measured
6,2026-04-08,8.19,644.5,0,measured
6,2026-04-09,8.269,642.0,0,measured
6,2026-04-10,8.16,638.4,0,measured
6,2026-04-11,7.862,636.8,0,measured
6,2026-04-12,7.868,638.6,0,measured
6,2026-04-13,7.713,640.7,0,measured
6,2026-04-14,7.752,637.1,0,measured
6,2026-04-15,7.821,640.2,0,measured
6,2026-04-16,7.84,637.2,0,measured
6,2026-04-17,7.897,637.0,0,measured
6,2026-04-18,7.852,636.3,0,measured
6,2026-04-19,7.946,633.8,0,measured
6,2026-04-20,7.786,635.9,0,measured
6,2026-04-21,7.922,638.9,0,measured
6,2026-04-22,7.875,639.7,0,measured
6,2026-04-23,7.686,641.1,0,measured
6,2026-04-24,7.769,644.2,0,measured
6,2026-04-25,7.825,644.3,0,measured
6,2026-04-26,7.865,642.4,0,measured
6,2026-04-27,7.807,643.2,0,measured
6,2026-04-28,7.865,644.8,0,measured
6,2026-04-29,7.873,646.7,0,measured
6,2026-04-30,7.933,644.4,0,measured
6,2026-05-01,7.963,646.3,0,measured
6,2026-05-02,7.706,646.4,0,measured
6,2026-05-03,7.693,643.3,0,measured
6,2026-05-04,7.567,645.7,0,measured
6,2026-05-05,7.58,646.1,0,measured
6,2026-05-06,7.65,649.2,0,measured
6,2026-05-07,7.731,648.1,0,measured
6,2026-05-08,7.663,643.7,0,measured
6,2026-05-09,7.755,645.8,0,measured
6,2026-05-10,7.142,643.0,0,measured
6,2026-05-11,7.039,643.1,0,measured
6,2026-05-12,7.172,645.5,0,measured
6,2026-05-13,7.259,647.8,0,measured
6,2026-05-14,7.432,647.0,0,measured
6,2026-05-15,7.254,647.7,0,measured
6,2026-05-16,7.328,650.8,0,measured
6,2026-05-17,7.43,651.6,0,measured
6,2026-05-18,7.437,651.4,0,measured
6,2026-05-19,7.55,652.5,0,measured
6,2026-05-20,7.269,656.1,0,measured
6,2026-05-21,7.358,653.0,0,measured
6,2026-05-22,7.459,652.0,0,measured
6,2026-05-23,7.506,652.2,0,measured
6,2026-05-24,7.498,650.3,0,measured
6,2026-05-25,7.62,654.3,0,measured
6,2026-05-26,7.696,657.6,0,measured
6,2026-05-27,7.293,653.5,0,measured
6,2026-05-28,7.083,654.0,0,measured
6,2026-05-29,7.205,657.1,0,measured
6,2026-05-30,7.303,659.1,0,measured
6,2026-05-31,6.968,656.9,0,measured
6,2026-06-01,6.968,660.4,0,measured
6,2026-06-02,6.916,663.5,0,measured
6,2026-06-03,6.441,665.0,0,measured
6,2026-06-04,6.579,662.9,0,measured
